-- phpMyAdmin SQL Dump
-- version 4.5.2
-- http://www.phpmyadmin.net
--
-- Host: localhost
-- Generation Time: May 08, 2017 at 02:01 م
-- Server version: 10.1.13-MariaDB
-- PHP Version: 5.6.20

SET SQL_MODE = "NO_AUTO_VALUE_ON_ZERO";
SET time_zone = "+00:00";


/*!40101 SET @OLD_CHARACTER_SET_CLIENT=@@CHARACTER_SET_CLIENT */;
/*!40101 SET @OLD_CHARACTER_SET_RESULTS=@@CHARACTER_SET_RESULTS */;
/*!40101 SET @OLD_COLLATION_CONNECTION=@@COLLATION_CONNECTION */;
/*!40101 SET NAMES utf8mb4 */;

--
-- Database: `alia`
--

-- --------------------------------------------------------

--
-- Table structure for table `about_us`
--

CREATE TABLE `about_us` (
  `id` int(11) NOT NULL,
  `title_ar` varchar(255) NOT NULL,
  `desc_ar` text NOT NULL,
  `title_en` varchar(255) NOT NULL,
  `desc_en` text NOT NULL,
  `image` varchar(255) NOT NULL
) ENGINE=InnoDB DEFAULT CHARSET=utf8;

--
-- Dumping data for table `about_us`
--

INSERT INTO `about_us` (`id`, `title_ar`, `desc_ar`, `title_en`, `desc_en`, `image`) VALUES
(1, 'ناشيونال ايجيبت للسياحة', 'نعرف ما تستحق -  we know what you deserve \r\nهذا هو الشعار الذي تم اختيارة منذ اليوم الاول لانشاء شركة ناشيونال ايجيبت للسياحة فى فبراير 1997 و هو يعبر عن تقديرنا الكامل لكل عملاء شركتنا المميزون لاننا و بحق نقدم كافة الخدمات التى يستحقها عميلنا الذي يثق بأننا نستطيع تلبية كافة الخدمات التى يحتاحها بأفضل شكل ممكن مقدرين تماما قيمة الوقت و المال فى حياة عملائنا.\r\n<br>\r\nرؤية ناشيونال ايجيبت قائمة على روح العائلة لذا يعتبر كافة موظفينا و عملائنا جزء من عائلتنا الكبيرة لذا كل منا يساهم بما يستطيع لنجاح هذه العائلة.\r\n<br>\r\nعندما تجتمع معانى الرفاهية مع الاحسان فى العبادة على خطى سيد الخلق سيدنا و حبيبنا و شفيعنا محمد صلى الله علية و سلم فإن الاختيار الافضل لعملائنا الكرام بالتاكيد هو ناشيونال ايجيبت للسياحة .\r\n<br>\r\nرحلات الحج و العمرة بمفهوم ناشيونال ايجيبت للسياحة ليست فقط مناسك تؤدي .  انما هى رحلة روحية تنقى الروح و القلب و الجسد و ندرك فيها المعنى الحقيقى لوجودنا فى الحياة لنصل لمرحلة السكينة و حسن الظن بالله . دور ناشيونال ايجيبت فيها هو توفير كل سبل الرعاية و الرفاهية مما يعطى عميلنا الفرصة كاملة للتفرغ للعبادة باخلاص و احسان …\r\n\r\n\r\n', 'test', 'نعرف ما تستحق -  we know what you deserve \r\nهذا هو الشعار الذي تم اختيارة منذ اليوم الاول لانشاء شركة ناشيونال ايجيبت للسياحة فى فبراير 1997 و هو يعبر عن تقديرنا الكامل لكل عملاء شركتنا المميزون لاننا و بحق نقدم كافة الخدمات التى يستحقها عميلنا الذي يثق بأننا نستطيع تلبية كافة الخدمات التى يحتاحها بأفضل شكل ممكن مقدرين تماما قيمة الوقت و المال فى حياة عملائنا \r\n<br>\r\nرؤية ناشيونال ايجيبت قائمة على روح العائلة لذا يعتبر كافة موظفينا و عملائنا جزء من عائلتنا الكبيرة لذا كل منا يساهم بما يستطيع لنجاح هذه العائلة\r\n<br>\r\nعندما تجتمع معانى الرفاهية مع الاحسان فى العبادة على خطى سيد الخلق سيدنا و حبيبنا و شفيعنا محمد صلى الله علية و سلم فإن الاختيار الافضل لعملائنا الكرام بالتاكيد هو ناشيونال ايجيبت للسياحة .\r\n<br>\r\nرحلات الحج و العمرة بمفهوم ناشيونال ايجيبت للسياحة ليست فقط مناسك تؤدي .  انما هى رحلة روحية تنقى الروح و القلب و الجسد و ندرك فيها المعنى الحقيقى لوجودنا فى الحياة لنصل لمرحلة السكينة و حسن الظن بالله . دور ناشيونال ايجيبت فيها هو توفير كل سبل الرعاية و الرفاهية مما يعطى عميلنا الفرصة كاملة للتفرغ للعبادة باخلاص و احسان …\r\n\r\n\r\n"', 's_641910_about.jpg');

-- --------------------------------------------------------

--
-- Table structure for table `advantages_images`
--

CREATE TABLE `advantages_images` (
  `id` int(11) NOT NULL,
  `image` varchar(255) NOT NULL
) ENGINE=InnoDB DEFAULT CHARSET=utf8;

--
-- Dumping data for table `advantages_images`
--

INSERT INTO `advantages_images` (`id`, `image`) VALUES
(221, '20160111-003701-204.png'),
(222, '20160111-003702-650.png'),
(224, '20160111-003703-70.png'),
(225, '20160111-003704-666.png'),
(228, '20160111-003705-187.png'),
(238, '20160111-003706-555.png'),
(240, '20160111-003707-315.png'),
(243, '20160111-003709-777.png'),
(245, '20160111-003710-264.png'),
(248, '20160111-003711-814.png'),
(250, '20160111-003712-476.png'),
(253, '20160111-003713-625.png'),
(261, '20160111-003714-595.png'),
(280, '20160111-003715-1116.png'),
(282, '20160111-003716-768.png'),
(286, '20160111-003717-754.png'),
(292, '20160111-003718-441.png'),
(296, '20160111-003719-648.png'),
(303, '20160111-003720-552.png'),
(325, '20160111-003721-986.png'),
(335, '20160111-003722-952.png'),
(337, '20160111-003723-1122.png'),
(338, '20160111-003724-1221.png'),
(339, '20160111-003725-756.png'),
(341, '20160111-003726-924.png'),
(342, '20160111-003727-899.png'),
(358, '20160111-003728-1023.png'),
(361, '20160111-003729-1120.png'),
(375, '20160111-003730-1190.png'),
(376, '20160111-003731-1332.png'),
(388, '20160111-003732-1225.png'),
(394, '20160111-003733-1260.png'),
(398, '20160111-003734-1296.png'),
(400, '20160111-003735-1369.png'),
(401, '20160111-003737-1369.png'),
(437, '20160111-003738-1369.png'),
(441, '20160111-003739-1444.png'),
(442, '20160111-003740-1482.png'),
(443, '20160111-003741-1520.png'),
(444, '20160111-003742-1640.png'),
(446, '20160111-003743-1681.png'),
(447, '20160111-003744-1681.png'),
(449, '20160111-003745-1672.png'),
(460, '20160111-003746-1760.png'),
(465, '20160111-003747-1560.png'),
(467, '20160111-003748-1824.png'),
(469, '20160111-003749-1776.png'),
(481, '20160111-003750-2025.png'),
(489, '20160111-003751-2112.png'),
(515, '20160111-003752-1976.png'),
(517, '20160111-003753-1560.png'),
(524, '20160111-003754-1938.png'),
(525, '20160111-003755-2205.png'),
(529, '20160111-003756-2070.png'),
(530, '20160111-003757-1900.png'),
(531, '20160111-003758-1804.png'),
(532, '20160111-003759-2756.png'),
(533, '20160111-003800-45.png'),
(539, '20160111-003801-589.png'),
(540, '20160111-003803-209.png'),
(541, '20160111-003804-300.png'),
(557, '20160111-003805-280.png'),
(570, '20160111-003806-532.png'),
(576, '20160111-003807-1155.png'),
(580, '20160111-003808-1050.png'),
(581, '20160111-003809-1110.png'),
(591, '20160111-003810-840.png'),
(592, '20160111-003811-1188.png'),
(611, '20160111-003812-650.png'),
(636, '20160111-003813-726.png'),
(655, '20160111-003814-494.png'),
(656, '20160111-003815-884.png'),
(671, '20160111-003816-783.png'),
(679, '20160111-003817-1406.png'),
(680, '20160111-003818-702.png'),
(684, '20160111-003819-770.png'),
(689, '20160111-003820-891.png'),
(690, '20160111-003821-624.png'),
(691, '20160111-003822-912.png'),
(697, '20160111-003823-1406.png'),
(699, '20160111-003824-1295.png'),
(700, '20160111-003825-986.png'),
(701, '20160111-003826-1188.png'),
(702, '20160111-003827-1140.png'),
(703, '20160111-003828-1216.png'),
(704, '20160111-003829-1292.png'),
(714, '20160111-003831-1225.png'),
(715, '20160111-003832-1330.png'),
(716, '20160111-003833-1330.png'),
(717, '20160111-003834-1368.png'),
(718, '20160111-003835-1444.png'),
(719, '20160111-003836-1444.png'),
(725, '20160111-003837-1444.png'),
(740, '20160111-003838-1444.png'),
(741, '20160111-003839-1521.png'),
(744, '20160111-003840-1600.png'),
(750, '20160111-003841-1599.png'),
(751, '20160111-003842-1558.png'),
(753, '20160111-003843-1764.png'),
(754, '20160111-003844-1849.png'),
(760, '20160111-003845-1804.png'),
(762, '20160111-003846-1886.png'),
(769, '20160111-003847-1638.png'),
(770, '20160111-003848-1634.png'),
(772, '20160111-003849-1968.png'),
(773, '20160111-003850-1640.png'),
(776, '20160111-003851-1638.png'),
(778, '20160111-003852-2028.png'),
(785, '20160111-003853-2350.png'),
(792, '20160111-003854-2346.png'),
(796, '20160111-003855-2100.png'),
(801, '20160111-003856-2576.png'),
(805, '20160111-003858-2436.png'),
(809, '20160111-003859-2052.png'),
(820, '20160111-003900-27.png'),
(821, '20160111-003901-500.png'),
(822, '20160111-003902-128.png'),
(826, '20160111-003903-1026.png'),
(851, '20160111-003904-150.png'),
(852, '20160111-003905-230.png'),
(857, '20160111-003906-306.png'),
(867, '20160111-003907-1287.png'),
(874, '20160111-003908-578.png'),
(893, '20160111-003909-828.png'),
(895, '20160111-003910-234.png'),
(897, '20160111-003911-507.png'),
(902, '20160111-003912-621.png'),
(903, '20160111-003913-360.png'),
(904, '20160111-003914-384.png'),
(907, '20160111-003915-775.png'),
(909, '20160111-003916-440.png'),
(916, '20160111-003917-1170.png'),
(918, '20160111-003918-768.png'),
(934, '20160111-003919-750.png'),
(936, '20160111-003920-550.png'),
(938, '20160111-003921-868.png'),
(939, '20160111-003922-725.png'),
(942, '20160111-003924-1088.png'),
(961, '20160111-003925-1209.png'),
(962, '20160111-003926-840.png'),
(975, '20160111-003927-1287.png'),
(976, '20160111-003928-1216.png'),
(977, '20160111-003929-1155.png'),
(984, '20160111-003930-1254.png'),
(986, '20160111-003931-1292.png'),
(988, '20160111-003932-1260.png'),
(990, '20160111-003933-1404.png'),
(1022, '20160111-003934-1296.png'),
(1023, '20160111-003935-1482.png'),
(1024, '20160111-003936-1444.png'),
(1037, '20160111-003937-1521.png'),
(1038, '20160111-003938-1521.png'),
(1039, '20160111-003939-1521.png'),
(1055, '20160111-003940-1560.png'),
(1060, '20160111-003941-1600.png'),
(1061, '20160111-003942-1521.png'),
(1068, '20160111-003943-1763.png'),
(1074, '20160111-003944-1599.png'),
(1076, '20160111-003945-1677.png'),
(1078, '20160111-003946-1680.png'),
(1079, '20160111-003947-1927.png'),
(1096, '20160111-003948-2016.png'),
(1099, '20160111-003949-2254.png'),
(1101, '20160111-003950-1968.png'),
(1104, '20160111-003951-2107.png'),
(1105, '20160111-003953-2499.x-icon'),
(1106, '20160111-003954-1681.png'),
(1107, '20160111-003955-2420.png'),
(1108, '20160111-003956-1968.png'),
(1109, '20160111-003957-2600.jpg'),
(1110, '20160111-003958-2028.jpg'),
(1111, '20160111-003959-2907.png'),
(1112, '20160111-004000-640.png'),
(1113, '20160111-004001-578.png'),
(1114, '20160111-004002-324.png'),
(1115, '20160111-004003-340.png'),
(1116, '20160111-004004-391.png'),
(1117, '20160111-004005-1200.png'),
(1118, '20160111-004006-891.png'),
(1119, '20160111-004007-555.png'),
(1120, '20160111-004008-585.png'),
(1121, '20160111-004009-770.png'),
(1122, '20160111-004010-276.jpg'),
(1123, '20160111-004011-988.jpg');

-- --------------------------------------------------------

--
-- Table structure for table `airlines`
--

CREATE TABLE `airlines` (
  `id` int(11) NOT NULL,
  `title_ar` varchar(255) NOT NULL,
  `title_en` varchar(255) NOT NULL,
  `created_by` int(11) NOT NULL
) ENGINE=InnoDB DEFAULT CHARSET=utf8;

--
-- Dumping data for table `airlines`
--

INSERT INTO `airlines` (`id`, `title_ar`, `title_en`, `created_by`) VALUES
(5, 'مصر للطيران', 'Egypt Air', 141),
(7, 'الخطوط السعودية', 'Saudi Airline', 141),
(8, 'طيران النيل', 'Nile Air', 141),
(9, 'اير كايرو', 'Air Cairo', 141),
(10, 'اير ليجر', 'Air Ligere', 141),
(11, 'طيران ناس', 'Nass Air', 141),
(12, 'طيران نسمة', 'Nesma Air Lines', 141),
(13, 'الخطوط العربية', 'Arabia Air lines', 141);

-- --------------------------------------------------------

--
-- Table structure for table `companies`
--

CREATE TABLE `companies` (
  `id` int(11) NOT NULL,
  `title_ar` varchar(50) DEFAULT NULL,
  `title_en` varchar(50) NOT NULL,
  `address_ar` varchar(250) DEFAULT NULL,
  `address_en` varchar(255) NOT NULL,
  `phone` varchar(55) DEFAULT NULL,
  `email` varchar(50) DEFAULT NULL,
  `active` tinyint(1) DEFAULT '1',
  `created_by` int(11) NOT NULL
) ENGINE=InnoDB DEFAULT CHARSET=utf8;

--
-- Dumping data for table `companies`
--

INSERT INTO `companies` (`id`, `title_ar`, `title_en`, `address_ar`, `address_en`, `phone`, `email`, `active`, `created_by`) VALUES
(58, 'المصرية', 'travlla', 'aaa', 'aaaaسسسس', '1114', 'travlla@e-travelgate.com', 1, 97),
(59, 'travlla', '067f1872b94a49fdc725089614b63d53', 'aaa', 'aaa', '646464', 'aa@aa.com', 0, 141),
(60, 'travllasssss', '067f1872b94a49fdc725089614b63d53', 'aaa', 'aaa', '646464', 'aa@asssssa.com', 0, 141);

-- --------------------------------------------------------

--
-- Table structure for table `countries`
--

CREATE TABLE `countries` (
  `id` int(11) NOT NULL,
  `code` varchar(20) NOT NULL,
  `parent_id` int(11) NOT NULL,
  `title_ar` varchar(255) DEFAULT NULL,
  `title_en` varchar(255) CHARACTER SET utf8 COLLATE utf8_unicode_ci DEFAULT NULL,
  `image` varchar(255) NOT NULL,
  `body_ar` text NOT NULL,
  `body_en` text NOT NULL,
  `desc_en` text CHARACTER SET utf8 COLLATE utf8_unicode_ci NOT NULL,
  `desc_ar` text CHARACTER SET utf8 COLLATE utf8_unicode_ci NOT NULL,
  `keywords_en` text CHARACTER SET utf8 COLLATE utf8_unicode_ci NOT NULL,
  `keywords_ar` text CHARACTER SET utf8 COLLATE utf8_unicode_ci NOT NULL,
  `has_airport` tinyint(1) NOT NULL,
  `this_order` int(11) NOT NULL,
  `active` int(11) NOT NULL,
  `created_by` int(11) NOT NULL
) ENGINE=InnoDB DEFAULT CHARSET=utf8;

--
-- Dumping data for table `countries`
--

INSERT INTO `countries` (`id`, `code`, `parent_id`, `title_ar`, `title_en`, `image`, `body_ar`, `body_en`, `desc_en`, `desc_ar`, `keywords_en`, `keywords_ar`, `has_airport`, `this_order`, `active`, `created_by`) VALUES
(72, 'USA', 0, 'المملكة العربية السعودية', 'Saudi Arabia', 's_152665_flag-of-saudi-arabia.jpg', 'السعودية', 'saudia', 'Saudi Arabia', 'المملكة العربية السعودية', 'egypt', 'مصر', 0, 1, 1, 0),
(73, '0', 72, 'جدة', ' Jeddah', 's_278430_1200X800_jeddah-mosque-other1.jpg', 'جدة', '  Jeddah', '  Jeddah', 'جدة', 'cairo', 'القاهرة', 0, 2, 1, 0),
(74, '0', 72, 'مكة المكرمة', 'Mecca', 's_486179_3f8d526898775a57d3e2842a664f2a82.jpg', 'مكة المكرمة', 'Mecca', 'Mecca', 'مكة المكرمة', 'sharm Elshekh', 'شرم الشيخ', 0, 3, 1, 0),
(75, '0', 72, 'المدينة المنورة', 'Madina', 's_646416_4841337307_27dbb70212_b.jpg', 'المدينة المنورة', 'Madina', 'Madina', 'المدينة المنورة', 'hurghada', 'الغردقة', 0, 2, 1, 0),
(76, 'EG', 0, 'مصر', 'Egypt', 's_855427_images.jpg', 'مصر', 'return_to', 'return_to', 'مصر', '', '', 0, 2, 1, 0),
(77, '0', 76, 'القاهره', 'cairo', 's_953897_Cairo_tcm233-2363745.jpg', 'القاهره', 'cairo', 'cairo', 'القاهره', '', '', 0, 1, 1, 0),
(78, 'yy', 72, 'ينبع', 'yanba', 's_633902_198_1279388067.jpg', 'ينبع', 'yanba', 'yanba', 'ينبع', '', '', 1, 4, 1, 0),
(79, '0', 76, 'برج العرب', 'Borj El Arab', 's_122077_282122.jpg', 'برج العرب', 'Borj El Arab', 'Borj El Arab', 'برج العرب', '', '', 0, 2, 1, 0),
(80, '0', 76, 'اسيوط', 'Assuit', 's_565898_35940481.jpg', 'اسيوط', 'Assuit', 'Assuit', 'اسيوط', '', '', 0, 6, 1, 0),
(81, '0', 76, 'الاقصر', 'Louxer', 's_432520_51190272.jpg', 'الاقصر', 'Louxer', 'Louxer', 'الاقصر', '', '', 0, 4, 1, 0),
(82, '02', 76, 'سوهاج', 'Sohag', 's_214934_sohage_airport_main_page.jpg', 'سوهاج', 'Sohag', 'Sohag', 'سوهاج', '', '', 1, 5, 1, 0);

-- --------------------------------------------------------

--
-- Table structure for table `currency`
--

CREATE TABLE `currency` (
  `id` int(11) NOT NULL,
  `title_ar` varchar(120) NOT NULL,
  `title_en` varchar(120) NOT NULL,
  `sign` varchar(5) NOT NULL,
  `amount_le` decimal(10,0) NOT NULL,
  `active` tinyint(1) NOT NULL DEFAULT '1',
  `updated_at` datetime NOT NULL,
  `created_at` timestamp NOT NULL DEFAULT CURRENT_TIMESTAMP,
  `branches_id` int(11) NOT NULL
) ENGINE=InnoDB DEFAULT CHARSET=utf8;

--
-- Dumping data for table `currency`
--

INSERT INTO `currency` (`id`, `title_ar`, `title_en`, `sign`, `amount_le`, `active`, `updated_at`, `created_at`, `branches_id`) VALUES
(2, 'جنية مصري', 'Egyptian pound', 'EGP', '1', 1, '2017-04-09 18:26:33', '2017-02-18 13:53:58', 25),
(10, 'دولار أمريكى', 'Dollar', 'USD', '19', 1, '2017-04-09 18:27:01', '2017-03-13 10:18:10', 58),
(11, 'ريال سعودي', 'Saudi Ryal', 'SR', '5', 1, '2017-04-09 18:25:59', '2017-03-27 10:09:47', 0);

-- --------------------------------------------------------

--
-- Table structure for table `flight_bookings`
--

CREATE TABLE `flight_bookings` (
  `id` int(11) NOT NULL,
  `going_date` date NOT NULL,
  `going_from` int(11) NOT NULL,
  `going_to` int(11) NOT NULL,
  `return_date` date NOT NULL,
  `return_from` int(11) NOT NULL,
  `return_to` int(11) NOT NULL,
  `child_price` varchar(255) NOT NULL,
  `infant_price` varchar(255) NOT NULL,
  `no_of_chairs` int(11) NOT NULL,
  `airlines_id` int(11) NOT NULL,
  `currency_id` int(11) NOT NULL,
  `active` tinyint(1) NOT NULL DEFAULT '1',
  `days_of_week` text NOT NULL,
  `created_by` int(11) NOT NULL
) ENGINE=InnoDB DEFAULT CHARSET=utf8;

--
-- Dumping data for table `flight_bookings`
--

INSERT INTO `flight_bookings` (`id`, `going_date`, `going_from`, `going_to`, `return_date`, `return_from`, `return_to`, `child_price`, `infant_price`, `no_of_chairs`, `airlines_id`, `currency_id`, `active`, `days_of_week`, `created_by`) VALUES
(4, '2017-04-15', 77, 73, '2017-05-22', 75, 77, '{"cost":"4000","profit":"0"}', '{"cost":"2500","profit":"0"}', 0, 5, 2, 1, '{"saturday":{"cost":"5000","profit":"0"},"sunday":{"cost":"5000","profit":"0"},"monday":{"cost":"5000","profit":"0"},"tuesday":{"cost":"5000","profit":"0"},"wednesday":{"cost":"5850","profit":"0"},"thursday":{"cost":"5850","profit":"0"},"friday":{"cost":"5000","profit":"0"}}', 0),
(5, '2017-04-09', 77, 75, '2017-05-22', 73, 77, '{"cost":"4000","profit":"0"}', '{"cost":"2500","profit":"0"}', 0, 5, 2, 1, '{"saturday":{"cost":"5000","profit":"0"},"sunday":{"cost":"5000","profit":"0"},"monday":{"cost":"5000","profit":"0"},"tuesday":{"cost":"5000","profit":"0"},"wednesday":{"cost":"5850","profit":"0"},"thursday":{"cost":"5850","profit":"0"},"friday":{"cost":"5000","profit":"0"}}', 0),
(6, '2017-04-09', 77, 73, '2017-05-22', 73, 77, '{"cost":"4000","profit":"0"}', '{"cost":"2500","profit":"0"}', 0, 5, 2, 1, '{"saturday":{"cost":"4850","profit":"0"},"sunday":{"cost":"4850","profit":"0"},"monday":{"cost":"4850","profit":"0"},"tuesday":{"cost":"4850","profit":"0"},"wednesday":{"cost":"5350","profit":"0"},"thursday":{"cost":"5350","profit":"0"},"friday":{"cost":"4850","profit":"0"}}', 0);

-- --------------------------------------------------------

--
-- Table structure for table `flight_bookings_dates`
--

CREATE TABLE `flight_bookings_dates` (
  `id` int(11) NOT NULL,
  `flight_bookings_id` int(11) NOT NULL,
  `date` date NOT NULL,
  `cost` decimal(10,0) NOT NULL,
  `profit` decimal(11,0) NOT NULL
) ENGINE=InnoDB DEFAULT CHARSET=utf8;

--
-- Dumping data for table `flight_bookings_dates`
--

INSERT INTO `flight_bookings_dates` (`id`, `flight_bookings_id`, `date`, `cost`, `profit`) VALUES
(314, 6, '2017-04-09', '4850', '0'),
(315, 6, '2017-04-10', '4850', '0'),
(316, 6, '2017-04-11', '4850', '0'),
(317, 6, '2017-04-12', '5350', '0'),
(318, 6, '2017-04-13', '5350', '0'),
(319, 6, '2017-04-14', '4850', '0'),
(320, 6, '2017-04-15', '4850', '0'),
(321, 6, '2017-04-16', '4850', '0'),
(322, 6, '2017-04-17', '4850', '0'),
(323, 6, '2017-04-18', '4850', '0'),
(324, 6, '2017-04-19', '5350', '0'),
(325, 6, '2017-04-20', '5350', '0'),
(326, 6, '2017-04-21', '4850', '0'),
(327, 6, '2017-04-22', '4850', '0'),
(328, 6, '2017-04-23', '4850', '0'),
(329, 6, '2017-04-24', '4850', '0'),
(330, 6, '2017-04-25', '4850', '0'),
(331, 6, '2017-04-26', '5350', '0'),
(332, 6, '2017-04-27', '5350', '0'),
(333, 6, '2017-04-28', '4850', '0'),
(334, 6, '2017-04-29', '4850', '0'),
(335, 6, '2017-04-30', '4850', '0'),
(336, 6, '2017-05-01', '4850', '0'),
(337, 6, '2017-05-02', '4850', '0'),
(338, 6, '2017-05-03', '5350', '0'),
(339, 6, '2017-05-04', '5350', '0'),
(340, 6, '2017-05-05', '4850', '0'),
(341, 6, '2017-05-06', '4850', '0'),
(342, 6, '2017-05-07', '4850', '0'),
(343, 6, '2017-05-08', '4850', '0'),
(344, 6, '2017-05-09', '4850', '0'),
(345, 6, '2017-05-10', '5350', '0'),
(346, 6, '2017-05-11', '5350', '0'),
(347, 6, '2017-05-12', '4850', '0'),
(348, 6, '2017-05-13', '4850', '0'),
(349, 6, '2017-05-14', '4850', '0'),
(350, 6, '2017-05-15', '4850', '0'),
(351, 6, '2017-05-16', '4850', '0'),
(352, 6, '2017-05-17', '5350', '0'),
(353, 6, '2017-05-18', '5350', '0'),
(354, 6, '2017-05-19', '4850', '0'),
(355, 6, '2017-05-20', '4850', '0'),
(356, 6, '2017-05-21', '4850', '0'),
(357, 6, '2017-05-22', '4850', '0'),
(358, 5, '2017-04-09', '5000', '0'),
(359, 5, '2017-04-10', '5000', '0'),
(360, 5, '2017-04-11', '5000', '0'),
(361, 5, '2017-04-12', '5850', '0'),
(362, 5, '2017-04-13', '5850', '0'),
(363, 5, '2017-04-14', '5000', '0'),
(364, 5, '2017-04-15', '5000', '0'),
(365, 5, '2017-04-16', '5000', '0'),
(366, 5, '2017-04-17', '5000', '0'),
(367, 5, '2017-04-18', '5000', '0'),
(368, 5, '2017-04-19', '5850', '0'),
(369, 5, '2017-04-20', '5850', '0'),
(370, 5, '2017-04-21', '5000', '0'),
(371, 5, '2017-04-22', '5000', '0'),
(372, 5, '2017-04-23', '5000', '0'),
(373, 5, '2017-04-24', '5000', '0'),
(374, 5, '2017-04-25', '5000', '0'),
(375, 5, '2017-04-26', '5850', '0'),
(376, 5, '2017-04-27', '5850', '0'),
(377, 5, '2017-04-28', '5000', '0'),
(378, 5, '2017-04-29', '5000', '0'),
(379, 5, '2017-04-30', '5000', '0'),
(380, 5, '2017-05-01', '5000', '0'),
(381, 5, '2017-05-02', '5000', '0'),
(382, 5, '2017-05-03', '5850', '0'),
(383, 5, '2017-05-04', '5850', '0'),
(384, 5, '2017-05-05', '5000', '0'),
(385, 5, '2017-05-06', '5000', '0'),
(386, 5, '2017-05-07', '5000', '0'),
(387, 5, '2017-05-08', '5000', '0'),
(388, 5, '2017-05-09', '5000', '0'),
(389, 5, '2017-05-10', '5850', '0'),
(390, 5, '2017-05-11', '5850', '0'),
(391, 5, '2017-05-12', '5000', '0'),
(392, 5, '2017-05-13', '5000', '0'),
(393, 5, '2017-05-14', '5000', '0'),
(394, 5, '2017-05-15', '5000', '0'),
(395, 5, '2017-05-16', '5000', '0'),
(396, 5, '2017-05-17', '5850', '0'),
(397, 5, '2017-05-18', '5850', '0'),
(398, 5, '2017-05-19', '5000', '0'),
(399, 5, '2017-05-20', '5000', '0'),
(400, 5, '2017-05-21', '5000', '0'),
(401, 5, '2017-05-22', '5000', '0'),
(402, 4, '2017-04-15', '5000', '0'),
(403, 4, '2017-04-16', '5000', '0'),
(404, 4, '2017-04-17', '5000', '0'),
(405, 4, '2017-04-18', '5000', '0'),
(406, 4, '2017-04-19', '5850', '0'),
(407, 4, '2017-04-20', '5850', '0'),
(408, 4, '2017-04-21', '5000', '0'),
(409, 4, '2017-04-22', '5000', '0'),
(410, 4, '2017-04-23', '5000', '0'),
(411, 4, '2017-04-24', '5000', '0'),
(412, 4, '2017-04-25', '5000', '0'),
(413, 4, '2017-04-26', '5850', '0'),
(414, 4, '2017-04-27', '5850', '0'),
(415, 4, '2017-04-28', '5000', '0'),
(416, 4, '2017-04-29', '5000', '0'),
(417, 4, '2017-04-30', '5000', '0'),
(418, 4, '2017-05-01', '5000', '0'),
(419, 4, '2017-05-02', '5000', '0'),
(420, 4, '2017-05-03', '5850', '0'),
(421, 4, '2017-05-04', '5850', '0'),
(422, 4, '2017-05-05', '5000', '0'),
(423, 4, '2017-05-06', '5000', '0'),
(424, 4, '2017-05-07', '5000', '0'),
(425, 4, '2017-05-08', '5000', '0'),
(426, 4, '2017-05-09', '5000', '0'),
(427, 4, '2017-05-10', '5850', '0'),
(428, 4, '2017-05-11', '5850', '0'),
(429, 4, '2017-05-12', '5000', '0'),
(430, 4, '2017-05-13', '5000', '0'),
(431, 4, '2017-05-14', '5000', '0'),
(432, 4, '2017-05-15', '5000', '0'),
(433, 4, '2017-05-16', '5000', '0'),
(434, 4, '2017-05-17', '5850', '0'),
(435, 4, '2017-05-18', '5850', '0'),
(436, 4, '2017-05-19', '5000', '0'),
(437, 4, '2017-05-20', '5000', '0'),
(438, 4, '2017-05-21', '5000', '0'),
(439, 4, '2017-05-22', '5000', '0');

-- --------------------------------------------------------

--
-- Table structure for table `groups`
--

CREATE TABLE `groups` (
  `id` int(10) NOT NULL,
  `name` varchar(255) NOT NULL,
  `permissions` text NOT NULL,
  `active` tinyint(1) NOT NULL DEFAULT '1',
  `created_by` int(11) NOT NULL
) ENGINE=InnoDB DEFAULT CHARSET=utf8;

--
-- Dumping data for table `groups`
--

INSERT INTO `groups` (`id`, `name`, `permissions`, `active`, `created_by`) VALUES
(1, 'owner', '{"users_section":{"open":"1"},"basic_data":{"open":"1"},"hotels_section":{"open":"1"},"flights_section":{"open":"1"},"programs_section":{"open":"1"},"settings":{"open":"1"},"admin":{"open":"1"},"media_center":{"open":"1"},"reservations":{"open":"1"},"users":{"open":"1","add":"1","edit":"1","delete":"1"},"companies":{"open":"1","add":"1","edit":"1","delete":"1"},"countries":{"open":"1","add":"1","edit":"1","delete":"1"},"hotels":{"open":"1","add":"1","edit":"1","delete":"1"},"sightseeing":{"open":"1","add":"1","edit":"1","delete":"1"},"hotel_advantages":{"open":"1","add":"1","edit":"1","delete":"1"},"hotel_room_types":{"open":"1","add":"1","edit":"1","delete":"1"},"flight_bookings":{"open":"1","add":"1","edit":"1","delete":"1"},"program_advantages":{"open":"1","add":"1","edit":"1","delete":"1"},"programs_levels":{"open":"1","add":"1","edit":"1","delete":"1"},"programs":{"open":"1","add":"1","edit":"1","delete":"1"},"program_extra_services":{"open":"1","add":"1","edit":"1","delete":"1"},"programs_reservations":{"open":"1","add":"1","edit":"1","delete":"1"},"transportation":{"open":"1","add":"1","edit":"1","delete":"1"},"about_us":{"open":"1","add":"1","edit":"1","delete":"1"},"hotel_extra_services":{"open":"1","add":"1","edit":"1","delete":"1"},"hotel_data":{"open":"1","add":"1","edit":"1","delete":"1"},"groups":{"open":"1","add":"1","edit":"1","delete":"1"},"program_data":{"open":"1","add":"1","edit":"1","delete":"1"},"hotels_reservation":{"open":"1","add":"1","edit":"1","delete":"1"},"currency":{"open":"1","add":"1","edit":"1","delete":"1"},"program_categories":{"open":"1","add":"1","edit":"1","delete":"1"},"airlines":{"open":"1","add":"1","edit":"1","delete":"1"},"trip_rates":{"open":"1","add":"1","edit":"1","delete":"1"},"hotel_room_meals":{"open":"1","add":"1","edit":"1","delete":"1"},"maka_madina_hotels":{"open":"1","add":"1","edit":"1","delete":"1"},"photo_gallery":{"open":"1","add":"1","edit":"1","delete":"1"},"video_gallery":{"open":"1","add":"1","edit":"1","delete":"1"},"plan_your_trip_reservation":{"open":"1","add":"1","edit":"1","delete":"1"}}', 0, 0),
(6, 'super admin', '{"user_management":{"open":"1"},"basic_data":{"open":"1"},"hotels":{"open":"1"},"flight":{"open":"1"},"programms":{"open":"1"},"settings":{"open":"1"},"visas":{"open":"1"},"admin":{"open":"1"},"users":{"open":"1","add":"1","edit":"1","delete":"1"},"branches":{"open":"1","add":"1","edit":"1","delete":"1"},"places":{"open":"1","add":"1","edit":"1","delete":"1"},"maka_madina_shrines":{"open":"1","add":"1","edit":"1","delete":"1"},"hotels_advantage":{"open":"1","add":"1","edit":"1","delete":"1"},"hotel_rooms":{"open":"1","add":"1","edit":"1","delete":"1"},"flight_reservation":{"open":"1","add":"1","edit":"1","delete":"1"},"programs_advantage":{"open":"1","add":"1","edit":"1","delete":"1"},"programs_levels":{"open":"1","add":"1","edit":"1","delete":"1"},"programs":{"open":"1","add":"1","edit":"1","delete":"1"},"extra_services":{"open":"1","add":"1","edit":"1","delete":"1"},"reservation":{"open":"1","add":"1","edit":"1","delete":"1"},"travel_way":{"open":"1","add":"1","edit":"1","delete":"1"},"about_us":{"open":"1","add":"1","edit":"1","delete":"1"},"hotel_extra_services":{"open":"1","add":"1","edit":"1","delete":"1"},"hotel_data":{"open":"1","add":"1","edit":"1","delete":"1"},"groups":{"open":"1","add":"1","edit":"1","delete":"1"},"program_data":{"open":"1","add":"1","edit":"1","delete":"1"},"hotels_reservation":{"open":"1","add":"1","edit":"1","delete":"1"},"currency":{"open":"1","add":"1","edit":"1","delete":"1"}}', 0, 113),
(7, 'super admin', '{"user_management":{"open":"1"},"basic_data":{"open":"1"},"hotelss":{"open":"1"},"flight":{"open":"1"},"programms":{"open":"1"},"settings":{"open":"1"},"visas":{"open":"1"},"admin":{"open":"1"},"users":{"open":"1","add":"1","edit":"1","delete":"1"},"branches":{"open":"1","add":"1","edit":"1","delete":"1"},"places":{"open":"1","add":"1","edit":"1","delete":"1"},"hotels":{"open":"1","add":"1","edit":"1","delete":"1"},"maka_madina_shrines":{"open":"1","add":"1","edit":"1","delete":"1"},"hotels_advantage":{"open":"1","add":"1","edit":"1","delete":"1"},"hotel_rooms":{"open":"1","add":"1","edit":"1","delete":"1"},"flight_reservation":{"open":"1","add":"1","edit":"1","delete":"1"},"programs_advantage":{"open":"1","add":"1","edit":"1","delete":"1"},"programs_levels":{"open":"1","add":"1","edit":"1","delete":"1"},"programs":{"open":"1","add":"1","edit":"1","delete":"1"},"extra_services":{"open":"1","add":"1","edit":"1","delete":"1"},"reservation":{"open":"1","add":"1","edit":"1","delete":"1"},"travel_way":{"open":"1","add":"1","edit":"1","delete":"1"},"about_us":{"open":"1","add":"1","edit":"1","delete":"1"},"hotel_extra_services":{"open":"1","add":"1","edit":"1","delete":"1"},"hotel_data":{"open":"1","add":"1","edit":"1","delete":"1"},"groups":{"open":"1","add":"1","edit":"1","delete":"1"},"program_data":{"open":"1","add":"1","edit":"1","delete":"1"},"hotels_reservation":{"open":"1","add":"1","edit":"1","delete":"1"},"currency":{"open":"1","add":"1","edit":"1","delete":"1"},"program_categories":{"open":"1","add":"1","edit":"1","delete":"1"}}', 0, 113),
(10, 'super admin', '{"user_management":{"open":"1"},"basic_data":{"open":"1"},"hotels":{"open":"1"},"flight":{"open":"1"},"programms":{"open":"1"},"settings":{"open":"1"},"visas":{"open":"1"},"admin":{"open":"1"},"users":{"open":"1","add":"1","edit":"1","delete":"1"},"branches":{"open":"1","add":"1","edit":"1","delete":"1"},"places":{"open":"1","add":"1","edit":"1","delete":"1"},"maka_madina_shrines":{"open":"1","add":"1","edit":"1","delete":"1"},"hotels_advantage":{"open":"1","add":"1","edit":"1","delete":"1"},"hotel_rooms":{"open":"1","add":"1","edit":"1","delete":"1"},"flight_reservation":{"open":"1","add":"1","edit":"1","delete":"1"},"programs_advantage":{"open":"1","add":"1","edit":"1","delete":"1"},"programs_levels":{"open":"1","add":"1","edit":"1","delete":"1"},"programs":{"open":"1","add":"1","edit":"1","delete":"1"},"extra_services":{"open":"1","add":"1","edit":"1","delete":"1"},"travel_way":{"open":"1","add":"1","edit":"1","delete":"1"},"about_us":{"open":"1","add":"1","edit":"1","delete":"1"},"hotel_extra_services":{"open":"1","add":"1","edit":"1","delete":"1"},"hotel_data":{"open":"1","add":"1","edit":"1","delete":"1"},"groups":{"open":"1","add":"1","edit":"1","delete":"1"},"program_data":{"open":"1","add":"1","edit":"1","delete":"1"},"hotels_reservation":{"open":"1","add":"1","edit":"1","delete":"1"},"visa_types":{"open":"1","add":"1","edit":"1","delete":"1"},"visa_periods":{"open":"1","add":"1","edit":"1","delete":"1"},"visa_jobs":{"open":"1","add":"1","edit":"1","delete":"1"},"visa_documents":{"open":"1","add":"1","edit":"1","delete":"1"},"visa_create":{"open":"1","add":"1","edit":"1","delete":"1"},"visas_reservation":{"open":"1","add":"1","edit":"1","delete":"1"}}', 0, 97),
(12, 'admin', '{"users":{"open":"1","add":"1","edit":"1","delete":"1"},"groups":{"open":"1","add":"1","edit":"1","delete":"1"},"news":{"open":"1","add":"1","edit":"1","delete":"1"},"ads":{"open":"1","add":"1","edit":"1","delete":"1"},"branches":{"open":"1","add":"1","edit":"1","delete":"1"},"departments":{"open":"1","add":"1","edit":"1","delete":"1"},"employees":{"open":"1","add":"1","edit":"1","delete":"1"},"places":{"open":"1","add":"1","edit":"1","delete":"1"},"about_us":{"open":"1","add":"1","edit":"1","delete":"1"},"maka_madina_hotels":{"open":"1","add":"1","edit":"1","delete":"1"},"maka_madina_shrines":{"open":"1","add":"1","edit":"1","delete":"1"},"hotels_advantage":{"open":"1","add":"1","edit":"1","delete":"1"},"hotel_rooms":{"open":"1","add":"1","edit":"1","delete":"1"},"hotel_extra_services":{"open":"1","add":"1","edit":"1","delete":"1"},"hotel_data":{"open":"1","add":"1","edit":"1","delete":"1"},"chalets_others":{"open":"1","add":"1","edit":"1","delete":"1"},"haj_umrah_hotels":{"open":"1","add":"1","edit":"1","delete":"1"},"flight_reservation":{"open":"1","add":"1","edit":"1","delete":"1"},"travel_way":{"open":"1","add":"1","edit":"1","delete":"1"},"programs_advantage":{"open":"1","add":"1","edit":"1","delete":"1"},"programs_levels":{"open":"1","add":"1","edit":"1","delete":"1"},"programs_seasons":{"open":"1","add":"1","edit":"1","delete":"1"},"programs":{"open":"1","add":"1","edit":"1","delete":"1"},"extra_services":{"open":"1","add":"1","edit":"1","delete":"1"},"reservation":{"open":"1","add":"1","edit":"1","delete":"1"},"haj_umrah_programs":{"open":"1","add":"1","edit":"1","delete":"1"},"haj_umrah_program":{"open":"1","add":"1","edit":"1","delete":"1"},"agaza_special_offers":{"open":"1","add":"1","edit":"1","delete":"1"}}', 0, 97),
(13, 'branches', 'null', 0, 128),
(14, 'super admin', '{"user_management":{"open":"1"},"basic_data":{"open":"1"},"hotelss":{"open":"1"},"flight":{"open":"1"},"programms":{"open":"1"},"settings":{"open":"1"},"visas":{"open":"1"},"admin":{"open":"1"},"users":{"open":"1","add":"1","edit":"1","delete":"1"},"branches":{"open":"1","add":"1","edit":"1","delete":"1"},"places":{"open":"1","add":"1","edit":"1","delete":"1"},"hotels":{"open":"1","add":"1","edit":"1","delete":"1"},"maka_madina_shrines":{"open":"1","add":"1","edit":"1","delete":"1"},"hotels_advantage":{"open":"1","add":"1","edit":"1","delete":"1"},"hotel_rooms":{"open":"1","add":"1","edit":"1","delete":"1"},"flight_reservation":{"open":"1","add":"1","edit":"1","delete":"1"},"programs_advantage":{"open":"1","add":"1","edit":"1","delete":"1"},"programs_levels":{"open":"1","add":"1","edit":"1","delete":"1"},"programs":{"open":"1","add":"1","edit":"1","delete":"1"},"extra_services":{"open":"1","add":"1","edit":"1","delete":"1"},"reservation":{"open":"1","add":"1","edit":"1","delete":"1"},"travel_way":{"open":"1","add":"1","edit":"1","delete":"1"},"about_us":{"open":"1","add":"1","edit":"1","delete":"1"},"hotel_extra_services":{"open":"1","add":"1","edit":"1","delete":"1"},"hotel_data":{"open":"1","add":"1","edit":"1","delete":"1"},"groups":{"open":"1","add":"1","edit":"1","delete":"1"},"program_data":{"open":"1","add":"1","edit":"1","delete":"1"},"hotels_reservation":{"open":"1","add":"1","edit":"1","delete":"1"},"currency":{"open":"1","add":"1","edit":"1","delete":"1"},"program_categories":{"open":"1","add":"1","edit":"1","delete":"1"}}', 0, 97),
(15, 'super admin', '{"user_management":{"open":"1"},"basic_data":{"open":"1"},"hotelss":{"open":"1"},"flight":{"open":"1"},"settings":{"open":"1"},"visas":{"open":"1"},"admin":{"open":"1"},"users":{"open":"1","add":"1","edit":"1","delete":"1"},"branches":{"open":"1","add":"1","edit":"1","delete":"1"},"places":{"open":"1","add":"1","edit":"1","delete":"1"},"hotels":{"open":"1","add":"1","edit":"1","delete":"1"},"maka_madina_shrines":{"open":"1","add":"1","edit":"1","delete":"1"},"hotels_advantage":{"open":"1","add":"1","edit":"1","delete":"1"},"hotel_rooms":{"open":"1","add":"1","edit":"1","delete":"1"},"flight_reservation":{"open":"1","add":"1","edit":"1","delete":"1"},"programs_advantage":{"open":"1","add":"1","edit":"1","delete":"1"},"programs_levels":{"open":"1","add":"1","edit":"1","delete":"1"},"programs":{"open":"1","add":"1","edit":"1","delete":"1"},"extra_services":{"open":"1","add":"1","edit":"1","delete":"1"},"travel_way":{"open":"1","add":"1","edit":"1","delete":"1"},"about_us":{"open":"1","add":"1","edit":"1","delete":"1"},"hotel_extra_services":{"open":"1","add":"1","edit":"1","delete":"1"},"hotel_data":{"open":"1","add":"1","edit":"1","delete":"1"},"groups":{"open":"1","add":"1","edit":"1","delete":"1"},"program_data":{"open":"1","add":"1","edit":"1","delete":"1"},"hotels_reservation":{"open":"1","add":"1","edit":"1","delete":"1"},"visa_types":{"open":"1","add":"1","edit":"1","delete":"1"},"visa_periods":{"open":"1","add":"1","edit":"1","delete":"1"},"visa_jobs":{"open":"1","add":"1","edit":"1","delete":"1"},"visa_documents":{"open":"1","add":"1","edit":"1","delete":"1"},"visa_create":{"open":"1","add":"1","edit":"1","delete":"1"},"visas_reservation":{"open":"1","add":"1","edit":"1","delete":"1"},"currency":{"open":"1","add":"1","edit":"1","delete":"1"},"program_categories":{"open":"1","add":"1","edit":"1","delete":"1"}}', 0, 97),
(18, 'testo', '{"users":{"open":"1","add":"1"}}', 0, 113),
(19, 'super admin', '{"user_management":{"open":"1"},"basic_data":{"open":"1"},"hotels":{"open":"1"},"flight":{"open":"1"},"programms":{"open":"1"},"settings":{"open":"1"},"visas":{"open":"1"},"admin":{"open":"1"},"users":{"open":"1","add":"1","edit":"1","delete":"1"},"branches":{"open":"1","add":"1","edit":"1","delete":"1"},"places":{"open":"1","add":"1","edit":"1","delete":"1"},"maka_madina_shrines":{"open":"1","add":"1","edit":"1","delete":"1"},"hotels_advantage":{"open":"1","add":"1","edit":"1","delete":"1"},"hotel_rooms":{"open":"1","add":"1","edit":"1","delete":"1"},"flight_reservation":{"open":"1","add":"1","edit":"1","delete":"1"},"programs_advantage":{"open":"1","add":"1","edit":"1","delete":"1"},"programs_levels":{"open":"1","add":"1","edit":"1","delete":"1"},"programs":{"open":"1","add":"1","edit":"1","delete":"1"},"extra_services":{"open":"1","add":"1","edit":"1","delete":"1"},"travel_way":{"open":"1","add":"1","edit":"1","delete":"1"},"about_us":{"open":"1","add":"1","edit":"1","delete":"1"},"hotel_extra_services":{"open":"1","add":"1","edit":"1","delete":"1"},"hotel_data":{"open":"1","add":"1","edit":"1","delete":"1"},"groups":{"open":"1","add":"1","edit":"1","delete":"1"},"program_data":{"open":"1","add":"1","edit":"1","delete":"1"},"hotels_reservation":{"open":"1","add":"1","edit":"1","delete":"1"},"visa_types":{"open":"1","add":"1","edit":"1","delete":"1"},"visa_periods":{"open":"1","add":"1","edit":"1","delete":"1"},"visa_jobs":{"open":"1","add":"1","edit":"1","delete":"1"},"visa_documents":{"open":"1","add":"1","edit":"1","delete":"1"},"visa_create":{"open":"1","add":"1","edit":"1","delete":"1"},"visas_reservation":{"open":"1","add":"1","edit":"1","delete":"1"}}', 0, 97),
(21, 'super admin', '{"users_section":{"open":"1"},"basic_data":{"open":"1"},"hotels_section":{"open":"1"},"flight":{"open":"1"},"programs_section":{"open":"1"},"settings":{"open":"1"},"visas":{"open":"1"},"admin":{"open":"1"},"users":{"open":"1","add":"1","edit":"1","delete":"1"},"companies":{"open":"1","add":"1","edit":"1","delete":"1"},"countries":{"open":"1","add":"1","edit":"1","delete":"1"},"hotels":{"open":"1","add":"1","edit":"1","delete":"1"},"maka_madina_shrines":{"open":"1","add":"1","edit":"1","delete":"1"},"hotels_advantage":{"open":"1","add":"1","edit":"1","delete":"1"},"hotel_rooms":{"open":"1","add":"1","edit":"1","delete":"1"},"flight_reservation":{"open":"1","add":"1","edit":"1","delete":"1"},"programs_advantage":{"open":"1","add":"1","edit":"1","delete":"1"},"programs_levels":{"open":"1","add":"1","edit":"1","delete":"1"},"programs":{"open":"1","add":"1","edit":"1","delete":"1"},"extra_services":{"open":"1","add":"1","edit":"1","delete":"1"},"reservation":{"open":"1","add":"1","edit":"1","delete":"1"},"travel_way":{"open":"1","add":"1","edit":"1","delete":"1"},"about_us":{"open":"1","add":"1","edit":"1","delete":"1"},"hotel_extra_services":{"open":"1","add":"1","edit":"1","delete":"1"},"hotel_data":{"open":"1","add":"1","edit":"1","delete":"1"},"groups":{"open":"1","add":"1","edit":"1","delete":"1"},"program_data":{"open":"1","add":"1","edit":"1","delete":"1"},"hotels_reservation":{"open":"1","add":"1","edit":"1","delete":"1"},"currency":{"open":"1","add":"1","edit":"1","delete":"1"},"program_categories":{"open":"1","add":"1","edit":"1","delete":"1"}}', 0, 97),
(22, 'aaaa', '{"users_section":{"open":"on"},"users":{"edit":"on"}}', 1, 141),
(23, 'teto', '{"users_section":{"open":"1"},"users":{"edit":"1"}}', 1, 141),
(24, 'otesto', '{"users_section":{"open":"1"},"basic_data":{"open":"1"},"hotels_section":{"open":"1"},"flight":{"open":"1"},"programs_section":{"open":"1"},"settings":{"open":"1"},"admin":{"open":"1"},"users":{"open":"1","add":"1"},"branches":{"open":"1","delete":"1"},"groups":{"edit":"1"}}', 1, 141);

-- --------------------------------------------------------

--
-- Table structure for table `guests`
--

CREATE TABLE `guests` (
  `id` int(11) NOT NULL,
  `fullname` varchar(150) NOT NULL,
  `email` varchar(150) NOT NULL,
  `password` varchar(150) NOT NULL,
  `address` varchar(255) NOT NULL,
  `phone` varchar(150) NOT NULL,
  `image` varchar(255) NOT NULL,
  `age` tinyint(2) NOT NULL,
  `branches_id` int(11) NOT NULL,
  `last_login` datetime NOT NULL,
  `created_at` timestamp NOT NULL DEFAULT CURRENT_TIMESTAMP
) ENGINE=InnoDB DEFAULT CHARSET=utf8;

--
-- Dumping data for table `guests`
--

INSERT INTO `guests` (`id`, `fullname`, `email`, `password`, `address`, `phone`, `image`, `age`, `branches_id`, `last_login`, `created_at`) VALUES
(1, 'as', 'as', 'f970e2767d0cfe75876ea857f92e319b', '', '', '', 0, 0, '2016-10-26 18:05:33', '0000-00-00 00:00:00'),
(2, 'asassa', 'asassa', '2c14bffddf493cd147b8a0bd3581370b', '', '', '', 0, 0, '2016-10-26 18:05:33', '2016-10-26 15:45:58'),
(3, 'asdasdsadsa', 'asdasdsadsa', '34789983c8f95b599c03d4d4061a1e6d', '', '', '', 0, 0, '2016-10-26 18:05:33', '2016-10-26 15:47:42'),
(4, 'احمد محسن شعبان', 'mr.success789@gmail.com', '4297f44b13955235245b2497399d7a93', '', '', '', 0, 0, '2017-02-05 00:00:00', '2016-10-26 16:04:07'),
(5, 'amr', 'amr', '4297f44b13955235245b2497399d7a93', '', '', '', 0, 0, '2017-02-08 00:00:00', '2016-10-26 19:52:00'),
(6, 'ahmed mohsen', 'mr.success789@gmail.com', '4297f44b13955235245b2497399d7a93', '', '', '', 0, 25, '2017-03-20 00:00:00', '2016-11-22 07:30:37'),
(7, 'hager sayed', 'hager@hager.com', '4297f44b13955235245b2497399d7a93', '', '', '', 0, 26, '2016-12-01 00:00:00', '2016-12-01 15:42:56'),
(8, 'aaa', 'br@br.com', '4297f44b13955235245b2497399d7a93', '', '', '', 0, 47, '2017-03-01 00:00:00', '2017-01-10 16:39:25'),
(9, 'guest', 'guest@avisa.com', '4297f44b13955235245b2497399d7a93', '', '', '', 0, 48, '2017-03-20 00:00:00', '2017-01-31 14:10:27'),
(10, 'guest', 'guest@avisa.com', '4297f44b13955235245b2497399d7a93', '', '', '', 0, 48, '2017-01-31 00:00:00', '2017-01-31 14:11:55'),
(11, 'ahmed', 'mr.success789@gmail.com', '4297f44b13955235245b2497399d7a93', '', '', '', 0, 48, '2017-02-07 00:00:00', '2017-01-31 14:43:14'),
(12, 'ahmed', 'mr.success70@yahoo.com', '4297f44b13955235245b2497399d7a93', '', '', '', 0, 48, '2017-01-31 00:00:00', '2017-01-31 14:44:19'),
(13, 'amr', 'amr@mv-is.com', '4297f44b13955235245b2497399d7a93', '', '', '', 0, 48, '2017-02-07 00:00:00', '2017-02-06 09:09:11'),
(14, 'dina', 'dina@mv-is.com', '4297f44b13955235245b2497399d7a93', '', '', '', 0, 48, '2017-02-06 00:00:00', '2017-02-06 09:15:44'),
(15, 'ahmedtravlla', 'tr@tr.com', '4297f44b13955235245b2497399d7a93', '', '', '', 0, 58, '2017-03-20 00:00:00', '2017-03-13 18:50:18');

-- --------------------------------------------------------

--
-- Table structure for table `hotels_advantages`
--

CREATE TABLE `hotels_advantages` (
  `id` int(11) NOT NULL,
  `hotel_id` int(11) NOT NULL,
  `hotels_advantage_id` int(11) NOT NULL
) ENGINE=InnoDB DEFAULT CHARSET=utf8;

--
-- Dumping data for table `hotels_advantages`
--

INSERT INTO `hotels_advantages` (`id`, `hotel_id`, `hotels_advantage_id`) VALUES
(4, 44, 9),
(5, 44, 11),
(19, 44, 9),
(24, 43, 9),
(25, 43, 11),
(35, 37, 9),
(36, 37, 11),
(37, 37, 13),
(44, 33, 11),
(57, 36, 9),
(58, 36, 11),
(59, 36, 13),
(60, 6, 9),
(61, 6, 11),
(62, 6, 13),
(64, 47, 24),
(66, 46, 24),
(67, 48, 24),
(68, 45, 24),
(70, 49, 25),
(72, 50, 25);

-- --------------------------------------------------------

--
-- Table structure for table `hotels_chalets_others_prices`
--

CREATE TABLE `hotels_chalets_others_prices` (
  `id` int(11) NOT NULL,
  `places_id` int(11) NOT NULL,
  `hotel_id` int(11) NOT NULL,
  `branches_id` int(11) NOT NULL,
  `chalets_others_id` int(11) NOT NULL,
  `number_of_chalet` int(11) NOT NULL,
  `number_of_chalet_reserved` int(11) NOT NULL,
  `from_date` date NOT NULL,
  `to_date` date NOT NULL,
  `price` decimal(10,0) NOT NULL,
  `expired` tinyint(4) NOT NULL DEFAULT '0'
) ENGINE=InnoDB DEFAULT CHARSET=utf8;

--
-- Dumping data for table `hotels_chalets_others_prices`
--

INSERT INTO `hotels_chalets_others_prices` (`id`, `places_id`, `hotel_id`, `branches_id`, `chalets_others_id`, `number_of_chalet`, `number_of_chalet_reserved`, `from_date`, `to_date`, `price`, `expired`) VALUES
(1, 1, 6, 25, 19, 20, 0, '2017-01-01', '2017-01-31', '222', 0),
(4, 1, 29, 25, 17, 0, 0, '2016-11-16', '2017-02-28', '1200', 0),
(5, 1, 33, 25, 18, 3, 0, '2017-01-31', '2017-02-25', '1500', 0),
(6, 1, 28, 25, 19, 100, 0, '2016-12-09', '2016-12-17', '100', 0),
(7, 1, 6, 0, 15, 30, 0, '2017-01-01', '2017-01-31', '150', 0),
(8, 29, 6, 0, 15, 30, 0, '2017-01-01', '2017-01-31', '20', 0);

-- --------------------------------------------------------

--
-- Table structure for table `hotels_extra_services`
--

CREATE TABLE `hotels_extra_services` (
  `id` int(11) NOT NULL,
  `hotel_id` int(11) NOT NULL,
  `branches_id` int(11) NOT NULL,
  `hotel_services_id` int(11) NOT NULL,
  `price_for_adult` decimal(10,0) NOT NULL,
  `price_for_child` decimal(10,0) NOT NULL,
  `currency_id` int(11) NOT NULL
) ENGINE=InnoDB DEFAULT CHARSET=utf8;

--
-- Dumping data for table `hotels_extra_services`
--

INSERT INTO `hotels_extra_services` (`id`, `hotel_id`, `branches_id`, `hotel_services_id`, `price_for_adult`, `price_for_child`, `currency_id`) VALUES
(19, 9, 25, 5, '60', '40', 0),
(21, 26, 25, 4, '160', '80', 0),
(22, 27, 25, 6, '350', '150', 0),
(23, 27, 25, 3, '200', '100', 0),
(24, 27, 25, 4, '200', '100', 0),
(25, 27, 25, 5, '100', '50', 0),
(26, 27, 25, 7, '100', '50', 0),
(27, 28, 25, 7, '100', '50', 0),
(28, 24, 25, 6, '360', '190', 0),
(29, 24, 25, 3, '190', '100', 0),
(30, 24, 25, 4, '190', '100', 0),
(31, 24, 25, 2, '100', '60', 0),
(32, 29, 25, 3, '180', '90', 0),
(33, 29, 25, 4, '180', '90', 0),
(34, 29, 25, 5, '100', '60', 0),
(35, 29, 25, 6, '400', '250', 0),
(36, 29, 25, 7, '100', '50', 0),
(39, 26, 25, 3, '160', '80', 0),
(40, 26, 25, 6, '360', '200', 0),
(41, 26, 25, 5, '100', '60', 0),
(42, 26, 25, 7, '100', '50', 0),
(43, 30, 25, 3, '120', '60', 0),
(44, 30, 25, 4, '120', '60', 0),
(45, 30, 25, 5, '80', '50', 0),
(46, 30, 25, 7, '80', '40', 0),
(47, 30, 25, 6, '280', '180', 0),
(49, 36, 25, 4, '120', '70', 0),
(50, 36, 25, 3, '120', '70', 0),
(51, 36, 25, 5, '80', '50', 0),
(52, 36, 25, 6, '280', '160', 0),
(53, 36, 25, 7, '80', '40', 0),
(54, 35, 25, 3, '110', '65', 0),
(55, 35, 25, 4, '110', '65', 0),
(56, 35, 25, 7, '80', '50', 0),
(57, 35, 25, 5, '60', '40', 0),
(58, 35, 25, 6, '240', '140', 0),
(59, 37, 25, 3, '110', '50', 0),
(60, 37, 25, 4, '110', '50', 0),
(61, 37, 25, 7, '90', '40', 0),
(62, 37, 25, 5, '90', '50', 0),
(63, 37, 25, 6, '240', '120', 0),
(64, 9, 25, 4, '130', '65', 0),
(65, 9, 25, 3, '130', '65', 0),
(66, 9, 25, 6, '280', '160', 0),
(67, 9, 25, 7, '100', '50', 0),
(71, 32, 25, 4, '502', '30', 0),
(74, 33, 25, 12, '66', '33', 0),
(76, 40, 0, 8, '50', '20', 0),
(77, 45, 0, 9, '55', '20', 0),
(78, 45, 0, 10, '120', '30', 0),
(79, 45, 0, 11, '20', '10', 0),
(80, 45, 0, 12, '20', '20', 0),
(82, 46, 0, 9, '20', '30', 6),
(83, 6, 0, 2, '120', '80', 1),
(84, 6, 0, 3, '150', '130', 1),
(85, 6, 0, 7, '20', '30', 1),
(86, 49, 0, 13, '50', '20', 0);

-- --------------------------------------------------------

--
-- Table structure for table `hotels_reservation`
--

CREATE TABLE `hotels_reservation` (
  `id` int(11) NOT NULL,
  `reservation_code` varchar(255) NOT NULL,
  `hotel_id` int(11) NOT NULL,
  `arrive_date` date NOT NULL,
  `departing_date` date NOT NULL,
  `head_booker_name` varchar(255) NOT NULL,
  `head_booker_phone` varchar(255) NOT NULL,
  `head_booker_email` varchar(255) NOT NULL,
  `head_booker_birthdate` date NOT NULL,
  `head_booker_address` varchar(255) NOT NULL,
  `number_of_traveller` int(11) NOT NULL,
  `no_of_adults` int(11) NOT NULL,
  `no_of_child` int(11) NOT NULL,
  `no_of_infant` int(11) NOT NULL,
  `note` varchar(255) DEFAULT NULL,
  `reservation_price` decimal(11,2) NOT NULL,
  `net_reservation_price` decimal(11,2) NOT NULL,
  `cancelled` tinyint(1) NOT NULL DEFAULT '0',
  `whitelabel_id` int(11) NOT NULL,
  `branches_id` int(11) NOT NULL,
  `departments_id` int(11) NOT NULL,
  `by_agazabook` tinyint(1) NOT NULL,
  `active` int(11) NOT NULL,
  `nights_no` int(11) NOT NULL,
  `payment_visa_status` tinyint(1) NOT NULL DEFAULT '0' COMMENT '0:no visa,1:reservation done but not complete paying,2:reservation done and complete paying',
  `created_by` int(11) NOT NULL,
  `created_by_type` varchar(50) NOT NULL,
  `creation_date` timestamp NOT NULL DEFAULT CURRENT_TIMESTAMP,
  `is_deleted` int(11) NOT NULL,
  `deleted_by` int(11) NOT NULL,
  `deleted_date` timestamp NOT NULL DEFAULT '0000-00-00 00:00:00'
) ENGINE=InnoDB DEFAULT CHARSET=utf8;

--
-- Dumping data for table `hotels_reservation`
--

INSERT INTO `hotels_reservation` (`id`, `reservation_code`, `hotel_id`, `arrive_date`, `departing_date`, `head_booker_name`, `head_booker_phone`, `head_booker_email`, `head_booker_birthdate`, `head_booker_address`, `number_of_traveller`, `no_of_adults`, `no_of_child`, `no_of_infant`, `note`, `reservation_price`, `net_reservation_price`, `cancelled`, `whitelabel_id`, `branches_id`, `departments_id`, `by_agazabook`, `active`, `nights_no`, `payment_visa_status`, `created_by`, `created_by_type`, `creation_date`, `is_deleted`, `deleted_by`, `deleted_date`) VALUES
(11, '', 24, '2017-01-31', '2017-02-02', '', '', '', '0000-00-00', '', 1, 1, 0, 0, NULL, '390.00', '0.00', 0, 25, 25, 30, 0, 1, 0, 0, 12, 'employee', '2016-11-27 17:28:20', 0, 0, '0000-00-00 00:00:00'),
(12, '', 9, '2016-11-22', '2016-11-25', '', '', '', '0000-00-00', '', 3, 3, 0, 0, NULL, '3490.00', '0.00', 0, 25, 25, 30, 0, 1, 0, 0, 12, 'employee', '2016-11-27 18:33:38', 0, 0, '0000-00-00 00:00:00'),
(13, '', 9, '2016-11-22', '2016-11-25', '', '', '', '0000-00-00', '', 3, 3, 0, 0, NULL, '3490.00', '0.00', 0, 25, 25, 30, 0, 1, 0, 0, 12, 'employee', '2016-11-27 18:42:30', 0, 0, '0000-00-00 00:00:00'),
(14, '', 24, '2017-01-31', '2017-02-02', '', '', '', '0000-00-00', '', 3, 3, 0, 0, NULL, '1150.00', '0.00', 0, 25, 0, 0, 0, 1, 0, 0, 4, 'guest', '2016-11-28 09:30:12', 0, 0, '0000-00-00 00:00:00'),
(15, '', 24, '2017-01-31', '2017-02-02', '', '', '', '0000-00-00', '', 3, 3, 0, 0, NULL, '1150.00', '0.00', 0, 25, 0, 0, 0, 1, 0, 0, 4, 'guest', '2016-11-28 09:32:09', 0, 0, '0000-00-00 00:00:00'),
(16, '', 24, '2017-01-31', '2017-02-02', '', '', '', '0000-00-00', '', 3, 3, 0, 0, NULL, '1150.00', '0.00', 0, 25, 0, 0, 0, 1, 0, 0, 4, 'guest', '2016-11-28 09:35:47', 0, 0, '0000-00-00 00:00:00'),
(17, '', 24, '2017-01-31', '2017-02-02', '', '', '', '0000-00-00', '', 3, 3, 0, 0, NULL, '1150.00', '0.00', 0, 25, 0, 0, 0, 1, 0, 0, 4, 'guest', '2016-11-28 09:38:55', 0, 0, '0000-00-00 00:00:00'),
(18, '', 24, '2017-01-31', '2017-02-02', '', '', '', '0000-00-00', '', 3, 3, 0, 0, NULL, '1150.00', '0.00', 0, 25, 0, 0, 0, 1, 0, 0, 4, 'guest', '2016-11-28 09:39:25', 0, 0, '0000-00-00 00:00:00'),
(19, '', 24, '2017-01-31', '2017-02-02', '', '', '', '0000-00-00', '', 3, 3, 0, 0, NULL, '1150.00', '0.00', 0, 25, 0, 0, 0, 1, 0, 0, 4, 'guest', '2016-11-28 09:42:59', 0, 0, '0000-00-00 00:00:00'),
(20, '', 24, '2017-01-31', '2017-02-02', '', '', '', '0000-00-00', '', 3, 3, 0, 0, NULL, '1150.00', '0.00', 0, 25, 0, 0, 0, 1, 0, 0, 4, 'guest', '2016-11-28 09:43:30', 0, 0, '0000-00-00 00:00:00'),
(21, '', 24, '2017-01-31', '2017-02-02', '', '', '', '0000-00-00', '', 4, 3, 1, 0, NULL, '1180.00', '0.00', 0, 25, 0, 0, 0, 1, 0, 0, 4, 'guest', '2016-11-28 10:29:18', 0, 0, '0000-00-00 00:00:00'),
(22, '', 9, '2016-11-22', '2016-11-24', '', '', '', '0000-00-00', '', 1, 1, 0, 0, NULL, '730.00', '0.00', 0, 25, 0, 0, 0, 1, 0, 0, 4, 'guest', '2016-11-28 16:40:36', 0, 0, '0000-00-00 00:00:00'),
(23, '', 9, '2016-11-22', '2016-11-25', '', '', '', '0000-00-00', '', 1, 1, 0, 0, NULL, '1030.00', '0.00', 0, 25, 0, 0, 0, 1, 0, 0, 4, 'guest', '2016-11-28 16:42:36', 0, 0, '0000-00-00 00:00:00'),
(24, '', 9, '2016-11-22', '2016-11-25', '', '', '', '0000-00-00', '', 1, 1, 0, 0, NULL, '1030.00', '0.00', 0, 25, 0, 0, 0, 1, 0, 0, 4, 'guest', '2016-11-28 16:50:54', 0, 0, '0000-00-00 00:00:00'),
(25, '', 9, '2016-11-22', '2016-11-25', '', '', '', '0000-00-00', '', 1, 1, 0, 0, NULL, '1600.00', '0.00', 0, 25, 0, 0, 0, 1, 0, 0, 4, 'guest', '2016-11-28 17:34:30', 0, 0, '0000-00-00 00:00:00'),
(26, '', 9, '2016-11-22', '2016-11-26', '', '', '', '0000-00-00', '', 1, 1, 0, 0, NULL, '1560.00', '0.00', 0, 25, 0, 0, 0, 1, 0, 0, 4, 'guest', '2016-11-28 17:37:26', 0, 0, '0000-00-00 00:00:00'),
(27, '', 9, '2016-11-22', '2016-11-24', '', '', '', '0000-00-00', '', 1, 1, 0, 0, NULL, '1300.00', '0.00', 0, 25, 0, 0, 0, 1, 0, 0, 4, 'guest', '2016-11-28 18:01:05', 0, 0, '0000-00-00 00:00:00'),
(28, '', 9, '2016-11-22', '2016-11-26', 'احمد محسن', '01007363256', 'mr.success789@gmail.com', '1992-11-17', 'الهرم', 5, 3, 2, 0, NULL, '10050.00', '0.00', 0, 25, 0, 0, 0, 1, 0, 0, 4, 'guest', '2016-11-28 18:19:27', 0, 0, '0000-00-00 00:00:00'),
(29, '', 9, '2016-11-22', '2016-11-26', 'احمد محسن', '01007363256', 'mr.success789@gmail.com', '1992-11-17', 'الهرم', 5, 3, 2, 0, NULL, '10050.00', '0.00', 0, 25, 0, 0, 0, 1, 0, 0, 4, 'guest', '2016-11-28 18:21:56', 0, 0, '0000-00-00 00:00:00'),
(30, '', 33, '2017-02-28', '2017-03-02', 'walid', '454545', 'mr.success70@yahoo.com', '1992-11-17', 'sdaasas', 3, 3, 0, 0, NULL, '600.00', '0.00', 0, 25, 0, 0, 0, 1, 0, 0, 4, 'guest', '2016-11-30 12:10:15', 0, 0, '0000-00-00 00:00:00'),
(31, '', 24, '2017-01-04', '2017-01-06', 'walid', '646464', 'mr.success70@yahoo.com', '1992-11-17', '64646464', 5, 4, 1, 0, NULL, '1980.00', '0.00', 0, 25, 0, 0, 0, 1, 0, 0, 4, 'guest', '2016-11-30 12:46:16', 0, 0, '0000-00-00 00:00:00'),
(32, '', 24, '2017-01-04', '2017-01-06', 'walid', '646464', 'mr.success70@yahoo.com', '1992-11-17', '64646464', 5, 4, 1, 0, NULL, '1450.00', '0.00', 0, 25, 0, 0, 0, 1, 0, 0, 4, 'guest', '2016-11-30 12:56:34', 0, 0, '0000-00-00 00:00:00'),
(33, '', 24, '2017-02-02', '2017-02-04', 'walid', '646464', 'mr.success70@yahoo.com', '1992-11-17', 'sdaasas', 3, 3, 0, 0, NULL, '1150.00', '0.00', 0, 25, 0, 0, 0, 1, 0, 0, 4, 'guest', '2016-11-30 13:24:57', 0, 0, '0000-00-00 00:00:00'),
(34, '', 24, '2017-01-04', '2017-01-06', 'walid', '646464', 'mr.success70@yahoo.com', '1992-11-17', '4sadsad', 4, 3, 1, 0, NULL, '2500.00', '0.00', 0, 25, 0, 0, 0, 1, 0, 0, 4, 'guest', '2016-11-30 14:18:32', 0, 0, '0000-00-00 00:00:00'),
(35, '', 24, '2017-01-04', '2017-01-06', 'walid', '646464', 'mr.success70@yahoo.com', '1992-11-17', '4sadsad', 4, 3, 1, 0, NULL, '2500.00', '0.00', 0, 25, 0, 0, 0, 1, 0, 0, 4, 'guest', '2016-11-30 14:25:04', 0, 0, '0000-00-00 00:00:00'),
(36, '', 24, '2017-01-04', '2017-01-06', 'walid', '646464', 'mr.success70@yahoo.com', '1992-11-17', '4sadsad', 4, 3, 1, 0, NULL, '2500.00', '0.00', 0, 25, 0, 0, 0, 1, 0, 0, 4, 'guest', '2016-11-30 14:26:36', 0, 0, '0000-00-00 00:00:00'),
(37, '', 24, '2017-01-04', '2017-01-06', 'walid', '646464', 'mr.success70@yahoo.com', '1992-11-17', '4sadsad', 4, 3, 1, 0, NULL, '2500.00', '0.00', 0, 25, 0, 0, 0, 1, 0, 0, 4, 'guest', '2016-11-30 14:31:38', 0, 0, '0000-00-00 00:00:00'),
(38, '', 24, '2017-01-31', '2017-02-02', 'walid', '646464', 'mr.success789@gmail.com', '1992-11-17', 'sdaasas', 4, 3, 1, 0, NULL, '1600.00', '0.00', 0, 25, 0, 0, 0, 1, 0, 0, 4, 'guest', '2016-11-30 14:43:09', 0, 0, '0000-00-00 00:00:00'),
(39, '', 24, '2017-01-31', '2017-02-02', 'walid@mv-is.com', '646464', 'mr.success70@yahoo.com', '1992-11-17', 'sdaasas', 4, 3, 1, 0, NULL, '1600.00', '0.00', 0, 25, 0, 0, 0, 1, 0, 0, 4, 'guest', '2016-11-30 14:50:15', 0, 0, '0000-00-00 00:00:00'),
(40, '', 24, '2017-01-31', '2017-02-02', 'walid@mv-is.com', '646464', 'mr.success70@yahoo.com', '1992-11-17', 'sdaasas', 4, 3, 1, 0, NULL, '1600.00', '0.00', 0, 25, 0, 0, 0, 1, 0, 0, 4, 'guest', '2016-11-30 15:05:12', 0, 0, '0000-00-00 00:00:00'),
(41, '', 24, '2017-01-31', '2017-02-02', 'walid@mv-is.com', '646464', 'mr.success70@yahoo.com', '1992-11-17', 'sdaasas', 4, 3, 1, 0, NULL, '1600.00', '0.00', 0, 25, 0, 0, 0, 1, 0, 0, 4, 'guest', '2016-11-30 15:06:42', 0, 0, '0000-00-00 00:00:00'),
(42, '', 24, '2017-01-31', '2017-02-02', 'walid@mv-is.com', '646464', 'mr.success70@yahoo.com', '1992-11-17', 'sdaasas', 4, 3, 1, 0, NULL, '1600.00', '0.00', 0, 25, 0, 0, 0, 1, 0, 0, 4, 'guest', '2016-11-30 15:11:18', 0, 0, '0000-00-00 00:00:00'),
(43, '', 24, '2017-01-31', '2017-02-02', 'walid', '646464', 'mr.success70@yahoo.com', '1992-11-17', 'sdaasas', 3, 3, 0, 0, NULL, '2080.00', '0.00', 0, 25, 0, 0, 0, 1, 0, 0, 4, 'guest', '2016-11-30 15:14:52', 0, 0, '0000-00-00 00:00:00'),
(44, '', 33, '2017-03-02', '2017-03-10', 'walid', '646464', 'mr.success789@gmail.com', '1992-11-17', 'sdaasas', 1, 1, 0, 0, NULL, '800.00', '0.00', 0, 25, 0, 0, 0, 1, 0, 0, 4, 'guest', '2016-12-08 15:29:26', 0, 0, '0000-00-00 00:00:00'),
(45, '', 6, '2016-12-23', '2016-12-31', 'walid', '646464', 'mr.success70@yahoo.com', '1992-11-17', 'sdaasas', 5, 5, 0, 0, NULL, '7280.00', '0.00', 0, 25, 0, 0, 1, 1, 0, 0, 4, 'guest', '2016-12-18 13:21:16', 0, 0, '0000-00-00 00:00:00'),
(46, '', 6, '2016-12-24', '2016-12-31', 'walid', '646464', 'mr.success70@yahoo.com', '1992-11-17', 'aa', 3, 3, 0, 0, NULL, '3570.00', '0.00', 0, 25, 0, 0, 1, 1, 0, 0, 4, 'guest', '2016-12-18 13:38:30', 0, 0, '0000-00-00 00:00:00'),
(47, '', 6, '2016-12-24', '2016-12-31', 'walid', '646464', 'mr.success70@yahoo.com', '1992-11-17', 'aa', 3, 3, 0, 0, NULL, '3570.00', '0.00', 0, 25, 0, 0, 1, 1, 0, 0, 4, 'guest', '2016-12-18 13:39:55', 0, 0, '0000-00-00 00:00:00'),
(48, '', 36, '2016-12-23', '2016-12-28', 'mahmoud', '646464', 'mr.success70@yahoo.com', '1992-11-17', 'sdaasas', 1, 1, 0, 0, NULL, '11100.00', '0.00', 0, 25, 0, 0, 0, 1, 0, 0, 4, 'guest', '2016-12-19 23:48:09', 0, 0, '0000-00-00 00:00:00'),
(49, '', 6, '2017-06-06', '2017-06-08', '', '', '', '0000-00-00', '', 3, 1, 2, 0, NULL, '530.00', '0.00', 0, 25, 0, 0, 0, 1, 0, 0, 0, '', '2017-01-26 16:02:01', 0, 0, '0000-00-00 00:00:00'),
(50, '', 6, '2017-06-06', '2017-06-07', 'mahmoud', '646464', 'mr.success70@yahoo.com', '1992-11-17', 'aa', 7, 5, 2, 0, NULL, '300.00', '0.00', 0, 25, 0, 0, 0, 1, 0, 0, 0, '', '2017-01-26 18:36:59', 0, 0, '0000-00-00 00:00:00'),
(51, '', 6, '2017-06-06', '2017-06-07', 'mahmoud', '646464', 'mr.success70@yahoo.com', '1992-11-17', 'aa', 7, 5, 2, 0, NULL, '300.00', '0.00', 0, 25, 0, 0, 0, 1, 0, 0, 0, '', '2017-01-26 18:38:35', 0, 0, '0000-00-00 00:00:00'),
(52, '', 6, '2017-06-06', '2017-06-07', 'walid@mv-is.com', '646464', 'mr.success789@gmail.com', '1992-11-17', 'aa', 7, 5, 2, 0, NULL, '300.00', '0.00', 0, 25, 0, 0, 0, 1, 0, 0, 0, '', '2017-01-26 18:45:11', 0, 0, '0000-00-00 00:00:00'),
(53, '', 6, '2017-06-06', '2017-06-07', 'walid@mv-is.com', '646464', 'mr.success789@gmail.com', '1992-11-17', 'aa', 7, 5, 2, 0, NULL, '300.00', '0.00', 0, 25, 0, 0, 0, 1, 0, 0, 0, '', '2017-01-26 18:46:04', 0, 0, '0000-00-00 00:00:00'),
(54, '', 6, '2017-06-06', '2017-06-07', 'walid@mv-is.com', '646464', 'mr.success789@gmail.com', '1992-11-17', 'aa', 7, 5, 2, 0, NULL, '300.00', '0.00', 0, 25, 0, 0, 0, 1, 0, 0, 0, '', '2017-01-26 19:01:05', 0, 0, '0000-00-00 00:00:00'),
(55, '', 6, '2017-06-06', '2017-06-07', 'walid@mv-is.com', '646464', 'mr.success789@gmail.com', '1992-11-17', 'aa', 7, 5, 2, 0, NULL, '300.00', '0.00', 0, 25, 0, 0, 0, 1, 0, 0, 0, '', '2017-01-26 19:01:18', 0, 0, '0000-00-00 00:00:00'),
(56, '', 6, '2017-06-06', '2017-06-07', 'walid@mv-is.com', '646464', 'mr.success789@gmail.com', '1992-11-17', 'aa', 7, 5, 2, 0, NULL, '300.00', '0.00', 0, 25, 0, 0, 0, 1, 0, 0, 0, '', '2017-01-26 19:03:28', 0, 0, '0000-00-00 00:00:00'),
(57, '', 6, '2017-06-06', '2017-06-07', 'walid@mv-is.com', '646464', 'mr.success789@gmail.com', '1992-11-17', 'aa', 7, 5, 2, 0, NULL, '300.00', '0.00', 0, 25, 0, 0, 0, 1, 0, 0, 0, '', '2017-01-26 19:04:41', 0, 0, '0000-00-00 00:00:00'),
(58, '', 6, '2017-06-06', '2017-06-07', 'walid@mv-is.com', '646464', 'mr.success789@gmail.com', '1992-11-17', 'aa', 7, 5, 2, 0, NULL, '300.00', '0.00', 0, 25, 0, 0, 0, 1, 0, 0, 0, '', '2017-01-26 19:05:11', 0, 0, '0000-00-00 00:00:00'),
(59, '', 6, '2017-06-06', '2017-06-07', 'walid@mv-is.com', '646464', 'mr.success789@gmail.com', '1992-11-17', 'aa', 7, 5, 2, 0, NULL, '300.00', '0.00', 0, 25, 0, 0, 0, 1, 0, 0, 0, '', '2017-01-26 19:08:18', 0, 0, '0000-00-00 00:00:00'),
(60, '', 6, '2017-06-06', '2017-06-07', 'walid@mv-is.com', '646464', 'mr.success789@gmail.com', '1992-11-17', 'aa', 7, 5, 2, 0, NULL, '300.00', '0.00', 0, 25, 0, 0, 0, 1, 0, 0, 0, '', '2017-01-26 19:12:05', 0, 0, '0000-00-00 00:00:00'),
(61, '', 6, '2017-06-06', '2017-06-07', 'walid@mv-is.com', '646464', 'mr.success789@gmail.com', '1992-11-17', 'aa', 7, 5, 2, 0, NULL, '300.00', '0.00', 0, 25, 0, 0, 0, 1, 0, 0, 0, '', '2017-01-26 19:12:45', 0, 0, '0000-00-00 00:00:00'),
(62, '', 6, '2017-06-06', '2017-06-07', 'walid@mv-is.com', '646464', 'mr.success789@gmail.com', '1992-11-17', 'aa', 7, 5, 2, 0, NULL, '300.00', '0.00', 0, 25, 0, 0, 0, 1, 0, 0, 0, '', '2017-01-26 19:13:56', 0, 0, '0000-00-00 00:00:00'),
(63, '', 6, '2017-06-06', '2017-06-07', 'walid@mv-is.com', '646464', 'mr.success789@gmail.com', '1992-11-17', 'aa', 7, 5, 2, 0, NULL, '300.00', '0.00', 0, 25, 0, 0, 0, 1, 0, 0, 0, '', '2017-01-26 19:15:57', 0, 0, '0000-00-00 00:00:00'),
(64, '', 6, '2017-06-07', '2017-06-08', '', '', '', '0000-00-00', '', 1, 1, 0, 0, NULL, '45.00', '0.00', 0, 25, 0, 0, 0, 1, 0, 0, 0, '', '2017-01-26 20:03:05', 0, 0, '0000-00-00 00:00:00'),
(65, '', 6, '2017-06-07', '2017-06-08', '', '', '', '0000-00-00', '', 1, 1, 0, 0, NULL, '45.00', '0.00', 0, 25, 0, 0, 0, 1, 0, 0, 0, '', '2017-01-26 20:05:06', 0, 0, '0000-00-00 00:00:00'),
(66, '', 6, '2017-06-08', '2017-06-09', 'mahmoud', '646464', 'mr.success70@yahoo.com', '1992-11-17', 'aa', 2, 1, 1, 0, NULL, '95.00', '0.00', 0, 25, 0, 0, 0, 1, 0, 0, 0, '', '2017-01-26 20:44:23', 0, 0, '0000-00-00 00:00:00'),
(67, '', 6, '2017-06-07', '2017-06-08', 'mahmoud', '646464', 'mr.success70@yahoo.com', '1992-11-17', 'aa', 2, 1, 1, 0, NULL, '105.00', '0.00', 0, 25, 0, 0, 0, 1, 0, 0, 0, '', '2017-01-28 10:02:57', 0, 0, '0000-00-00 00:00:00'),
(68, '', 6, '2017-06-07', '2017-06-08', 'mahmoud', '646464', 'mr.success70@yahoo.com', '1992-11-17', 'aa', 2, 1, 1, 0, NULL, '105.00', '0.00', 0, 25, 0, 0, 0, 1, 0, 0, 0, '', '2017-01-28 10:03:57', 0, 0, '0000-00-00 00:00:00'),
(69, '', 6, '2017-06-07', '2017-06-08', 'mahmoud', '646464', 'mr.success70@yahoo.com', '1992-11-17', 'aa', 2, 1, 1, 0, NULL, '105.00', '0.00', 0, 25, 0, 0, 0, 1, 0, 0, 0, '', '2017-01-28 10:04:43', 0, 0, '0000-00-00 00:00:00'),
(70, '', 6, '2017-06-08', '2017-06-09', 'mahmoud', '646464', 'mr.success70@yahoo.com', '1992-11-17', 'aa', 2, 1, 1, 0, NULL, '95.00', '0.00', 0, 25, 0, 0, 0, 1, 1, 0, 0, '', '2017-01-28 10:29:05', 0, 0, '0000-00-00 00:00:00'),
(71, '', 6, '2017-06-08', '2017-06-10', 'mahmoud', '646464', 'mr.success70@yahoo.com', '1992-11-17', 'aa', 6, 5, 1, 0, NULL, '470.00', '0.00', 0, 25, 0, 0, 0, 1, 2, 0, 0, '', '2017-01-28 11:27:23', 0, 0, '0000-00-00 00:00:00'),
(72, '', 6, '2017-06-08', '2017-06-10', 'mahmoud', '646464', 'mr.success70@yahoo.com', '1992-11-17', 'aa', 6, 5, 1, 0, NULL, '470.00', '0.00', 0, 25, 0, 0, 0, 1, 2, 0, 0, '', '2017-01-28 11:28:46', 0, 0, '0000-00-00 00:00:00'),
(73, '', 6, '2017-06-08', '2017-06-10', 'mahmoud', '646464', 'mr.success70@yahoo.com', '1992-11-17', 'aa', 6, 5, 1, 0, NULL, '470.00', '0.00', 0, 25, 0, 0, 0, 1, 2, 0, 0, '', '2017-01-28 11:29:07', 0, 0, '0000-00-00 00:00:00'),
(74, '', 6, '2017-06-08', '2017-06-10', 'mahmoud', '646464', 'mr.success70@yahoo.com', '1992-11-17', 'aa', 6, 5, 1, 0, NULL, '470.00', '0.00', 0, 25, 0, 0, 0, 1, 2, 0, 0, '', '2017-01-28 11:33:25', 0, 0, '0000-00-00 00:00:00'),
(75, '', 6, '2017-06-08', '2017-06-10', 'mahmoud', '646464', 'mr.success70@yahoo.com', '1992-11-17', 'aa', 6, 5, 1, 0, NULL, '440.00', '0.00', 1, 25, 25, 0, 0, 1, 2, 0, 22, 'employee', '2017-01-28 12:11:11', 0, 0, '0000-00-00 00:00:00'),
(76, '', 45, '2017-02-18', '2017-02-25', '', '', '', '0000-00-00', '', 1, 1, 0, 0, NULL, '7000.00', '0.00', 0, 48, 0, 0, 0, 1, 7, 0, 11, 'guest', '2017-02-05 19:47:38', 0, 0, '0000-00-00 00:00:00'),
(77, '', 45, '2017-02-18', '2017-02-25', '', '', '', '0000-00-00', '', 1, 1, 0, 0, NULL, '7000.00', '0.00', 0, 48, 48, 0, 0, 1, 7, 0, 11, 'guest', '2017-02-05 19:50:37', 0, 0, '0000-00-00 00:00:00'),
(78, '', 45, '2017-02-15', '2017-02-23', 'amr mohamed', '01000086293', 'amrandcompany@gmail.com', '1982-06-15', '4ش ونس متفرع من شارع محطة حلمية الزيتون', 1, 1, 0, 0, NULL, '8000.00', '0.00', 1, 48, 48, 0, 0, 1, 8, 0, 13, 'guest', '2017-02-07 09:29:43', 0, 0, '0000-00-00 00:00:00'),
(79, '', 45, '2017-02-14', '2017-02-28', '', '', '', '0000-00-00', '', 1, 1, 0, 0, NULL, '14000.00', '0.00', 0, 48, 48, 0, 0, 1, 14, 0, 11, 'guest', '2017-02-07 17:50:55', 0, 0, '0000-00-00 00:00:00'),
(80, '', 6, '2017-06-08', '2017-06-10', 'mahmoud', '222', 'mr.success70@yahoo.com', '1992-11-17', 'aa', 2, 1, 1, 0, NULL, '160.00', '0.00', 1, 25, 52, 51, 0, 1, 2, 0, 26, 'employee', '2017-02-28 10:35:57', 0, 0, '0000-00-00 00:00:00'),
(81, '', 6, '2017-06-08', '2017-06-10', 'mahmoud', '222', 'mr.success70@yahoo.com', '1992-11-17', 'aa', 2, 1, 1, 0, NULL, '160.00', '0.00', 1, 25, 52, 51, 0, 1, 2, 0, 26, 'employee', '2017-02-28 10:41:28', 0, 0, '0000-00-00 00:00:00'),
(82, '', 6, '2017-06-08', '2017-06-10', 'mahmoud', '646464', 'mr.success70@yahoo.com', '1992-11-17', 'aa', 2, 1, 1, 0, NULL, '160.00', '155.00', 1, 25, 52, 51, 0, 1, 2, 0, 26, 'employee', '2017-02-28 11:37:49', 0, 0, '0000-00-00 00:00:00'),
(83, '', 6, '2017-06-08', '2017-06-10', 'mahmoud', '646464', 'mr.success70@yahoo.com', '1992-11-17', 'aa', 2, 1, 1, 0, NULL, '160.00', '155.00', 1, 25, 52, 51, 0, 1, 2, 0, 26, 'employee', '2017-02-27 12:38:03', 0, 0, '0000-00-00 00:00:00'),
(84, '', 6, '2017-06-08', '2017-06-10', '', '', '', '0000-00-00', '', 1, 1, 0, 0, NULL, '360.00', '349.00', 1, 25, 52, 51, 0, 0, 2, 0, 26, 'employee', '2017-02-28 17:57:03', 0, 0, '0000-00-00 00:00:00'),
(85, '', 6, '2017-06-07', '2017-06-09', '', '', '', '0000-00-00', '', 2, 1, 1, 0, NULL, '700.00', '679.00', 1, 25, 52, 51, 0, 0, 2, 0, 26, 'employee', '2017-03-01 14:22:52', 0, 0, '0000-00-00 00:00:00'),
(86, '', 45, '2017-06-09', '2017-06-10', '', '', '', '0000-00-00', '', 1, 1, 0, 0, NULL, '1175.00', '1175.00', 0, 48, 48, 0, 0, 1, 1, 0, 9, 'guest', '2017-03-05 14:40:35', 0, 0, '0000-00-00 00:00:00'),
(87, '', 45, '2017-06-09', '2017-06-10', '', '', '', '0000-00-00', '', 1, 1, 0, 0, NULL, '1175.00', '1175.00', 0, 48, 48, 0, 0, 1, 1, 0, 9, 'guest', '2017-03-05 14:41:43', 0, 0, '0000-00-00 00:00:00'),
(88, '', 45, '2017-06-09', '2017-06-10', '', '', '', '0000-00-00', '', 1, 1, 0, 0, NULL, '1175.00', '1175.00', 0, 48, 48, 0, 0, 1, 1, 0, 9, 'guest', '2017-03-05 14:44:45', 0, 0, '0000-00-00 00:00:00'),
(89, '', 45, '2017-06-09', '2017-06-10', '', '', '', '0000-00-00', '', 1, 1, 0, 0, NULL, '1175.00', '1175.00', 0, 48, 48, 0, 0, 1, 1, 0, 9, 'guest', '2017-03-05 14:47:51', 0, 0, '0000-00-00 00:00:00'),
(90, '', 45, '2017-06-09', '2017-06-10', '', '', '', '0000-00-00', '', 1, 1, 0, 0, NULL, '1175.00', '1175.00', 0, 48, 48, 0, 0, 1, 1, 0, 9, 'guest', '2017-03-05 15:18:57', 0, 0, '0000-00-00 00:00:00'),
(91, '', 45, '2017-06-13', '2017-06-14', 'amr', '01242225889', 'amrandcompany@gmail.com', '1909-10-26', 'dsdsadsa sa dsadsadasdsad', 1, 1, 0, 0, NULL, '1175.00', '1175.00', 0, 48, 48, 0, 0, 1, 1, 0, 9, 'guest', '2017-03-05 15:42:33', 0, 0, '0000-00-00 00:00:00'),
(92, '', 45, '2017-06-09', '2017-06-10', '', '', '', '0000-00-00', '', 1, 1, 0, 0, NULL, '1120.00', '1120.00', 0, 48, 48, 0, 0, 1, 1, 0, 9, 'guest', '2017-03-05 15:49:08', 0, 0, '0000-00-00 00:00:00'),
(93, '', 45, '2017-06-13', '2017-06-14', '', '', '', '0000-00-00', '', 1, 1, 0, 0, NULL, '1000.00', '1000.00', 0, 48, 48, 0, 0, 1, 1, 0, 9, 'guest', '2017-03-05 15:52:14', 0, 0, '0000-00-00 00:00:00'),
(94, '', 45, '2017-06-13', '2017-06-14', '', '', '', '0000-00-00', '', 1, 1, 0, 0, NULL, '1000.00', '1000.00', 0, 48, 48, 0, 0, 1, 1, 0, 9, 'guest', '2017-03-05 15:52:37', 0, 0, '0000-00-00 00:00:00'),
(95, '', 45, '2017-06-08', '2017-06-10', '', '', '', '0000-00-00', '', 1, 1, 0, 0, NULL, '2110.00', '2110.00', 0, 48, 48, 0, 0, 1, 2, 0, 9, 'guest', '2017-03-07 12:51:04', 0, 0, '0000-00-00 00:00:00'),
(96, '', 45, '2017-06-08', '2017-06-10', '', '', '', '0000-00-00', '', 1, 1, 0, 0, NULL, '2110.00', '2110.00', 0, 48, 48, 0, 0, 1, 2, 0, 9, 'guest', '2017-03-07 12:51:49', 0, 0, '0000-00-00 00:00:00'),
(97, '', 45, '2017-06-08', '2017-06-10', '', '', '', '0000-00-00', '', 1, 1, 0, 0, NULL, '2110.00', '2110.00', 0, 48, 48, 0, 0, 1, 2, 0, 9, 'guest', '2017-03-07 12:53:19', 0, 0, '0000-00-00 00:00:00'),
(98, '', 45, '2017-06-08', '2017-06-10', '', '', '', '0000-00-00', '', 1, 1, 0, 0, NULL, '2110.00', '2110.00', 0, 48, 48, 0, 0, 1, 2, 0, 9, 'guest', '2017-03-07 12:54:35', 0, 0, '0000-00-00 00:00:00'),
(99, '', 45, '2017-06-08', '2017-06-10', '', '', '', '0000-00-00', '', 1, 1, 0, 0, NULL, '2110.00', '2110.00', 0, 48, 48, 0, 0, 1, 2, 0, 9, 'guest', '2017-03-07 12:56:40', 0, 0, '0000-00-00 00:00:00'),
(100, '', 45, '2017-06-08', '2017-06-10', '', '', '', '0000-00-00', '', 1, 1, 0, 0, NULL, '2000.00', '2000.00', 0, 48, 48, 0, 0, 1, 2, 0, 9, 'guest', '2017-03-07 12:57:29', 0, 0, '0000-00-00 00:00:00'),
(101, '', 45, '2017-06-08', '2017-06-10', '', '', '', '0000-00-00', '', 1, 1, 0, 0, NULL, '2110.00', '2110.00', 0, 48, 48, 0, 0, 1, 2, 0, 9, 'guest', '2017-03-07 12:58:57', 0, 0, '0000-00-00 00:00:00'),
(102, '', 45, '2017-06-08', '2017-06-10', '', '', '', '0000-00-00', '', 1, 1, 0, 0, NULL, '2110.00', '2110.00', 0, 48, 48, 0, 0, 1, 2, 0, 9, 'guest', '2017-03-07 13:00:41', 0, 0, '0000-00-00 00:00:00'),
(103, '', 45, '2017-06-08', '2017-06-10', '', '', '', '0000-00-00', '', 1, 1, 0, 0, NULL, '2110.00', '2110.00', 0, 48, 48, 0, 0, 1, 2, 0, 9, 'guest', '2017-03-07 13:03:00', 0, 0, '0000-00-00 00:00:00'),
(104, '', 45, '2017-06-05', '2017-06-14', '', '', '', '0000-00-00', '', 1, 1, 0, 0, NULL, '9000.00', '9000.00', 0, 48, 48, 0, 0, 1, 9, 0, 9, 'guest', '2017-03-07 13:04:58', 0, 0, '0000-00-00 00:00:00'),
(105, '', 45, '2017-06-08', '2017-06-10', '', '', '', '0000-00-00', '', 1, 1, 0, 0, NULL, '2000.00', '2000.00', 0, 48, 48, 0, 0, 1, 2, 0, 9, 'guest', '2017-03-07 13:07:25', 0, 0, '0000-00-00 00:00:00'),
(106, '', 45, '2017-06-14', '2017-06-22', '', '', '', '0000-00-00', '', 1, 1, 0, 0, NULL, '8000.00', '8000.00', 0, 48, 48, 0, 0, 1, 8, 0, 9, 'guest', '2017-03-07 13:25:39', 0, 0, '0000-00-00 00:00:00'),
(107, '', 45, '2017-06-14', '2017-06-22', '', '', '', '0000-00-00', '', 1, 1, 0, 0, NULL, '8000.00', '8000.00', 0, 48, 48, 0, 0, 1, 8, 0, 9, 'guest', '2017-03-07 13:27:16', 0, 0, '0000-00-00 00:00:00'),
(108, '', 45, '2017-06-14', '2017-06-22', '', '', '', '0000-00-00', '', 1, 1, 0, 0, NULL, '8000.00', '8000.00', 0, 48, 48, 0, 0, 1, 8, 0, 9, 'guest', '2017-03-07 13:31:30', 0, 0, '0000-00-00 00:00:00'),
(109, '', 45, '2017-06-14', '2017-06-22', '', '', '', '0000-00-00', '', 1, 1, 0, 0, NULL, '8000.00', '8000.00', 0, 48, 48, 0, 0, 1, 8, 0, 9, 'guest', '2017-03-07 13:32:59', 0, 0, '0000-00-00 00:00:00'),
(110, '', 45, '2017-06-11', '2017-06-14', '', '', '', '0000-00-00', '', 1, 1, 0, 0, NULL, '3165.00', '3007.00', 0, 48, 56, 55, 0, 1, 3, 0, 29, 'employee', '2017-03-07 13:37:40', 0, 0, '0000-00-00 00:00:00'),
(111, '', 45, '2017-06-14', '2017-06-22', '', '', '', '0000-00-00', '', 1, 1, 0, 0, NULL, '8000.00', '8000.00', 0, 48, 48, 0, 0, 1, 8, 0, 9, 'guest', '2017-03-07 13:38:04', 0, 0, '0000-00-00 00:00:00'),
(112, '', 45, '2017-06-11', '2017-06-14', '', '', '', '0000-00-00', '', 1, 1, 0, 0, NULL, '3165.00', '3007.00', 0, 48, 56, 55, 0, 1, 3, 0, 29, 'employee', '2017-03-07 13:39:22', 0, 0, '0000-00-00 00:00:00'),
(113, '', 45, '2017-06-11', '2017-06-13', '', '', '', '0000-00-00', '', 1, 1, 0, 0, NULL, '2110.00', '2110.00', 0, 48, 48, 0, 0, 1, 2, 0, 9, 'guest', '2017-03-07 13:57:55', 0, 0, '0000-00-00 00:00:00'),
(114, '', 45, '2017-06-20', '2017-06-21', '', '', '', '0000-00-00', '', 1, 1, 0, 0, NULL, '1055.00', '1055.00', 0, 48, 48, 0, 0, 1, 1, 0, 9, 'guest', '2017-03-07 14:02:25', 0, 0, '0000-00-00 00:00:00'),
(115, '', 45, '2017-06-11', '2017-06-13', '', '', '', '0000-00-00', '', 1, 1, 0, 0, NULL, '2110.00', '2110.00', 0, 48, 48, 0, 0, 1, 2, 0, 9, 'guest', '2017-03-07 14:08:27', 0, 0, '0000-00-00 00:00:00'),
(116, '', 45, '2017-06-12', '2017-06-14', '', '', '', '0000-00-00', '', 1, 1, 0, 0, NULL, '2110.00', '2110.00', 0, 48, 48, 0, 0, 1, 2, 0, 9, 'guest', '2017-03-07 14:17:33', 0, 0, '0000-00-00 00:00:00'),
(117, '', 45, '2017-06-13', '2017-06-15', '', '', '', '0000-00-00', '', 1, 1, 0, 0, NULL, '2110.00', '2110.00', 0, 48, 48, 0, 0, 1, 2, 0, 9, 'guest', '2017-03-07 14:25:03', 0, 0, '0000-00-00 00:00:00'),
(118, '', 45, '2017-06-13', '2017-06-15', '', '', '', '0000-00-00', '', 2, 1, 1, 0, NULL, '2350.00', '2350.00', 0, 48, 48, 0, 0, 1, 2, 0, 9, 'guest', '2017-03-07 14:27:34', 0, 0, '0000-00-00 00:00:00'),
(119, '', 45, '2017-06-19', '2017-06-20', '', '', '', '0000-00-00', '', 1, 1, 0, 0, NULL, '1055.00', '1055.00', 0, 48, 48, 0, 0, 1, 1, 0, 9, 'guest', '2017-03-07 14:50:24', 0, 0, '0000-00-00 00:00:00'),
(120, '', 45, '2017-06-19', '2017-06-21', '', '', '', '0000-00-00', '', 2, 1, 1, 0, NULL, '2350.00', '2350.00', 0, 48, 48, 0, 0, 1, 2, 0, 9, 'guest', '2017-03-07 14:53:17', 0, 0, '0000-00-00 00:00:00'),
(121, '', 45, '2017-06-08', '2017-06-09', '', '', '', '0000-00-00', '', 1, 1, 0, 0, NULL, '1000.00', '1000.00', 0, 48, 48, 0, 0, 1, 1, 0, 9, 'guest', '2017-03-07 14:55:49', 0, 0, '0000-00-00 00:00:00'),
(122, '', 45, '2017-06-15', '2017-06-16', '', '', '', '0000-00-00', '', 1, 1, 0, 0, NULL, '1055.00', '1055.00', 0, 48, 48, 0, 0, 1, 1, 0, 9, 'guest', '2017-03-07 14:59:23', 0, 0, '0000-00-00 00:00:00'),
(123, '', 45, '2017-06-21', '2017-06-22', '', '', '', '0000-00-00', '', 1, 1, 0, 0, NULL, '1055.00', '1055.00', 0, 48, 48, 0, 0, 1, 1, 0, 9, 'guest', '2017-03-07 15:01:49', 0, 0, '0000-00-00 00:00:00'),
(124, '', 45, '2017-06-14', '2017-06-16', '', '', '', '0000-00-00', '', 1, 1, 0, 0, NULL, '2110.00', '2110.00', 0, 48, 48, 0, 0, 1, 2, 0, 9, 'guest', '2017-03-07 16:48:56', 0, 0, '0000-00-00 00:00:00'),
(125, '', 45, '2017-03-25', '2017-06-09', '', '', '', '0000-00-00', '', 1, 1, 0, 0, NULL, '80180.00', '80180.00', 0, 48, 48, 0, 0, 1, 76, 0, 9, 'guest', '2017-03-09 10:35:29', 0, 0, '0000-00-00 00:00:00'),
(126, '', 45, '2017-06-08', '2017-06-21', 'alwesam', '', 'solder_X@hotmail.com', '2000-03-07', '4ش ونس متفرع من شارع محطة حلمية الزيتون', 1, 1, 0, 0, NULL, '26715.00', '26715.00', 0, 48, 48, 0, 0, 1, 13, 0, 9, 'guest', '2017-03-09 14:35:46', 0, 0, '0000-00-00 00:00:00'),
(127, '', 45, '2017-03-14', '2017-04-15', '', '', '', '0000-00-00', '', 1, 1, 0, 0, NULL, '33760.00', '33760.00', 0, 48, 48, 0, 0, 1, 32, 0, 9, 'guest', '2017-03-09 16:55:01', 0, 0, '0000-00-00 00:00:00'),
(128, '', 45, '2017-04-03', '2017-04-04', '', '', '', '0000-00-00', '', 1, 1, 0, 0, NULL, '1055.00', '1055.00', 0, 48, 48, 0, 0, 1, 1, 0, 9, 'guest', '2017-03-09 17:06:45', 0, 0, '0000-00-00 00:00:00'),
(129, '', 45, '2017-04-03', '2017-04-04', '', '', '', '0000-00-00', '', 1, 1, 0, 0, NULL, '1055.00', '1055.00', 0, 48, 48, 0, 0, 1, 1, 0, 9, 'guest', '2017-03-09 17:08:58', 0, 0, '0000-00-00 00:00:00'),
(130, '', 45, '2017-04-03', '2017-04-04', '', '', '', '0000-00-00', '', 1, 1, 0, 0, NULL, '1055.00', '1055.00', 0, 48, 48, 0, 0, 1, 1, 0, 9, 'guest', '2017-03-09 17:09:21', 0, 0, '0000-00-00 00:00:00'),
(131, '', 45, '2017-04-03', '2017-04-04', '', '', '', '0000-00-00', '', 1, 1, 0, 0, NULL, '1055.00', '1055.00', 0, 48, 48, 0, 0, 1, 1, 0, 9, 'guest', '2017-03-09 17:19:09', 0, 0, '0000-00-00 00:00:00'),
(132, '', 45, '2017-04-03', '2017-04-04', '', '', '', '0000-00-00', '', 1, 1, 0, 0, NULL, '1055.00', '1055.00', 0, 48, 48, 0, 0, 1, 1, 0, 9, 'guest', '2017-03-09 17:20:48', 0, 0, '0000-00-00 00:00:00'),
(133, '', 45, '2017-04-03', '2017-04-04', '', '', '', '0000-00-00', '', 1, 1, 0, 0, NULL, '1055.00', '1055.00', 0, 48, 48, 0, 0, 1, 1, 0, 9, 'guest', '2017-03-09 17:22:51', 0, 0, '0000-00-00 00:00:00'),
(134, '', 45, '2017-04-03', '2017-04-04', '', '', '', '0000-00-00', '', 1, 1, 0, 0, NULL, '1055.00', '1055.00', 0, 48, 48, 0, 0, 1, 1, 0, 9, 'guest', '2017-03-09 17:23:36', 0, 0, '0000-00-00 00:00:00'),
(135, '', 45, '2017-04-03', '2017-04-04', '', '', '', '0000-00-00', '', 1, 1, 0, 0, NULL, '1055.00', '1055.00', 0, 48, 48, 0, 0, 1, 1, 0, 9, 'guest', '2017-03-09 17:25:52', 0, 0, '0000-00-00 00:00:00'),
(136, '', 45, '2017-04-03', '2017-04-04', '', '', '', '0000-00-00', '', 1, 1, 0, 0, NULL, '1000.00', '1000.00', 0, 48, 48, 0, 0, 1, 1, 0, 9, 'guest', '2017-03-09 17:27:16', 0, 0, '0000-00-00 00:00:00'),
(137, '', 45, '2017-04-03', '2017-04-04', '', '', '', '0000-00-00', '', 1, 1, 0, 0, NULL, '1000.00', '1000.00', 0, 48, 48, 0, 0, 1, 1, 0, 9, 'guest', '2017-03-09 17:28:00', 0, 0, '0000-00-00 00:00:00'),
(138, '', 45, '2017-04-03', '2017-04-04', '', '', '', '0000-00-00', '', 1, 1, 0, 0, NULL, '1055.00', '1055.00', 0, 48, 48, 0, 0, 1, 1, 0, 9, 'guest', '2017-03-09 17:31:01', 0, 0, '0000-00-00 00:00:00'),
(139, '', 45, '2017-04-03', '2017-04-04', '', '', '', '0000-00-00', '', 1, 1, 0, 0, NULL, '1000.00', '1000.00', 0, 48, 48, 0, 0, 1, 1, 0, 9, 'guest', '2017-03-09 17:31:18', 0, 0, '0000-00-00 00:00:00'),
(140, '', 45, '2017-04-03', '2017-04-04', '', '', '', '0000-00-00', '', 1, 1, 0, 0, NULL, '1000.00', '1000.00', 0, 48, 48, 0, 0, 1, 1, 0, 9, 'guest', '2017-03-09 17:33:34', 0, 0, '0000-00-00 00:00:00'),
(141, '', 45, '2017-04-06', '2017-04-07', '', '', '', '0000-00-00', '', 1, 1, 0, 0, NULL, '1055.00', '1055.00', 0, 48, 48, 0, 0, 1, 1, 1, 9, 'guest', '2017-03-09 17:42:14', 0, 0, '0000-00-00 00:00:00'),
(142, '', 45, '2017-04-06', '2017-04-07', '', '', '', '0000-00-00', '', 1, 1, 0, 0, NULL, '1000.00', '1000.00', 0, 48, 48, 0, 0, 1, 1, 1, 9, 'guest', '2017-03-09 17:49:10', 0, 0, '0000-00-00 00:00:00'),
(143, '', 45, '2017-04-06', '2017-04-07', '', '', '', '0000-00-00', '', 1, 1, 0, 0, NULL, '1055.00', '1055.00', 0, 48, 48, 0, 0, 1, 1, 0, 9, 'guest', '2017-03-09 17:56:22', 0, 0, '0000-00-00 00:00:00'),
(144, '', 45, '2017-04-06', '2017-04-07', '', '', '', '0000-00-00', '', 1, 1, 0, 0, NULL, '1055.00', '1055.00', 0, 48, 48, 0, 0, 1, 1, 1, 9, 'guest', '2017-03-09 17:59:11', 0, 0, '0000-00-00 00:00:00'),
(145, '', 45, '2017-04-06', '2017-04-07', '', '', '', '0000-00-00', '', 1, 1, 0, 0, NULL, '1000.00', '1000.00', 0, 48, 48, 0, 0, 1, 1, 0, 9, 'guest', '2017-03-09 18:00:11', 0, 0, '0000-00-00 00:00:00'),
(146, '', 45, '2017-04-06', '2017-04-07', '', '', '', '0000-00-00', '', 1, 1, 0, 0, NULL, '1055.00', '1055.00', 0, 48, 48, 0, 0, 1, 1, 1, 9, 'guest', '2017-03-09 18:00:36', 0, 0, '0000-00-00 00:00:00'),
(147, '', 45, '2017-04-06', '2017-04-07', '', '', '', '0000-00-00', '', 1, 1, 0, 0, NULL, '1000.00', '1000.00', 0, 48, 48, 0, 0, 1, 1, 1, 9, 'guest', '2017-03-09 18:02:48', 0, 0, '0000-00-00 00:00:00'),
(148, '', 45, '2017-04-06', '2017-04-07', '', '', '', '0000-00-00', '', 1, 1, 0, 0, NULL, '1055.00', '1055.00', 0, 48, 48, 0, 0, 1, 1, 1, 9, 'guest', '2017-03-09 18:05:45', 0, 0, '0000-00-00 00:00:00'),
(149, '', 45, '2017-04-06', '2017-04-07', '', '', '', '0000-00-00', '', 1, 1, 0, 0, NULL, '1055.00', '1055.00', 0, 48, 48, 0, 0, 1, 1, 1, 9, 'guest', '2017-03-09 18:06:30', 0, 0, '0000-00-00 00:00:00'),
(150, '', 45, '2017-06-02', '2017-06-07', 'mahmoud', '646464', 'mr.success70@yahoo.com', '1992-11-17', 'aa', 1, 1, 0, 0, NULL, '5275.00', '5275.00', 0, 48, 48, 0, 0, 1, 5, 0, 9, 'guest', '2017-03-18 12:51:29', 0, 0, '0000-00-00 00:00:00'),
(151, '', 45, '2017-06-02', '2017-06-07', 'mahmoud', '646464', 'mr.success70@yahoo.com', '1992-11-17', 'aa', 1, 1, 0, 0, NULL, '5875.00', '5875.00', 0, 48, 48, 0, 0, 1, 5, 0, 9, 'guest', '2017-03-18 13:02:23', 0, 0, '0000-00-00 00:00:00'),
(152, '', 45, '2017-06-08', '2017-06-10', 'mahmoud', '646464', 'mr.success70@yahoo.com', '1992-11-17', 'sdaasas', 1, 1, 0, 0, NULL, '2110.00', '2110.00', 0, 48, 48, 0, 0, 1, 2, 1, 9, 'guest', '2017-03-18 16:33:07', 0, 0, '0000-00-00 00:00:00'),
(153, '', 49, '2017-04-12', '2017-04-13', 'mahmoud', '646464', 'mr.success70@yahoo.com', '1992-11-17', 'aa', 1, 1, 0, 0, NULL, '170.00', '170.00', 0, 58, 58, 0, 0, 1, 1, 0, 15, 'guest', '2017-03-18 18:12:25', 0, 0, '0000-00-00 00:00:00'),
(154, '', 49, '2017-04-12', '2017-04-13', 'mahmoud', '646464', 'mr.success70@yahoo.com', '1992-11-17', 'aa', 1, 1, 0, 0, NULL, '170.00', '170.00', 0, 58, 58, 0, 0, 1, 1, 0, 15, 'guest', '2017-03-18 18:13:14', 0, 0, '0000-00-00 00:00:00'),
(155, '', 49, '2017-04-12', '2017-04-13', 'mahmoud', '646464', 'mr.success789@gmail.com', '1992-11-17', 'aa', 1, 1, 0, 0, NULL, '170.00', '170.00', 0, 58, 58, 0, 0, 1, 1, 0, 15, 'guest', '2017-03-18 18:13:41', 0, 0, '0000-00-00 00:00:00');

-- --------------------------------------------------------

--
-- Table structure for table `hotels_reservation_extra_services`
--

CREATE TABLE `hotels_reservation_extra_services` (
  `id` int(11) NOT NULL,
  `reservation_id` int(11) NOT NULL,
  `extra_services_id` int(11) NOT NULL,
  `person_or_room` tinyint(1) DEFAULT NULL,
  `number_of_adults` int(11) NOT NULL,
  `number_of_childs` int(11) NOT NULL,
  `creation_date` timestamp NOT NULL DEFAULT CURRENT_TIMESTAMP
) ENGINE=InnoDB DEFAULT CHARSET=utf8;

--
-- Dumping data for table `hotels_reservation_extra_services`
--

INSERT INTO `hotels_reservation_extra_services` (`id`, `reservation_id`, `extra_services_id`, `person_or_room`, `number_of_adults`, `number_of_childs`, `creation_date`) VALUES
(5, 16, 3, 1, 1, 0, '2016-11-28 09:35:47'),
(6, 16, 3, 1, 1, 0, '2016-11-28 09:35:47'),
(7, 17, 3, 1, 1, 0, '2016-11-28 09:38:56'),
(8, 17, 6, 0, 1, 0, '2016-11-28 09:38:56'),
(9, 18, 3, 1, 1, 0, '2016-11-28 09:39:25'),
(10, 18, 6, 0, 1, 0, '2016-11-28 09:39:25'),
(11, 19, 3, 1, 1, 0, '2016-11-28 09:42:59'),
(12, 19, 6, 0, 1, 0, '2016-11-28 09:43:00'),
(13, 20, 3, 1, 1, 0, '2016-11-28 09:43:31'),
(14, 20, 6, 0, 1, 0, '2016-11-28 09:43:31'),
(15, 21, 4, 1, 1, 0, '2016-11-28 10:29:19'),
(16, 21, 3, 1, 1, 0, '2016-11-28 10:29:19'),
(17, 21, 2, 0, 1, 0, '2016-11-28 10:29:19'),
(18, 22, 3, 1, 1, 0, '2016-11-28 16:40:36'),
(19, 22, 0, 0, 0, 0, '2016-11-28 16:40:37'),
(20, 23, 3, 1, 1, 0, '2016-11-28 16:42:36'),
(21, 23, 0, 0, 0, 0, '2016-11-28 16:42:36'),
(22, 24, 3, 1, 1, 0, '2016-11-28 16:50:54'),
(23, 24, 0, 0, 0, 0, '2016-11-28 16:50:54'),
(24, 25, 3, 1, 1, 0, '2016-11-28 17:34:31'),
(25, 25, 4, 1, 1, 0, '2016-11-28 17:34:31'),
(26, 26, 3, 1, 1, 0, '2016-11-28 17:37:27'),
(27, 26, 7, 1, 1, 0, '2016-11-28 17:37:27'),
(28, 27, 3, 1, 1, 0, '2016-11-28 18:01:06'),
(29, 27, 7, 1, 1, 0, '2016-11-28 18:01:06'),
(30, 27, 4, 1, 1, 0, '2016-11-28 18:01:06'),
(31, 27, 6, 0, 1, 0, '2016-11-28 18:01:06'),
(32, 27, 5, 0, 1, 0, '2016-11-28 18:01:06'),
(33, 28, 3, 1, 1, 1, '2016-11-28 18:19:28'),
(34, 28, 4, 1, 2, 1, '2016-11-28 18:19:28'),
(35, 28, 7, 1, 1, 1, '2016-11-28 18:19:28'),
(36, 28, 5, 0, 1, 1, '2016-11-28 18:19:28'),
(37, 28, 6, 0, 1, 2, '2016-11-28 18:19:28'),
(38, 29, 3, 1, 1, 1, '2016-11-28 18:21:57'),
(39, 29, 4, 1, 2, 1, '2016-11-28 18:21:57'),
(40, 29, 7, 1, 1, 1, '2016-11-28 18:21:57'),
(41, 29, 5, 0, 1, 1, '2016-11-28 18:21:57'),
(42, 29, 6, 0, 1, 2, '2016-11-28 18:21:57'),
(43, 31, 3, 1, 1, 1, '2016-11-30 12:46:17'),
(44, 31, 6, 0, 1, 1, '2016-11-30 12:46:17'),
(45, 31, 2, 0, 1, 1, '2016-11-30 12:46:17'),
(46, 32, 3, 1, 1, 0, '2016-11-30 12:56:35'),
(47, 32, 2, 0, 1, 0, '2016-11-30 12:56:35'),
(48, 32, 6, 0, 1, 0, '2016-11-30 12:56:35'),
(49, 33, 3, 1, 1, 0, '2016-11-30 13:24:57'),
(50, 33, 6, 0, 1, 0, '2016-11-30 13:24:57'),
(51, 34, 3, 1, 1, 1, '2016-11-30 14:18:33'),
(52, 34, 6, 0, 1, 1, '2016-11-30 14:18:33'),
(53, 35, 3, 1, 1, 1, '2016-11-30 14:25:04'),
(54, 35, 6, 0, 1, 1, '2016-11-30 14:25:04'),
(55, 36, 3, 1, 1, 1, '2016-11-30 14:26:36'),
(56, 36, 6, 0, 1, 1, '2016-11-30 14:26:36'),
(57, 37, 3, 1, 1, 1, '2016-11-30 14:31:38'),
(58, 37, 6, 0, 1, 1, '2016-11-30 14:31:38'),
(59, 38, 3, 1, 1, 1, '2016-11-30 14:43:09'),
(60, 38, 2, 0, 1, 1, '2016-11-30 14:43:09'),
(61, 39, 3, 1, 1, 1, '2016-11-30 14:50:16'),
(62, 39, 2, 0, 1, 1, '2016-11-30 14:50:16'),
(63, 40, 3, 1, 1, 1, '2016-11-30 15:05:12'),
(64, 40, 2, 0, 1, 1, '2016-11-30 15:05:12'),
(65, 41, 3, 1, 1, 1, '2016-11-30 15:06:43'),
(66, 41, 2, 0, 1, 1, '2016-11-30 15:06:43'),
(67, 42, 3, 1, 1, 1, '2016-11-30 15:11:18'),
(68, 42, 2, 0, 1, 1, '2016-11-30 15:11:18'),
(69, 43, 3, 1, 1, 0, '2016-11-30 15:14:53'),
(70, 43, 4, 1, 1, 0, '2016-11-30 15:14:53'),
(71, 43, 6, 0, 1, 0, '2016-11-30 15:14:53'),
(72, 45, 3, 1, 1, 0, '2016-12-18 13:21:17'),
(73, 45, 0, 0, 0, 0, '2016-12-18 13:21:17'),
(74, 46, 3, 1, 1, 0, '2016-12-18 13:38:31'),
(75, 46, 0, 0, 0, 0, '2016-12-18 13:38:31'),
(76, 47, 3, 1, 1, 0, '2016-12-18 13:39:56'),
(77, 47, 0, 0, 0, 0, '2016-12-18 13:39:56'),
(78, 48, 4, 1, 1, 0, '2016-12-19 23:48:09'),
(79, 48, 0, 0, 0, 0, '2016-12-19 23:48:09'),
(80, 64, 7, 1, 1, 0, '2017-01-26 20:03:05'),
(81, 64, 5, 0, 1, 0, '2017-01-26 20:03:05'),
(82, 65, 7, 1, 1, 0, '2017-01-26 20:05:06'),
(83, 65, 5, 0, 1, 0, '2017-01-26 20:05:06'),
(84, 66, 7, 1, 1, 0, '2017-01-26 20:44:23'),
(85, 66, 5, 0, 1, 0, '2017-01-26 20:44:23'),
(86, 69, 3, 1, 1, 0, '2017-01-28 10:04:43'),
(87, 69, 7, 1, 1, 0, '2017-01-28 10:04:43'),
(88, 69, 5, 0, 1, 0, '2017-01-28 10:04:43'),
(89, 70, 3, 1, 1, 0, '2017-01-28 10:29:05'),
(90, 70, 5, 0, 1, 0, '2017-01-28 10:29:05'),
(91, 72, 3, 1, 1, 0, '2017-01-28 11:28:46'),
(92, 72, 7, 1, 2, 0, '2017-01-28 11:28:46'),
(93, 73, 3, 1, 1, 0, '2017-01-28 11:29:07'),
(94, 73, 7, 1, 2, 0, '2017-01-28 11:29:07'),
(95, 73, 5, 0, 1, 0, '2017-01-28 11:29:07'),
(96, 74, 3, 1, 1, 0, '2017-01-28 11:33:25'),
(97, 74, 7, 1, 2, 0, '2017-01-28 11:33:26'),
(98, 74, 5, 0, 1, 0, '2017-01-28 11:33:26'),
(99, 75, 3, 1, 1, 0, '2017-01-28 12:11:11'),
(100, 75, 5, 0, 2, 0, '2017-01-28 12:11:11'),
(101, 84, 3, 1, 1, 0, '2017-02-28 17:57:03'),
(102, 85, 3, 1, 1, 0, '2017-03-01 14:22:53'),
(103, 85, 2, 0, 1, 0, '2017-03-01 14:22:53'),
(104, 86, 9, 1, 1, 0, '2017-03-05 14:40:35'),
(105, 87, 9, 1, 1, 0, '2017-03-05 14:41:43'),
(106, 88, 9, 1, 1, 0, '2017-03-05 14:44:45'),
(107, 89, 9, 1, 1, 0, '2017-03-05 14:47:51'),
(108, 90, 9, 1, 1, 0, '2017-03-05 15:18:57'),
(109, 91, 9, 1, 1, 0, '2017-03-05 15:42:33'),
(110, 91, 10, 0, 1, 0, '2017-03-05 15:42:33'),
(111, 95, 9, 1, 1, 0, '2017-03-07 12:51:04'),
(112, 96, 9, 1, 1, 0, '2017-03-07 12:51:50'),
(113, 97, 9, 1, 1, 0, '2017-03-07 12:53:19'),
(114, 98, 9, 1, 1, 0, '2017-03-07 12:54:35'),
(115, 99, 9, 1, 1, 0, '2017-03-07 12:56:40'),
(116, 100, 9, 1, 1, 0, '2017-03-07 12:57:29'),
(117, 101, 9, 1, 1, 0, '2017-03-07 12:58:57'),
(118, 102, 9, 1, 1, 0, '2017-03-07 13:00:41'),
(119, 103, 9, 1, 1, 0, '2017-03-07 13:03:00'),
(120, 110, 9, 1, 1, 0, '2017-03-07 13:37:41'),
(121, 112, 9, 1, 1, 0, '2017-03-07 13:39:22'),
(122, 113, 9, 1, 1, 0, '2017-03-07 13:57:55'),
(123, 114, 9, 1, 1, 0, '2017-03-07 14:02:25'),
(124, 115, 9, 1, 1, 0, '2017-03-07 14:08:27'),
(125, 116, 9, 1, 1, 0, '2017-03-07 14:17:33'),
(126, 117, 9, 1, 1, 0, '2017-03-07 14:25:03'),
(127, 118, 9, 1, 1, 0, '2017-03-07 14:27:34'),
(128, 119, 9, 1, 1, 0, '2017-03-07 14:50:25'),
(129, 120, 9, 1, 1, 0, '2017-03-07 14:53:18'),
(130, 122, 9, 1, 1, 0, '2017-03-07 14:59:23'),
(131, 123, 9, 1, 1, 0, '2017-03-07 15:01:50'),
(132, 124, 9, 1, 1, 0, '2017-03-07 16:48:56'),
(133, 125, 9, 1, 1, 0, '2017-03-09 10:35:38'),
(134, 126, 9, 1, 1, 0, '2017-03-09 14:35:48'),
(135, 127, 9, 1, 1, 0, '2017-03-09 16:55:05'),
(136, 128, 9, 1, 1, 0, '2017-03-09 17:06:45'),
(137, 129, 9, 1, 1, 0, '2017-03-09 17:08:58'),
(138, 130, 9, 1, 1, 0, '2017-03-09 17:09:21'),
(139, 131, 9, 1, 1, 0, '2017-03-09 17:19:09'),
(140, 132, 9, 1, 1, 0, '2017-03-09 17:20:48'),
(141, 133, 9, 1, 1, 0, '2017-03-09 17:22:51'),
(142, 134, 9, 1, 1, 0, '2017-03-09 17:23:36'),
(143, 135, 9, 1, 1, 0, '2017-03-09 17:25:52'),
(144, 136, 9, 1, 1, 0, '2017-03-09 17:27:16'),
(145, 137, 9, 1, 1, 0, '2017-03-09 17:28:00'),
(146, 138, 9, 1, 1, 0, '2017-03-09 17:31:02'),
(147, 139, 9, 1, 1, 0, '2017-03-09 17:31:18'),
(148, 140, 9, 1, 1, 0, '2017-03-09 17:33:35'),
(149, 141, 9, 1, 1, 0, '2017-03-09 17:42:15'),
(150, 143, 9, 1, 1, 0, '2017-03-09 17:56:22'),
(151, 144, 9, 1, 1, 0, '2017-03-09 17:59:11'),
(152, 145, 9, 1, 1, 0, '2017-03-09 18:00:12'),
(153, 146, 9, 1, 1, 0, '2017-03-09 18:00:36'),
(154, 148, 9, 1, 1, 0, '2017-03-09 18:05:45'),
(155, 149, 9, 1, 1, 0, '2017-03-09 18:06:30'),
(156, 150, 9, 1, 1, 0, '2017-03-18 12:51:30'),
(157, 151, 9, 1, 1, 0, '2017-03-18 13:02:24'),
(158, 151, 10, 0, 1, 0, '2017-03-18 13:02:24'),
(159, 152, 9, 1, 1, 0, '2017-03-18 16:33:07'),
(160, 153, 13, 1, 1, 0, '2017-03-18 18:12:25'),
(161, 154, 13, 1, 1, 0, '2017-03-18 18:13:14'),
(162, 155, 13, 1, 1, 0, '2017-03-18 18:13:42');

-- --------------------------------------------------------

--
-- Table structure for table `hotels_reservation_persons`
--

CREATE TABLE `hotels_reservation_persons` (
  `id` int(11) NOT NULL,
  `reservation_id` int(11) NOT NULL,
  `name` varchar(255) NOT NULL,
  `gender` varchar(10) NOT NULL,
  `birthdate` date NOT NULL,
  `created_by` int(11) NOT NULL,
  `date` timestamp NOT NULL DEFAULT CURRENT_TIMESTAMP
) ENGINE=InnoDB DEFAULT CHARSET=utf8;

--
-- Dumping data for table `hotels_reservation_persons`
--

INSERT INTO `hotels_reservation_persons` (`id`, `reservation_id`, `name`, `gender`, `birthdate`, `created_by`, `date`) VALUES
(4, 16, 'على', 'ذكر', '1992-11-17', 0, '2016-11-28 09:35:47'),
(5, 16, 'محمد', 'ذكر', '1992-11-17', 0, '2016-11-28 09:35:48'),
(6, 16, 'محمود', 'ذكر', '1992-11-17', 0, '2016-11-28 09:35:48'),
(7, 21, 'منار', 'أنثى', '1992-11-17', 0, '2016-11-28 10:29:19'),
(8, 21, 'بسنت', 'ذكر', '1970-01-01', 0, '2016-11-28 10:29:19'),
(9, 21, 'اميرة', 'ذكر', '1970-01-01', 0, '2016-11-28 10:29:19'),
(10, 21, 'هاجر', 'أنثى', '2010-02-05', 0, '2016-11-28 10:29:19'),
(11, 22, 'ششش', 'ذكر', '1992-11-17', 0, '2016-11-28 16:40:37'),
(12, 23, 'asdsad', 'ذكر', '1992-11-17', 0, '2016-11-28 16:42:37'),
(13, 24, 'احمد', 'ذكر', '1992-11-17', 0, '2016-11-28 16:50:54'),
(14, 27, 'احمد', 'ذكر', '1992-11-17', 0, '2016-11-28 18:01:06'),
(15, 28, 'احمد', 'ذكر', '1992-11-17', 0, '2016-11-28 18:19:29'),
(16, 28, 'محمود', 'ذكر', '1992-11-17', 0, '2016-11-28 18:19:29'),
(17, 28, 'هاجر', 'أنثى', '1992-11-17', 0, '2016-11-28 18:19:29'),
(18, 28, 'شهد', 'أنثى', '2010-02-05', 0, '2016-11-28 18:19:29'),
(19, 28, 'أيثيل', 'أنثى', '2010-02-05', 0, '2016-11-28 18:19:29'),
(20, 29, 'احمد', 'ذكر', '1992-11-17', 0, '2016-11-28 18:21:57'),
(21, 29, 'محمود', 'ذكر', '1992-11-17', 0, '2016-11-28 18:21:57'),
(22, 29, 'هاجر', 'أنثى', '1992-11-17', 0, '2016-11-28 18:21:57'),
(23, 29, 'شهد', 'أنثى', '2010-02-05', 0, '2016-11-28 18:21:57'),
(24, 29, 'أيثيل', 'أنثى', '2010-02-05', 0, '2016-11-28 18:21:57'),
(25, 30, 'asdasd', 'أنثى', '1992-11-17', 0, '2016-11-30 12:10:16'),
(26, 30, 'asdasd', 'أنثى', '1992-11-17', 0, '2016-11-30 12:10:16'),
(27, 30, 'asdsad', 'ذكر', '1992-11-17', 0, '2016-11-30 12:10:16'),
(28, 31, 'asdsad', 'ذكر', '1992-11-17', 0, '2016-11-30 12:46:17'),
(29, 31, 'asdasd', 'ذكر', '1992-11-17', 0, '2016-11-30 12:46:17'),
(30, 31, 'asdasd', 'ذكر', '1992-11-17', 0, '2016-11-30 12:46:18'),
(31, 31, 'qqq', 'ذكر', '1992-11-17', 0, '2016-11-30 12:46:18'),
(32, 31, 'ww', 'ذكر', '2010-02-05', 0, '2016-11-30 12:46:18'),
(33, 32, 'asdsad', 'ذكر', '1992-11-17', 0, '2016-11-30 12:56:35'),
(34, 32, 'asdasd', 'ذكر', '1992-11-17', 0, '2016-11-30 12:56:35'),
(35, 32, 'asdasd', 'ذكر', '1992-11-17', 0, '2016-11-30 12:56:35'),
(36, 32, 'qqq', 'ذكر', '1992-11-17', 0, '2016-11-30 12:56:35'),
(37, 32, 'ww', 'ذكر', '2010-02-05', 0, '2016-11-30 12:56:35'),
(38, 33, 'asdsad', 'ذكر', '1992-11-17', 0, '2016-11-30 13:24:57'),
(39, 33, 'sadasd', 'أنثى', '1992-11-17', 0, '2016-11-30 13:24:57'),
(40, 33, 'asdasd', 'أنثى', '1992-11-17', 0, '2016-11-30 13:24:57'),
(41, 34, 'asdsad', 'ذكر', '1992-11-17', 0, '2016-11-30 14:18:33'),
(42, 34, 'asdsad', 'ذكر', '1992-11-17', 0, '2016-11-30 14:18:33'),
(43, 34, 'asdasd', 'ذكر', '1992-11-17', 0, '2016-11-30 14:18:33'),
(44, 34, 'أيثيل', 'أنثى', '2010-02-05', 0, '2016-11-30 14:18:33'),
(45, 35, 'asdsad', 'ذكر', '1992-11-17', 0, '2016-11-30 14:25:04'),
(46, 35, 'asdsad', 'ذكر', '1992-11-17', 0, '2016-11-30 14:25:04'),
(47, 35, 'asdasd', 'ذكر', '1992-11-17', 0, '2016-11-30 14:25:04'),
(48, 35, 'أيثيل', 'أنثى', '2010-02-05', 0, '2016-11-30 14:25:04'),
(49, 36, 'asdsad', 'ذكر', '1992-11-17', 0, '2016-11-30 14:26:36'),
(50, 36, 'asdsad', 'ذكر', '1992-11-17', 0, '2016-11-30 14:26:36'),
(51, 36, 'asdasd', 'ذكر', '1992-11-17', 0, '2016-11-30 14:26:36'),
(52, 36, 'أيثيل', 'أنثى', '2010-02-05', 0, '2016-11-30 14:26:36'),
(53, 37, 'asdsad', 'ذكر', '1992-11-17', 0, '2016-11-30 14:31:38'),
(54, 37, 'asdsad', 'ذكر', '1992-11-17', 0, '2016-11-30 14:31:38'),
(55, 37, 'asdasd', 'ذكر', '1992-11-17', 0, '2016-11-30 14:31:38'),
(56, 37, 'أيثيل', 'أنثى', '2010-02-05', 0, '2016-11-30 14:31:38'),
(57, 38, 'asdsad', 'ذكر', '1992-11-17', 0, '2016-11-30 14:43:09'),
(58, 38, 'sadasd', 'ذكر', '1992-11-17', 0, '2016-11-30 14:43:09'),
(59, 38, 'asdsad', 'أنثى', '1992-11-17', 0, '2016-11-30 14:43:09'),
(60, 38, 'ww', 'ذكر', '2010-02-05', 0, '2016-11-30 14:43:09'),
(61, 39, 'asdsad', 'ذكر', '1992-11-17', 0, '2016-11-30 14:50:16'),
(62, 39, 'asdsad', 'ذكر', '1992-11-17', 0, '2016-11-30 14:50:16'),
(63, 39, 'asdsad', 'ذكر', '1992-11-17', 0, '2016-11-30 14:50:16'),
(64, 39, 'أيثيل', 'أنثى', '2010-02-05', 0, '2016-11-30 14:50:16'),
(65, 40, 'asdsad', 'ذكر', '1992-11-17', 0, '2016-11-30 15:05:12'),
(66, 40, 'asdsad', 'ذكر', '1992-11-17', 0, '2016-11-30 15:05:12'),
(67, 40, 'asdsad', 'ذكر', '1992-11-17', 0, '2016-11-30 15:05:12'),
(68, 40, 'أيثيل', 'أنثى', '2010-02-05', 0, '2016-11-30 15:05:12'),
(69, 41, 'asdsad', 'ذكر', '1992-11-17', 0, '2016-11-30 15:06:43'),
(70, 41, 'asdsad', 'ذكر', '1992-11-17', 0, '2016-11-30 15:06:43'),
(71, 41, 'asdsad', 'ذكر', '1992-11-17', 0, '2016-11-30 15:06:43'),
(72, 41, 'أيثيل', 'أنثى', '2010-02-05', 0, '2016-11-30 15:06:43'),
(73, 42, 'asdsad', 'ذكر', '1992-11-17', 0, '2016-11-30 15:11:19'),
(74, 42, 'asdsad', 'ذكر', '1992-11-17', 0, '2016-11-30 15:11:19'),
(75, 42, 'asdsad', 'ذكر', '1992-11-17', 0, '2016-11-30 15:11:19'),
(76, 42, 'أيثيل', 'أنثى', '2010-02-05', 0, '2016-11-30 15:11:19'),
(77, 43, 'asdsad', 'ذكر', '1992-11-17', 0, '2016-11-30 15:14:53'),
(78, 43, 'sadasd', 'ذكر', '1992-11-17', 0, '2016-11-30 15:14:53'),
(79, 43, 'sadasd', 'ذكر', '1992-11-17', 0, '2016-11-30 15:14:53'),
(80, 44, 'asdsad', 'ذكر', '1992-11-17', 0, '2016-12-08 15:29:26'),
(81, 45, 'asdsad', 'أنثى', '1992-11-17', 0, '2016-12-18 13:21:17'),
(82, 45, 'sadasd', 'ذكر', '1992-11-17', 0, '2016-12-18 13:21:17'),
(83, 45, 'asdasd', 'ذكر', '1992-11-17', 0, '2016-12-18 13:21:17'),
(84, 45, 'qqq', 'ذكر', '1992-11-17', 0, '2016-12-18 13:21:17'),
(85, 45, 'sss', 'ذكر', '1992-11-17', 0, '2016-12-18 13:21:17'),
(86, 46, 'asdsad', 'ذكر', '1992-11-16', 0, '2016-12-18 13:38:31'),
(87, 46, 'sadasd', 'ذكر', '1992-11-17', 0, '2016-12-18 13:38:31'),
(88, 46, 'asdasd', 'ذكر', '1992-11-17', 0, '2016-12-18 13:38:31'),
(89, 47, 'asdsad', 'ذكر', '1992-11-16', 0, '2016-12-18 13:39:56'),
(90, 47, 'sadasd', 'ذكر', '1992-11-17', 0, '2016-12-18 13:39:56'),
(91, 47, 'asdasd', 'ذكر', '1992-11-17', 0, '2016-12-18 13:39:56'),
(92, 48, 'asdsad', 'ذكر', '1992-11-17', 0, '2016-12-19 23:48:09'),
(93, 65, 'asdsad', 'ذكر', '1992-11-17', 0, '2017-01-26 20:05:06'),
(94, 66, 'asdsad', 'ذكر', '1992-11-17', 0, '2017-01-26 20:44:23'),
(95, 66, 'أيثيل', 'ذكر', '2010-02-05', 0, '2017-01-26 20:44:24'),
(96, 69, 'asdsad', 'ذكر', '1992-11-17', 0, '2017-01-28 10:04:43'),
(97, 69, 'ww', 'ذكر', '2010-02-05', 0, '2017-01-28 10:04:43'),
(98, 70, 'asdsad', 'ذكر', '1992-11-17', 0, '2017-01-28 10:29:05'),
(99, 70, 'ww', 'ذكر', '2010-02-05', 0, '2017-01-28 10:29:05'),
(100, 73, 'asdsad', 'ذكر', '1992-11-17', 0, '2017-01-28 11:29:07'),
(101, 73, 'sadasd', 'ذكر', '1992-11-17', 0, '2017-01-28 11:29:07'),
(102, 73, 'asdasd', 'ذكر', '1992-11-17', 0, '2017-01-28 11:29:07'),
(103, 73, 'asdasd', 'ذكر', '1992-11-17', 0, '2017-01-28 11:29:08'),
(104, 73, 'sss', 'ذكر', '1992-11-17', 0, '2017-01-28 11:29:08'),
(105, 73, 'ww', 'ذكر', '2010-02-05', 0, '2017-01-28 11:29:08'),
(106, 74, 'asdsad', 'ذكر', '1992-11-17', 0, '2017-01-28 11:33:26'),
(107, 74, 'sadasd', 'ذكر', '1992-11-17', 0, '2017-01-28 11:33:26'),
(108, 74, 'asdasd', 'ذكر', '1992-11-17', 0, '2017-01-28 11:33:26'),
(109, 74, 'asdasd', 'ذكر', '1992-11-17', 0, '2017-01-28 11:33:26'),
(110, 74, 'sss', 'ذكر', '1992-11-17', 0, '2017-01-28 11:33:26'),
(111, 74, 'ww', 'ذكر', '2010-02-05', 0, '2017-01-28 11:33:26'),
(112, 75, 'asdsad', 'ذكر', '1992-11-17', 0, '2017-01-28 12:11:11'),
(113, 75, 'sadasd', 'ذكر', '1992-11-16', 0, '2017-01-28 12:11:11'),
(114, 75, 'sadasd', 'ذكر', '1992-11-16', 0, '2017-01-28 12:11:12'),
(115, 75, 'sadasd', 'ذكر', '1992-11-16', 0, '2017-01-28 12:11:12'),
(116, 75, 'sadasd', 'أنثى', '1992-11-16', 0, '2017-01-28 12:11:12'),
(117, 75, 'sadasd', 'ذكر', '2010-02-05', 0, '2017-01-28 12:11:12'),
(118, 76, 'aaa', ' Male', '1992-11-17', 0, '2017-02-05 19:47:39'),
(119, 77, 'aaa', ' Male', '1992-11-17', 0, '2017-02-05 19:50:38'),
(120, 78, 'amr mohamed', ' Male', '1985-06-12', 0, '2017-02-07 09:29:43'),
(121, 79, 'عمرو محمد', ' Male', '2000-02-01', 0, '2017-02-07 17:50:57'),
(122, 80, 'asdsad', 'ذكر', '1992-11-17', 0, '2017-02-28 10:35:57'),
(123, 80, 'شهد', 'ذكر', '2010-02-05', 0, '2017-02-28 10:35:57'),
(124, 81, 'asdsad', 'ذكر', '1992-11-17', 0, '2017-02-28 10:41:28'),
(125, 81, 'شهد', 'ذكر', '2010-02-05', 0, '2017-02-28 10:41:28'),
(126, 82, 'asdsad', 'ذكر', '1992-11-17', 0, '2017-02-28 11:37:49'),
(127, 82, 'أيثيل', 'ذكر', '2010-04-05', 0, '2017-02-28 11:37:49'),
(128, 83, 'asdsad', 'ذكر', '1992-11-17', 0, '2017-02-28 12:38:03'),
(129, 83, 'أيثيل', 'ذكر', '2010-04-05', 0, '2017-02-28 12:38:03'),
(130, 84, 'asdasd', 'ذكر', '1992-11-17', 0, '2017-02-28 17:57:03'),
(131, 85, 'asdsad', 'ذكر', '1992-11-17', 0, '2017-03-01 14:22:53'),
(132, 85, 'ww', 'أنثى', '2010-04-05', 0, '2017-03-01 14:22:53'),
(133, 86, 'asdsad', ' Male', '1992-11-17', 0, '2017-03-05 14:40:35'),
(134, 87, 'asdsad', ' Male', '1992-11-17', 0, '2017-03-05 14:41:43'),
(135, 88, 'asdsad', ' Male', '1992-11-17', 0, '2017-03-05 14:44:45'),
(136, 89, 'asdsad', ' Male', '1992-11-17', 0, '2017-03-05 14:47:51'),
(137, 90, 'asdsad', ' Male', '1992-11-17', 0, '2017-03-05 15:18:57'),
(138, 91, 'amr mohamed', ' Male', '2000-02-08', 0, '2017-03-05 15:42:33'),
(139, 92, 'asdsad', ' ذكر', '1992-11-17', 0, '2017-03-05 15:49:08'),
(140, 93, 'احمد حسام ميدو', ' Male', '2000-03-05', 0, '2017-03-05 15:52:14'),
(141, 94, 'احمد حسام ميدو', ' ذكر', '0200-03-05', 0, '2017-03-05 15:52:37'),
(142, 95, 'aaaa', ' Male', '1992-11-17', 0, '2017-03-07 12:51:04'),
(143, 96, 'aaaa', ' Male', '1992-11-17', 0, '2017-03-07 12:51:50'),
(144, 97, 'asdsad', ' Male', '1992-11-17', 0, '2017-03-07 12:53:19'),
(145, 98, 'asdsad', ' Male', '1992-11-17', 0, '2017-03-07 12:54:35'),
(146, 99, 'asdsad', ' Male', '1992-11-17', 0, '2017-03-07 12:56:40'),
(147, 100, 'asdsad', ' Male', '1992-11-17', 0, '2017-03-07 12:57:29'),
(148, 101, '1', ' Male', '1992-11-17', 0, '2017-03-07 12:58:57'),
(149, 102, 'asdsad', ' Male', '1992-11-17', 0, '2017-03-07 13:00:41'),
(150, 103, 'asdsad', ' Male', '1992-11-17', 0, '2017-03-07 13:03:00'),
(151, 104, 'احمد حسام ميدو', ' Male', '1985-01-05', 0, '2017-03-07 13:04:58'),
(152, 105, 'asdasd', ' Male', '1992-11-17', 0, '2017-03-07 13:07:25'),
(153, 106, 'amr mohamed', ' Male', '1985-01-06', 0, '2017-03-07 13:25:40'),
(154, 107, 'amr mohamed', ' Male', '1985-01-05', 0, '2017-03-07 13:27:17'),
(155, 108, 'amr mohamed', ' Male', '1985-01-05', 0, '2017-03-07 13:31:31'),
(156, 109, 'amr mohamed', ' Male', '1985-01-05', 0, '2017-03-07 13:32:59'),
(157, 110, 'aaa', ' Male', '1992-11-17', 0, '2017-03-07 13:37:41'),
(158, 111, 'احمد حسام ميدو', ' Male', '1985-01-04', 0, '2017-03-07 13:38:05'),
(159, 112, 'aa', ' Male', '1992-11-17', 0, '2017-03-07 13:39:22'),
(160, 113, 'aaa', ' Male', '1992-11-17', 0, '2017-03-07 13:57:55'),
(161, 114, 'rrr', ' Male', '1992-11-16', 0, '2017-03-07 14:02:25'),
(162, 115, 'aaa', ' Male', '1992-11-17', 0, '2017-03-07 14:08:27'),
(163, 116, 'aaaa', ' Male', '1992-11-17', 0, '2017-03-07 14:17:33'),
(164, 117, 'asdsad', ' Male', '1992-11-17', 0, '2017-03-07 14:25:03'),
(165, 118, 'aaa', ' Male', '1992-11-17', 0, '2017-03-07 14:27:34'),
(166, 118, 'aaa', ' Female', '2010-02-05', 0, '2017-03-07 14:27:34'),
(167, 119, 'aaaa', ' Male', '1992-11-17', 0, '2017-03-07 14:50:25'),
(168, 120, 'aaa', ' Male', '1992-11-17', 0, '2017-03-07 14:53:18'),
(169, 120, 'ww', ' Male', '2010-02-05', 0, '2017-03-07 14:53:18'),
(170, 121, 'asdsad', ' Male', '1992-11-17', 0, '2017-03-07 14:55:49'),
(171, 122, 'aa', ' Male', '1992-11-17', 0, '2017-03-07 14:59:23'),
(172, 123, 'aa', ' Male', '1992-11-17', 0, '2017-03-07 15:01:50'),
(173, 124, 'aaa', ' Male', '1992-11-17', 0, '2017-03-07 16:48:56'),
(174, 125, 'aaaa', ' Male', '1992-11-17', 0, '2017-03-09 10:35:38'),
(175, 126, 'احمد حسام ميدو', ' Male', '2000-03-08', 0, '2017-03-09 14:35:48'),
(176, 127, 'asdsad', ' Male', '1992-11-17', 0, '2017-03-09 16:55:05'),
(177, 128, 'asdsad', ' Male', '1992-11-17', 0, '2017-03-09 17:06:45'),
(178, 129, 'asdsad', ' Male', '1992-11-17', 0, '2017-03-09 17:08:58'),
(179, 130, 'asdsad', ' Male', '1992-11-17', 0, '2017-03-09 17:09:21'),
(180, 131, 'asdsad', ' Male', '1992-11-17', 0, '2017-03-09 17:19:09'),
(181, 132, 'aaa', ' Male', '1992-11-17', 0, '2017-03-09 17:20:48'),
(182, 133, 'aaa', ' Male', '1992-11-17', 0, '2017-03-09 17:22:51'),
(183, 134, 'aa', ' Male', '1992-11-17', 0, '2017-03-09 17:23:36'),
(184, 135, 'aaa', ' Male', '1992-11-17', 0, '2017-03-09 17:25:52'),
(185, 136, '1', ' Male', '1992-11-17', 0, '2017-03-09 17:27:16'),
(186, 137, 'asdsad', ' Male', '1992-11-17', 0, '2017-03-09 17:28:00'),
(187, 138, 'asdsad', ' Male', '1992-11-17', 0, '2017-03-09 17:31:02'),
(188, 139, 'asdsad', ' Male', '1992-11-17', 0, '2017-03-09 17:31:18'),
(189, 140, 'asdsad', ' Male', '1992-11-17', 0, '2017-03-09 17:33:35'),
(190, 141, 'aa', ' Male', '1992-11-17', 0, '2017-03-09 17:42:15'),
(191, 142, 'asdsad', ' Male', '1992-11-17', 0, '2017-03-09 17:49:10'),
(192, 143, 'asdsad', ' Male', '1992-11-17', 0, '2017-03-09 17:56:22'),
(193, 144, 'asdsad', ' Male', '1992-11-17', 0, '2017-03-09 17:59:11'),
(194, 145, 'asdsad', ' Male', '1992-11-17', 0, '2017-03-09 18:00:12'),
(195, 146, 'asdsad', ' Male', '1992-11-17', 0, '2017-03-09 18:00:36'),
(196, 147, 'asdsad', ' Male', '1992-11-17', 0, '2017-03-09 18:02:48'),
(197, 148, 'asdsad', ' Male', '1992-11-17', 0, '2017-03-09 18:05:45'),
(198, 149, 'asdsad', ' Male', '1992-11-17', 0, '2017-03-09 18:06:30'),
(199, 150, 'asdsad', ' Male', '1992-11-17', 0, '2017-03-18 12:51:30'),
(200, 151, 'asdsad', ' Male', '1992-11-17', 0, '2017-03-18 13:02:24'),
(201, 152, 'asdsad', ' Male', '1992-11-17', 0, '2017-03-18 16:33:07'),
(202, 153, 'asdsad', ' Male', '1992-11-17', 0, '2017-03-18 18:12:25'),
(203, 154, 'asdsad', ' Male', '1992-11-17', 0, '2017-03-18 18:13:14'),
(204, 155, 'asdsad', ' Male', '1992-11-17', 0, '2017-03-18 18:13:42');

-- --------------------------------------------------------

--
-- Table structure for table `hotels_reservation_rooms_prices`
--

CREATE TABLE `hotels_reservation_rooms_prices` (
  `id` int(11) NOT NULL,
  `reservation_id` int(11) NOT NULL,
  `hotels_rooms_prices_id` int(11) NOT NULL,
  `hotel_rooms_id` int(11) NOT NULL,
  `no_of_rooms` int(11) NOT NULL,
  `no_of_childs` int(11) NOT NULL,
  `no_of_infants` int(11) NOT NULL
) ENGINE=InnoDB DEFAULT CHARSET=utf8;

--
-- Dumping data for table `hotels_reservation_rooms_prices`
--

INSERT INTO `hotels_reservation_rooms_prices` (`id`, `reservation_id`, `hotels_rooms_prices_id`, `hotel_rooms_id`, `no_of_rooms`, `no_of_childs`, `no_of_infants`) VALUES
(17, 11, 471, 18, 1, 0, 0),
(18, 11, 471, 18, 1, 0, 0),
(19, 12, 483, 18, 1, 0, 0),
(20, 12, 483, 18, 1, 0, 0),
(21, 12, 483, 18, 1, 0, 0),
(22, 12, 484, 19, 1, 0, 0),
(23, 12, 484, 19, 1, 0, 0),
(24, 12, 484, 19, 1, 0, 0),
(25, 13, 483, 18, 1, 0, 0),
(26, 13, 483, 18, 1, 0, 0),
(27, 13, 483, 18, 1, 0, 0),
(28, 13, 484, 19, 1, 0, 0),
(29, 13, 484, 19, 1, 0, 0),
(30, 13, 484, 19, 1, 0, 0),
(31, 14, 471, 18, 1, 0, 0),
(32, 14, 471, 18, 1, 0, 0),
(33, 14, 473, 19, 1, 0, 0),
(34, 14, 473, 19, 1, 0, 0),
(35, 15, 471, 18, 1, 0, 0),
(36, 15, 471, 18, 1, 0, 0),
(37, 15, 473, 19, 1, 0, 0),
(38, 15, 473, 19, 1, 0, 0),
(39, 16, 471, 18, 1, 0, 0),
(40, 16, 471, 18, 1, 0, 0),
(41, 16, 473, 19, 1, 0, 0),
(42, 16, 473, 19, 1, 0, 0),
(43, 17, 471, 18, 1, 0, 0),
(44, 17, 471, 18, 1, 0, 0),
(45, 17, 473, 19, 1, 0, 0),
(46, 17, 473, 19, 1, 0, 0),
(47, 18, 471, 18, 1, 0, 0),
(48, 18, 471, 18, 1, 0, 0),
(49, 18, 473, 19, 1, 0, 0),
(50, 18, 473, 19, 1, 0, 0),
(51, 19, 471, 18, 1, 0, 0),
(52, 19, 471, 18, 1, 0, 0),
(53, 19, 473, 19, 1, 0, 0),
(54, 19, 473, 19, 1, 0, 0),
(55, 20, 471, 18, 1, 0, 0),
(56, 20, 471, 18, 1, 0, 0),
(57, 20, 473, 19, 1, 0, 0),
(58, 20, 473, 19, 1, 0, 0),
(59, 21, 471, 18, 1, 0, 0),
(60, 21, 471, 18, 1, 0, 0),
(61, 21, 473, 19, 1, 0, 0),
(62, 21, 473, 19, 1, 0, 0),
(63, 22, 483, 18, 1, 0, 0),
(64, 22, 483, 18, 1, 0, 0),
(65, 23, 483, 18, 1, 0, 0),
(66, 23, 483, 18, 1, 0, 0),
(67, 23, 483, 18, 1, 0, 0),
(68, 24, 483, 18, 1, 0, 0),
(69, 24, 483, 18, 1, 0, 0),
(70, 24, 483, 18, 1, 0, 0),
(71, 25, 483, 18, 1, 0, 0),
(72, 25, 483, 18, 1, 0, 0),
(73, 25, 483, 18, 1, 0, 0),
(74, 26, 483, 18, 1, 0, 0),
(75, 26, 483, 18, 1, 0, 0),
(76, 26, 483, 18, 1, 0, 0),
(77, 26, 483, 18, 1, 0, 0),
(78, 27, 483, 18, 1, 0, 0),
(79, 27, 483, 18, 1, 0, 0),
(80, 28, 483, 18, 1, 0, 0),
(81, 28, 483, 18, 1, 0, 0),
(82, 28, 483, 18, 1, 0, 0),
(83, 28, 483, 18, 1, 0, 0),
(84, 28, 484, 19, 1, 0, 0),
(85, 28, 484, 19, 1, 0, 0),
(86, 28, 484, 19, 1, 0, 0),
(87, 28, 484, 19, 1, 0, 0),
(88, 29, 483, 18, 1, 0, 0),
(89, 29, 483, 18, 1, 0, 0),
(90, 29, 483, 18, 1, 0, 0),
(91, 29, 483, 18, 1, 0, 0),
(92, 29, 484, 19, 1, 0, 0),
(93, 29, 484, 19, 1, 0, 0),
(94, 29, 484, 19, 1, 0, 0),
(95, 29, 484, 19, 1, 0, 0),
(96, 30, 486, 18, 3, 0, 0),
(97, 30, 486, 18, 3, 0, 0),
(98, 31, 472, 18, 2, 0, 0),
(99, 31, 472, 18, 2, 0, 0),
(100, 31, 468, 19, 1, 0, 0),
(101, 31, 468, 19, 1, 0, 0),
(102, 32, 472, 18, 2, 0, 0),
(103, 32, 472, 18, 2, 0, 0),
(104, 32, 468, 19, 1, 0, 0),
(105, 32, 468, 19, 1, 0, 0),
(106, 33, 471, 18, 1, 0, 0),
(107, 33, 471, 18, 1, 0, 0),
(108, 33, 473, 19, 1, 0, 0),
(109, 33, 473, 19, 1, 0, 0),
(110, 34, 472, 18, 1, 0, 0),
(111, 34, 472, 18, 1, 0, 0),
(112, 34, 468, 19, 1, 0, 0),
(113, 34, 468, 19, 1, 0, 0),
(114, 35, 472, 18, 1, 0, 0),
(115, 35, 472, 18, 1, 0, 0),
(116, 35, 468, 19, 1, 0, 0),
(117, 35, 468, 19, 1, 0, 0),
(118, 36, 472, 18, 1, 0, 0),
(119, 36, 472, 18, 1, 0, 0),
(120, 36, 468, 19, 1, 0, 0),
(121, 36, 468, 19, 1, 0, 0),
(122, 37, 472, 18, 1, 0, 0),
(123, 37, 472, 18, 1, 0, 0),
(124, 37, 468, 19, 1, 0, 0),
(125, 37, 468, 19, 1, 0, 0),
(126, 38, 471, 18, 1, 0, 0),
(127, 38, 471, 18, 1, 0, 0),
(128, 38, 473, 19, 1, 0, 0),
(129, 38, 473, 19, 1, 0, 0),
(130, 39, 471, 18, 1, 0, 0),
(131, 39, 471, 18, 1, 0, 0),
(132, 39, 473, 19, 1, 0, 0),
(133, 39, 473, 19, 1, 0, 0),
(134, 40, 471, 18, 1, 0, 0),
(135, 40, 471, 18, 1, 0, 0),
(136, 40, 473, 19, 1, 0, 0),
(137, 40, 473, 19, 1, 0, 0),
(138, 41, 471, 18, 1, 0, 0),
(139, 41, 471, 18, 1, 0, 0),
(140, 41, 473, 19, 1, 0, 0),
(141, 41, 473, 19, 1, 0, 0),
(142, 42, 471, 18, 1, 1, 0),
(143, 42, 471, 18, 1, 1, 0),
(144, 42, 473, 19, 1, 0, 0),
(145, 42, 473, 19, 1, 0, 0),
(146, 43, 471, 18, 1, 0, 0),
(147, 43, 471, 18, 1, 0, 0),
(148, 43, 473, 19, 1, 0, 0),
(149, 43, 473, 19, 1, 0, 0),
(150, 44, 486, 18, 1, 0, 0),
(151, 44, 486, 18, 1, 0, 0),
(152, 44, 486, 18, 1, 0, 0),
(153, 44, 486, 18, 1, 0, 0),
(154, 44, 486, 18, 1, 0, 0),
(155, 44, 486, 18, 1, 0, 0),
(156, 44, 486, 18, 1, 0, 0),
(157, 44, 486, 18, 1, 0, 0),
(158, 45, 467, 14, 1, 0, 0),
(159, 45, 467, 14, 1, 0, 0),
(160, 45, 467, 14, 1, 0, 0),
(161, 45, 467, 14, 1, 0, 0),
(162, 45, 467, 14, 1, 0, 0),
(163, 45, 467, 14, 1, 0, 0),
(164, 45, 467, 14, 1, 0, 0),
(165, 45, 467, 14, 1, 0, 0),
(166, 45, 469, 15, 2, 0, 0),
(167, 45, 469, 15, 2, 0, 0),
(168, 45, 469, 15, 2, 0, 0),
(169, 45, 469, 15, 2, 0, 0),
(170, 45, 469, 15, 2, 0, 0),
(171, 45, 469, 15, 2, 0, 0),
(172, 45, 469, 15, 2, 0, 0),
(173, 45, 469, 15, 2, 0, 0),
(174, 46, 467, 14, 1, 0, 0),
(175, 46, 467, 14, 1, 0, 0),
(176, 46, 467, 14, 1, 0, 0),
(177, 46, 467, 14, 1, 0, 0),
(178, 46, 467, 14, 1, 0, 0),
(179, 46, 467, 14, 1, 0, 0),
(180, 46, 467, 14, 1, 0, 0),
(181, 46, 469, 15, 1, 0, 0),
(182, 46, 469, 15, 1, 0, 0),
(183, 46, 469, 15, 1, 0, 0),
(184, 46, 469, 15, 1, 0, 0),
(185, 46, 469, 15, 1, 0, 0),
(186, 46, 469, 15, 1, 0, 0),
(187, 46, 469, 15, 1, 0, 0),
(188, 47, 467, 14, 1, 0, 0),
(189, 47, 467, 14, 1, 0, 0),
(190, 47, 467, 14, 1, 0, 0),
(191, 47, 467, 14, 1, 0, 0),
(192, 47, 467, 14, 1, 0, 0),
(193, 47, 467, 14, 1, 0, 0),
(194, 47, 467, 14, 1, 0, 0),
(195, 47, 469, 15, 1, 0, 0),
(196, 47, 469, 15, 1, 0, 0),
(197, 47, 469, 15, 1, 0, 0),
(198, 47, 469, 15, 1, 0, 0),
(199, 47, 469, 15, 1, 0, 0),
(200, 47, 469, 15, 1, 0, 0),
(201, 47, 469, 15, 1, 0, 0),
(202, 48, 474, 18, 1, 0, 0),
(203, 48, 476, 18, 1, 0, 0),
(204, 48, 474, 18, 1, 0, 0),
(205, 48, 476, 18, 1, 0, 0),
(206, 48, 474, 18, 1, 0, 0),
(207, 48, 476, 18, 1, 0, 0),
(208, 48, 474, 18, 1, 0, 0),
(209, 48, 476, 18, 1, 0, 0),
(210, 48, 474, 18, 1, 0, 0),
(211, 48, 476, 18, 1, 0, 0),
(212, 55, 0, 14, 1, 1, 0),
(213, 56, 467, 14, 1, 1, 0),
(214, 57, 467, 14, 1, 1, 0),
(215, 57, 468, 17, 1, 1, 0),
(216, 58, 467, 14, 1, 1, 0),
(217, 58, 468, 17, 1, 1, 0),
(218, 59, 467, 14, 1, 1, 0),
(219, 59, 468, 17, 1, 1, 0),
(220, 60, 467, 14, 1, 1, 0),
(221, 61, 467, 14, 1, 1, 0),
(222, 62, 467, 14, 1, 1, 0),
(223, 62, 468, 17, 1, 1, 0),
(224, 63, 467, 14, 1, 1, 0),
(225, 63, 468, 17, 1, 1, 0),
(226, 64, 467, 14, 1, 0, 0),
(227, 65, 467, 14, 1, 0, 0),
(228, 66, 467, 14, 1, 1, 0),
(229, 67, 467, 14, 1, 1, 0),
(230, 68, 467, 14, 1, 1, 0),
(231, 69, 467, 14, 1, 1, 0),
(232, 70, 467, 14, 1, 1, 0),
(233, 72, 467, 14, 1, 1, 0),
(234, 72, 468, 17, 1, 0, 0),
(235, 73, 467, 14, 1, 1, 0),
(236, 73, 468, 17, 1, 0, 0),
(237, 74, 467, 14, 1, 1, 0),
(238, 74, 468, 17, 1, 0, 0),
(239, 75, 467, 14, 1, 1, 0),
(240, 75, 468, 17, 1, 0, 0),
(241, 76, 493, 19, 1, 0, 0),
(242, 77, 493, 19, 1, 0, 0),
(243, 78, 493, 19, 1, 0, 0),
(244, 79, 493, 19, 1, 0, 0),
(245, 80, 467, 14, 1, 1, 0),
(246, 81, 467, 14, 1, 1, 0),
(247, 82, 467, 14, 1, 1, 0),
(248, 83, 467, 14, 1, 1, 0),
(249, 84, 467, 14, 1, 0, 0),
(250, 85, 467, 14, 1, 1, 0),
(251, 86, 493, 19, 1, 0, 0),
(252, 87, 493, 19, 1, 0, 0),
(253, 88, 493, 19, 1, 0, 0),
(254, 89, 493, 19, 1, 0, 0),
(255, 90, 493, 19, 1, 0, 0),
(256, 91, 493, 19, 1, 0, 0),
(257, 92, 493, 19, 1, 0, 0),
(258, 93, 493, 19, 1, 0, 0),
(259, 94, 493, 19, 1, 0, 0),
(260, 95, 493, 19, 1, 0, 0),
(261, 96, 493, 19, 1, 0, 0),
(262, 97, 493, 19, 1, 0, 0),
(263, 98, 493, 19, 1, 0, 0),
(264, 99, 493, 19, 1, 0, 0),
(265, 100, 493, 19, 1, 0, 0),
(266, 101, 493, 19, 1, 0, 0),
(267, 102, 493, 19, 1, 0, 0),
(268, 103, 493, 19, 1, 0, 0),
(269, 104, 493, 19, 1, 0, 0),
(270, 105, 493, 19, 1, 0, 0),
(271, 106, 493, 19, 1, 0, 0),
(272, 107, 493, 19, 1, 0, 0),
(273, 108, 493, 19, 1, 0, 0),
(274, 109, 493, 19, 1, 0, 0),
(275, 110, 493, 19, 1, 0, 0),
(276, 111, 493, 19, 1, 0, 0),
(277, 112, 493, 19, 1, 0, 0),
(278, 113, 493, 19, 1, 0, 0),
(279, 114, 493, 19, 1, 0, 0),
(280, 115, 493, 19, 1, 0, 0),
(281, 116, 493, 19, 1, 0, 0),
(282, 117, 493, 19, 1, 0, 0),
(283, 118, 493, 19, 1, 1, 0),
(284, 119, 493, 19, 1, 0, 0),
(285, 120, 493, 19, 1, 1, 0),
(286, 121, 493, 19, 1, 0, 0),
(287, 122, 493, 19, 1, 0, 0),
(288, 123, 493, 19, 1, 0, 0),
(289, 124, 493, 19, 1, 0, 0),
(290, 125, 493, 19, 1, 0, 0),
(291, 126, 493, 19, 2, 0, 0),
(292, 127, 493, 19, 1, 0, 0),
(293, 128, 493, 19, 1, 0, 0),
(294, 129, 493, 19, 1, 0, 0),
(295, 130, 493, 19, 1, 0, 0),
(296, 131, 493, 19, 1, 0, 0),
(297, 132, 493, 19, 1, 0, 0),
(298, 133, 493, 19, 1, 0, 0),
(299, 134, 493, 19, 1, 0, 0),
(300, 135, 493, 19, 1, 0, 0),
(301, 136, 493, 19, 1, 0, 0),
(302, 137, 493, 19, 1, 0, 0),
(303, 138, 493, 19, 1, 0, 0),
(304, 139, 493, 19, 1, 0, 0),
(305, 140, 493, 19, 1, 0, 0),
(306, 141, 493, 19, 1, 0, 0),
(307, 142, 493, 19, 1, 0, 0),
(308, 143, 493, 19, 1, 0, 0),
(309, 144, 493, 19, 1, 0, 0),
(310, 145, 493, 19, 1, 0, 0),
(311, 146, 493, 19, 1, 0, 0),
(312, 147, 493, 19, 1, 0, 0),
(313, 148, 493, 19, 1, 0, 0),
(314, 149, 493, 19, 1, 0, 0),
(315, 150, 493, 19, 1, 0, 0),
(316, 151, 493, 19, 1, 0, 0),
(317, 152, 493, 19, 1, 0, 0),
(318, 153, 497, 20, 2, 0, 0),
(319, 154, 497, 20, 2, 0, 0),
(320, 155, 497, 20, 2, 0, 0);

-- --------------------------------------------------------

--
-- Table structure for table `hotels_reservation_rooms_prices_dates`
--

CREATE TABLE `hotels_reservation_rooms_prices_dates` (
  `id` int(11) NOT NULL,
  `hotels_reservation_rooms_prices_id` int(11) NOT NULL,
  `date` date NOT NULL
) ENGINE=InnoDB DEFAULT CHARSET=utf8;

--
-- Dumping data for table `hotels_reservation_rooms_prices_dates`
--

INSERT INTO `hotels_reservation_rooms_prices_dates` (`id`, `hotels_reservation_rooms_prices_id`, `date`) VALUES
(1, 1, '2017-06-06'),
(2, 1, '2017-06-07'),
(3, 1, '2017-06-06'),
(4, 1, '2017-06-07'),
(5, 1, '2017-06-06'),
(6, 1, '2017-06-07'),
(7, 1, '2017-06-06'),
(8, 1, '2017-06-07'),
(9, 1, '2017-06-06'),
(10, 1, '2017-06-07'),
(11, 1, '2017-06-06'),
(12, 1, '2017-06-07'),
(13, 222, '2017-06-06'),
(14, 222, '2017-06-07'),
(15, 223, '2017-06-06'),
(16, 223, '2017-06-07'),
(17, 224, '2017-06-06'),
(18, 224, '2017-06-07'),
(19, 225, '2017-06-06'),
(20, 225, '2017-06-07'),
(21, 226, '2017-06-08'),
(22, 227, '2017-06-08'),
(23, 228, '2017-06-09'),
(24, 231, '2017-06-08'),
(25, 232, '2017-06-09'),
(26, 233, '2017-06-09'),
(27, 233, '2017-06-10'),
(28, 234, '2017-06-09'),
(29, 234, '2017-06-10'),
(30, 235, '2017-06-09'),
(31, 235, '2017-06-10'),
(32, 236, '2017-06-09'),
(33, 236, '2017-06-10'),
(34, 237, '2017-06-09'),
(35, 237, '2017-06-10'),
(36, 238, '2017-06-09'),
(37, 238, '2017-06-10'),
(38, 239, '2017-06-09'),
(39, 239, '2017-06-10'),
(40, 240, '2017-06-09'),
(41, 240, '2017-06-10'),
(42, 241, '2017-02-19'),
(43, 241, '2017-02-20'),
(44, 241, '2017-02-21'),
(45, 241, '2017-02-22'),
(46, 241, '2017-02-23'),
(47, 241, '2017-02-24'),
(48, 241, '2017-02-25'),
(49, 242, '2017-02-19'),
(50, 242, '2017-02-20'),
(51, 242, '2017-02-21'),
(52, 242, '2017-02-22'),
(53, 242, '2017-02-23'),
(54, 242, '2017-02-24'),
(55, 242, '2017-02-25'),
(56, 243, '2017-02-16'),
(57, 243, '2017-02-17'),
(58, 243, '2017-02-18'),
(59, 243, '2017-02-19'),
(60, 243, '2017-02-20'),
(61, 243, '2017-02-21'),
(62, 243, '2017-02-22'),
(63, 243, '2017-02-23'),
(64, 244, '2017-02-15'),
(65, 244, '2017-02-16'),
(66, 244, '2017-02-17'),
(67, 244, '2017-02-18'),
(68, 244, '2017-02-19'),
(69, 244, '2017-02-20'),
(70, 244, '2017-02-21'),
(71, 244, '2017-02-22'),
(72, 244, '2017-02-23'),
(73, 244, '2017-02-24'),
(74, 244, '2017-02-25'),
(75, 244, '2017-02-26'),
(76, 244, '2017-02-27'),
(77, 244, '2017-02-28'),
(78, 245, '2017-06-09'),
(79, 245, '2017-06-10'),
(80, 246, '2017-06-09'),
(81, 246, '2017-06-10'),
(82, 253, '2017-06-10'),
(83, 254, '2017-06-10'),
(84, 255, '2017-06-10'),
(85, 256, '2017-06-14'),
(86, 257, '2017-06-10'),
(87, 258, '2017-06-14'),
(88, 259, '2017-06-14'),
(89, 260, '2017-06-09'),
(90, 260, '2017-06-10'),
(91, 261, '2017-06-09'),
(92, 261, '2017-06-10'),
(93, 262, '2017-06-09'),
(94, 262, '2017-06-10'),
(95, 263, '2017-06-09'),
(96, 263, '2017-06-10'),
(97, 264, '2017-06-09'),
(98, 264, '2017-06-10'),
(99, 265, '2017-06-09'),
(100, 265, '2017-06-10'),
(101, 266, '2017-06-09'),
(102, 266, '2017-06-10'),
(103, 267, '2017-06-09'),
(104, 267, '2017-06-10'),
(105, 268, '2017-06-09'),
(106, 268, '2017-06-10'),
(107, 269, '2017-06-06'),
(108, 269, '2017-06-07'),
(109, 269, '2017-06-08'),
(110, 269, '2017-06-09'),
(111, 269, '2017-06-10'),
(112, 269, '2017-06-11'),
(113, 269, '2017-06-12'),
(114, 269, '2017-06-13'),
(115, 269, '2017-06-14'),
(116, 270, '2017-06-09'),
(117, 270, '2017-06-10'),
(118, 271, '2017-06-15'),
(119, 271, '2017-06-16'),
(120, 271, '2017-06-17'),
(121, 271, '2017-06-18'),
(122, 271, '2017-06-19'),
(123, 271, '2017-06-20'),
(124, 271, '2017-06-21'),
(125, 271, '2017-06-22'),
(126, 272, '2017-06-15'),
(127, 272, '2017-06-16'),
(128, 272, '2017-06-17'),
(129, 272, '2017-06-18'),
(130, 272, '2017-06-19'),
(131, 272, '2017-06-20'),
(132, 272, '2017-06-21'),
(133, 272, '2017-06-22'),
(134, 273, '2017-06-15'),
(135, 273, '2017-06-16'),
(136, 273, '2017-06-17'),
(137, 273, '2017-06-18'),
(138, 273, '2017-06-19'),
(139, 273, '2017-06-20'),
(140, 273, '2017-06-21'),
(141, 273, '2017-06-22'),
(142, 274, '2017-06-15'),
(143, 274, '2017-06-16'),
(144, 274, '2017-06-17'),
(145, 274, '2017-06-18'),
(146, 274, '2017-06-19'),
(147, 274, '2017-06-20'),
(148, 274, '2017-06-21'),
(149, 274, '2017-06-22'),
(150, 275, '2017-06-12'),
(151, 275, '2017-06-13'),
(152, 275, '2017-06-14'),
(153, 276, '2017-06-15'),
(154, 276, '2017-06-16'),
(155, 276, '2017-06-17'),
(156, 276, '2017-06-18'),
(157, 276, '2017-06-19'),
(158, 276, '2017-06-20'),
(159, 276, '2017-06-21'),
(160, 276, '2017-06-22'),
(161, 277, '2017-06-12'),
(162, 277, '2017-06-13'),
(163, 277, '2017-06-14'),
(164, 278, '2017-06-12'),
(165, 278, '2017-06-13'),
(166, 279, '2017-06-21'),
(167, 280, '2017-06-12'),
(168, 280, '2017-06-13'),
(169, 281, '2017-06-13'),
(170, 281, '2017-06-14'),
(171, 282, '2017-06-14'),
(172, 282, '2017-06-15'),
(173, 283, '2017-06-14'),
(174, 283, '2017-06-15'),
(175, 284, '2017-06-20'),
(176, 285, '2017-06-20'),
(177, 285, '2017-06-21'),
(178, 286, '2017-06-09'),
(179, 287, '2017-06-16'),
(180, 288, '2017-06-22'),
(181, 289, '2017-06-15'),
(182, 289, '2017-06-16'),
(183, 290, '2017-03-26'),
(184, 290, '2017-03-27'),
(185, 290, '2017-03-28'),
(186, 290, '2017-03-29'),
(187, 290, '2017-03-30'),
(188, 290, '2017-03-31'),
(189, 290, '2017-04-01'),
(190, 290, '2017-04-02'),
(191, 290, '2017-04-03'),
(192, 290, '2017-04-04'),
(193, 290, '2017-04-05'),
(194, 290, '2017-04-06'),
(195, 290, '2017-04-07'),
(196, 290, '2017-04-08'),
(197, 290, '2017-04-09'),
(198, 290, '2017-04-10'),
(199, 290, '2017-04-11'),
(200, 290, '2017-04-12'),
(201, 290, '2017-04-13'),
(202, 290, '2017-04-14'),
(203, 290, '2017-04-15'),
(204, 290, '2017-04-16'),
(205, 290, '2017-04-17'),
(206, 290, '2017-04-18'),
(207, 290, '2017-04-19'),
(208, 290, '2017-04-20'),
(209, 290, '2017-04-21'),
(210, 290, '2017-04-22'),
(211, 290, '2017-04-23'),
(212, 290, '2017-04-24'),
(213, 290, '2017-04-25'),
(214, 290, '2017-04-26'),
(215, 290, '2017-04-27'),
(216, 290, '2017-04-28'),
(217, 290, '2017-04-29'),
(218, 290, '2017-04-30'),
(219, 290, '2017-05-01'),
(220, 290, '2017-05-02'),
(221, 290, '2017-05-03'),
(222, 290, '2017-05-04'),
(223, 290, '2017-05-05'),
(224, 290, '2017-05-06'),
(225, 290, '2017-05-07'),
(226, 290, '2017-05-08'),
(227, 290, '2017-05-09'),
(228, 290, '2017-05-10'),
(229, 290, '2017-05-11'),
(230, 290, '2017-05-12'),
(231, 290, '2017-05-13'),
(232, 290, '2017-05-14'),
(233, 290, '2017-05-15'),
(234, 290, '2017-05-16'),
(235, 290, '2017-05-17'),
(236, 290, '2017-05-18'),
(237, 290, '2017-05-19'),
(238, 290, '2017-05-20'),
(239, 290, '2017-05-21'),
(240, 290, '2017-05-22'),
(241, 290, '2017-05-23'),
(242, 290, '2017-05-24'),
(243, 290, '2017-05-25'),
(244, 290, '2017-05-26'),
(245, 290, '2017-05-27'),
(246, 290, '2017-05-28'),
(247, 290, '2017-05-29'),
(248, 290, '2017-05-30'),
(249, 290, '2017-05-31'),
(250, 290, '2017-06-01'),
(251, 290, '2017-06-02'),
(252, 290, '2017-06-03'),
(253, 290, '2017-06-04'),
(254, 290, '2017-06-05'),
(255, 290, '2017-06-06'),
(256, 290, '2017-06-07'),
(257, 290, '2017-06-08'),
(258, 290, '2017-06-09'),
(259, 291, '2017-06-09'),
(260, 291, '2017-06-10'),
(261, 291, '2017-06-11'),
(262, 291, '2017-06-12'),
(263, 291, '2017-06-13'),
(264, 291, '2017-06-14'),
(265, 291, '2017-06-15'),
(266, 291, '2017-06-16'),
(267, 291, '2017-06-17'),
(268, 291, '2017-06-18'),
(269, 291, '2017-06-19'),
(270, 291, '2017-06-20'),
(271, 291, '2017-06-21'),
(272, 292, '2017-03-15'),
(273, 292, '2017-03-16'),
(274, 292, '2017-03-17'),
(275, 292, '2017-03-18'),
(276, 292, '2017-03-19'),
(277, 292, '2017-03-20'),
(278, 292, '2017-03-21'),
(279, 292, '2017-03-22'),
(280, 292, '2017-03-23'),
(281, 292, '2017-03-24'),
(282, 292, '2017-03-25'),
(283, 292, '2017-03-26'),
(284, 292, '2017-03-27'),
(285, 292, '2017-03-28'),
(286, 292, '2017-03-29'),
(287, 292, '2017-03-30'),
(288, 292, '2017-03-31'),
(289, 292, '2017-04-01'),
(290, 292, '2017-04-02'),
(291, 292, '2017-04-03'),
(292, 292, '2017-04-04'),
(293, 292, '2017-04-05'),
(294, 292, '2017-04-06'),
(295, 292, '2017-04-07'),
(296, 292, '2017-04-08'),
(297, 292, '2017-04-09'),
(298, 292, '2017-04-10'),
(299, 292, '2017-04-11'),
(300, 292, '2017-04-12'),
(301, 292, '2017-04-13'),
(302, 292, '2017-04-14'),
(303, 292, '2017-04-15'),
(304, 293, '2017-04-04'),
(305, 294, '2017-04-04'),
(306, 295, '2017-04-04'),
(307, 296, '2017-04-04'),
(308, 297, '2017-04-04'),
(309, 298, '2017-04-04'),
(310, 299, '2017-04-04'),
(311, 300, '2017-04-04'),
(312, 301, '2017-04-04'),
(313, 302, '2017-04-04'),
(314, 303, '2017-04-04'),
(315, 304, '2017-04-04'),
(316, 305, '2017-04-04'),
(317, 306, '2017-04-07'),
(318, 307, '2017-04-07'),
(319, 308, '2017-04-07'),
(320, 309, '2017-04-07'),
(321, 310, '2017-04-07'),
(322, 311, '2017-04-07'),
(323, 312, '2017-04-07'),
(324, 313, '2017-04-07'),
(325, 314, '2017-04-07'),
(326, 315, '2017-06-03'),
(327, 315, '2017-06-04'),
(328, 315, '2017-06-05'),
(329, 315, '2017-06-06'),
(330, 315, '2017-06-07'),
(331, 316, '2017-06-03'),
(332, 316, '2017-06-04'),
(333, 316, '2017-06-05'),
(334, 316, '2017-06-06'),
(335, 316, '2017-06-07'),
(336, 317, '2017-06-09'),
(337, 317, '2017-06-10'),
(338, 318, '2017-04-13'),
(339, 319, '2017-04-13'),
(340, 320, '2017-04-13');

-- --------------------------------------------------------

--
-- Table structure for table `hotel_advantages`
--

CREATE TABLE `hotel_advantages` (
  `id` int(11) NOT NULL,
  `title_ar` varchar(255) DEFAULT NULL,
  `title_en` varchar(255) NOT NULL,
  `image` varchar(255) NOT NULL,
  `active` int(11) NOT NULL,
  `branches_id` int(11) NOT NULL,
  `created_by` int(11) NOT NULL,
  `is_deleted` int(11) NOT NULL,
  `deleted_by` int(11) NOT NULL
) ENGINE=InnoDB DEFAULT CHARSET=utf8;

--
-- Dumping data for table `hotel_advantages`
--

INSERT INTO `hotel_advantages` (`id`, `title_ar`, `title_en`, `image`, `active`, `branches_id`, `created_by`, `is_deleted`, `deleted_by`) VALUES
(2, 'مصعد', 'مصعد', '20160111-003945-1677.png', 1, 14, 97, 0, 0),
(4, 'واي فاي مجاني', '', '20160111-003950-1968.png', 1, 14, 97, 0, 0),
(5, 'غرف عائلية', '', '20160111-003948-2016.png', 1, 14, 97, 0, 0),
(6, 'مطاعم وكافيهات', '', '20160111-003825-986.png', 1, 14, 97, 0, 0),
(7, 'خدمة نقل مطار', '', '20160111-003713-625.png', 1, 14, 97, 0, 0),
(10, 'مركز للياقة البدنية', '', '20160111-003755-2205.png', 1, 14, 97, 0, 0),
(11, 'bolling', '', '20160111-003853-2350.png', 1, 25, 104, 0, 0),
(12, 'موقف سيارات', '', '20160111-003818-702.png', 1, 14, 97, 0, 0),
(13, 'اصطحاب حيوانات أليفة', '', '20160111-003808-1050.png', 1, 25, 104, 0, 0),
(14, 'اماكن للدراجات', '', '20160111-003739-1444.png', 1, 14, 97, 0, 0),
(15, 'سوبر ماركت', '', '20160111-003706-555.png', 1, 14, 97, 0, 0),
(16, 'مسجد', '', '20160111-004009-770.png', 1, 14, 97, 0, 0),
(17, 'محطة بنزين قريبة ', '', '20160111-003819-770.png', 1, 14, 97, 0, 0),
(18, 'سينما', '', '20160111-003822-912.png', 1, 14, 97, 0, 0),
(19, 'مركز رجال اعمال', '', '20160111-003824-1295.png', 1, 14, 97, 0, 0),
(21, 'صالة ديسكو', '', '20160111-003841-1599.png', 1, 14, 97, 0, 0),
(22, 'مكيفات', '', '20160111-003705-187.png', 1, 14, 97, 0, 0),
(23, 'سيارات', '', '20160111-003713-625.png', 1, 47, 130, 0, 0),
(24, 'صالة جيم', 'gym', '20160111-003703-70.png', 1, 48, 0, 0, 0),
(25, 'جراج سيارات', 'parking', '20160111-003713-625.png', 1, 58, 0, 0, 0),
(26, 'dsfdsadasd', 'aasdas', '20160111-003701-204.png', 1, 0, 0, 0, 0),
(27, 'مرافق لذوي الاحتياجات الخاصة', 'مرافق لذوي الاحتياجات الخاصة', '20160111-003702-650.png', 1, 0, 0, 0, 0),
(28, 'خدمة غرف', 'خدمة غرف', '20160111-003743-1681.png', 1, 0, 0, 0, 0);

-- --------------------------------------------------------

--
-- Table structure for table `hotel_contract`
--

CREATE TABLE `hotel_contract` (
  `id` int(11) NOT NULL,
  `title` varchar(255) NOT NULL,
  `hotel_id` int(11) NOT NULL,
  `region_id` int(11) NOT NULL,
  `profit_hotels_only` float NOT NULL,
  `child_profit_hotels_only` float NOT NULL,
  `room_type_ids` text NOT NULL,
  `room_type_nums` text NOT NULL,
  `max_extra_childs` text NOT NULL,
  `max_extra_infants` text NOT NULL,
  `standard_meal` int(11) NOT NULL,
  `available_meals` text NOT NULL,
  `available_meals_price_per_night` text NOT NULL,
  `available_meals_child_price_per_night` text NOT NULL,
  `standard_room_views` int(11) NOT NULL,
  `available_room_views` text NOT NULL,
  `available_views_price_per_night` text NOT NULL,
  `available_views_child_price_per_night` text NOT NULL,
  `standard_room_classes` int(11) NOT NULL,
  `available_room_classes` text NOT NULL,
  `available_classes_price_per_night` text NOT NULL,
  `available_classes_child_price_per_night` text NOT NULL,
  `oneoff_supplement` text NOT NULL,
  `oneoff_supplement_dates` text NOT NULL,
  `oneoff_supplement_prices` text NOT NULL,
  `oneoff_supplement_child_prices` text NOT NULL,
  `from_date` date NOT NULL,
  `to_date` date NOT NULL,
  `active` int(11) NOT NULL
) ENGINE=InnoDB DEFAULT CHARSET=utf8;

--
-- Dumping data for table `hotel_contract`
--

INSERT INTO `hotel_contract` (`id`, `title`, `hotel_id`, `region_id`, `profit_hotels_only`, `child_profit_hotels_only`, `room_type_ids`, `room_type_nums`, `max_extra_childs`, `max_extra_infants`, `standard_meal`, `available_meals`, `available_meals_price_per_night`, `available_meals_child_price_per_night`, `standard_room_views`, `available_room_views`, `available_views_price_per_night`, `available_views_child_price_per_night`, `standard_room_classes`, `available_room_classes`, `available_classes_price_per_night`, `available_classes_child_price_per_night`, `oneoff_supplement`, `oneoff_supplement_dates`, `oneoff_supplement_prices`, `oneoff_supplement_child_prices`, `from_date`, `to_date`, `active`) VALUES
(12, 'Summer & winter 2016-17', 7, 5, 5, 2.5, '2,3,4', '0,0,0', '2,2,2', '1,1,1', 5, '', '', '', 7, '', '', '', 3, '4', '10', '', '3,2', '2016-12-20,2016-12-31', '65,90', '32.5,45', '2016-05-01', '2017-04-30', 1),
(16, 'Summer & Winter 16/17', 30, 5, 5, 2.5, '2,3,4,6', '0,0,0,0', '2,2,2,3', '2,1,1,1', 4, '', '', '', 4, '7', '10', '5', 3, '3', '', '', '3,2', '2016-12-24,2016-12-31', '35,45', '20,30', '2016-11-01', '2017-04-30', 1),
(18, 'Winter 16/17', 32, 5, 5, 2.5, '2', '', '1', '1', 4, '2', '', '', 4, '', '', '', 3, '7,18,19', '30,10,40', '0,5,0', '3,2', '2016-12-24,2016-12-31', '50,100', '25,50', '2016-11-01', '2017-04-30', 1),
(20, 'Winter 16/17', 8, 5, 5, 2.5, '', '', '', '', 2, '', '', '', 12, '', '', '', 3, '', '', '', '3,2', '2016-12-24,2016-12-31', '60,150', '30,75', '2016-11-01', '2017-04-30', 1),
(21, 'Winter 16/17', 47, 5, 5, 2.5, '', '', '', '', 2, '', '', '', 4, '', '', '', 23, '', '', '', '3,2', ',', '60,150', '30,75', '2016-11-01', '2017-04-01', 1),
(23, 'Winter 16-17', 12, 5, 5, 2.5, '2', '0', '0', '0', 5, '', '', '', 13, '', '', '', 24, '25', '8', '4', '3,2', '2016-12-24,2016-12-31', '40,60', '20,30', '2016-11-01', '2017-04-30', 1),
(24, 'Summer 17', 12, 5, 5, 2.5, '', '', '', '', 5, '', '', '', 13, '', '', '', 24, '25', '8', '4', '', '', '', '', '2017-05-01', '2018-10-31', 1),
(25, 'Winter 16-17', 48, 5, 5, 2.5, '', '', '', '', 4, '', '', '', 4, '7', '5', '', 3, '', '', '', '3,2', '2016-12-24,2016-12-31', '55,75', '27.5,37.5', '2016-11-01', '2017-04-30', 1),
(26, 'Winter 16-17', 10, 5, 5, 2.5, '', '', '', '', 2, '4', '24', '12', 4, '', '', '', 30, '31,32,16,33,34', '3,5,15,15,25', '2,2.5,7.5,7.5,12.5', '3,2', '2016-12-24,2016-12-31', '60,0', '30,0', '2016-11-01', '2017-04-30', 1),
(27, 'Winter 16-17', 14, 5, 5, 2.5, '', '', '', '', 2, '4', '32', '16', 4, '', '', '', 30, '36,16,37,8', '15,25,36,60', '7.5,12.5,18,30', '3,2', '2016-12-24,2016-12-31', '70,145', '35,72.5', '2016-11-01', '2017-04-30', 1),
(28, 'Winter 16-17', 50, 5, 5, 2.5, '', '', '', '', 4, '', '', '', 5, '', '', '', 3, '', '', '', '3,2', '2016-12-24,2016-12-31', '45,100', '22.5,50', '2016-11-01', '2017-04-30', 1),
(29, 'winter 16/17', 49, 5, 5, 2.5, '', '', '', '', 2, '4', '32', '16', 4, '', '', '', 38, '', '', '', '3,2', '2016-12-24,2016-12-31', '50,100', '25,50', '2016-11-01', '2017-04-30', 1),
(30, 'fgfgfg', 22, 5, 5, 2, '', '', '', '', 3, '', '', '', 8, '', '', '', 3, '', '', '', '3,2', '2016-12-10,2016-12-31', '60,100', '30,50', '2016-11-01', '2017-04-30', 1),
(31, 'Winter 16/17', 16, 5, 5, 2.5, '', '', '', '', 4, '', '', '', 4, '', '', '', 3, '', '', '', '3,2', '2016-12-24,2016-12-31', '72,95', '36,47.5', '2016-11-01', '2017-04-30', 1),
(32, 'Winter 16/17', 15, 5, 5, 2.5, '', '', '', '', 4, '', '', '', 4, '', '', '', 3, '', '', '', '3,2', '2016-12-24,2016-12-31', '72,95', '0,0', '2016-11-01', '2017-04-30', 1),
(33, 'Winter 16/17', 17, 5, 5, 2.5, '', '', '', '', 4, '', '', '', 4, '7', '10', '5', 3, '', '', '', '3,2', '2016-12-24,2016-12-31', '40,65', '20,32.5', '2016-11-01', '2017-04-30', 1),
(34, 'contract Swiss Inn Radamis I - Aswan', 24, 5, 20, 10, '', '', '', '', 3, '', '', '', 8, '', '', '', 3, '', '', '', '', '', '', '', '2016-11-01', '2017-04-28', 1),
(35, 'contract Swiss Inn Radamis I - Edfu', 23, 5, 30, 10, '', '', '', '', 3, '', '', '', 8, '', '', '', 3, '', '', '', '', '', '', '', '2016-11-01', '2017-06-17', 1),
(36, 'contract Le Meridien Pyramids Hotel & Spa', 1, 5, 15, 10, '', '', '', '', 1, '', '', '', 3, '', '', '', 3, '', '', '', '', '', '', '', '2016-11-01', '2017-03-10', 1);

-- --------------------------------------------------------

--
-- Table structure for table `hotel_extra_services`
--

CREATE TABLE `hotel_extra_services` (
  `id` int(11) NOT NULL,
  `title_ar` varchar(255) DEFAULT NULL,
  `title_en` varchar(255) NOT NULL,
  `room_or_person` tinyint(1) NOT NULL,
  `active` tinyint(1) NOT NULL DEFAULT '1',
  `branches_id` int(11) NOT NULL,
  `is_deleted` tinyint(1) NOT NULL DEFAULT '0'
) ENGINE=InnoDB DEFAULT CHARSET=utf8;

--
-- Dumping data for table `hotel_extra_services`
--

INSERT INTO `hotel_extra_services` (`id`, `title_ar`, `title_en`, `room_or_person`, `active`, `branches_id`, `is_deleted`) VALUES
(2, 'بولينج', '', 0, 1, 25, 0),
(3, 'عشاء', '', 1, 1, 25, 0),
(4, 'غذاء', '', 1, 1, 25, 0),
(7, 'اطلالة على البحر', '', 1, 1, 25, 0),
(8, 'عشاء', '', 1, 1, 47, 0),
(9, 'عشاء', 'dinner', 1, 1, 48, 0),
(10, 'التزحلق على الجليد', 'skattingssssssssss', 0, 1, 48, 0),
(11, 'فطار', 'breakfast', 1, 1, 48, 0),
(12, 'بولينج', 'bolling', 0, 1, 48, 0),
(13, 'بولينج', 'bolling', 1, 1, 58, 0),
(14, 'asdasdasdasd', 'asdasdasdadasd', 1, 1, 0, 0);

-- --------------------------------------------------------

--
-- Table structure for table `hotel_room_meals`
--

CREATE TABLE `hotel_room_meals` (
  `id` int(11) NOT NULL,
  `title_ar` varchar(255) NOT NULL,
  `title_en` varchar(255) NOT NULL,
  `active` tinyint(1) NOT NULL DEFAULT '1'
) ENGINE=InnoDB DEFAULT CHARSET=utf8;

--
-- Dumping data for table `hotel_room_meals`
--

INSERT INTO `hotel_room_meals` (`id`, `title_ar`, `title_en`, `active`) VALUES
(1, 'غرفة فقط', 'room only', 1),
(2, 'سرير و فطار', 'bed and breakfast', 1),
(3, ' افطار او سحور مكة /سحور مدينة', 'ifttar or Suhour mecca / suhour madina', 1),
(4, 'افطار بمكة', 'ifttar mecca', 1),
(5, 'سحور بالمدينة', 'Suhour in madina ', 1),
(6, 'افطار او سحور', 'ifttar or suhour', 1),
(7, 'افطار بمكة / سحور بالمدينة', 'ifttar in mecca / suhour in madina', 1),
(8, 'بالفطار والسحور بمكة', 'ifttar & suhour in mecca', 1),
(9, 'سحور بمكة', 'suhour in mecca', 1);

-- --------------------------------------------------------

--
-- Table structure for table `hotel_room_types`
--

CREATE TABLE `hotel_room_types` (
  `id` int(11) NOT NULL,
  `title_ar` varchar(255) DEFAULT NULL,
  `title_en` varchar(150) NOT NULL,
  `no_of_bed` int(11) NOT NULL,
  `max_adults` int(11) NOT NULL,
  `max_childs` int(11) NOT NULL,
  `max_infants` int(11) NOT NULL,
  `active` int(11) NOT NULL,
  `this_order` int(11) NOT NULL,
  `created_by` int(11) NOT NULL
) ENGINE=InnoDB DEFAULT CHARSET=utf8;

--
-- Dumping data for table `hotel_room_types`
--

INSERT INTO `hotel_room_types` (`id`, `title_ar`, `title_en`, `no_of_bed`, `max_adults`, `max_childs`, `max_infants`, `active`, `this_order`, `created_by`) VALUES
(16, 'ثلاثى', 'third', 3, 3, 2, 0, 1, 3, 104),
(17, 'رباعى', 'four', 4, 4, 2, 0, 1, 4, 104),
(20, 'فردى', 'single', 1, 1, 2, 0, 1, 1, 0),
(21, 'ثنائي', 'Double', 2, 2, 2, 0, 1, 2, 0),
(22, 'خماسى', 'five', 0, 5, 2, 0, 1, 5, 0);

-- --------------------------------------------------------

--
-- Table structure for table `hotel_room_views`
--

CREATE TABLE `hotel_room_views` (
  `id` int(11) NOT NULL,
  `title_en` varchar(255) NOT NULL,
  `title_nl` varchar(255) NOT NULL,
  `active` tinyint(1) NOT NULL
) ENGINE=InnoDB DEFAULT CHARSET=utf8;

--
-- Dumping data for table `hotel_room_views`
--

INSERT INTO `hotel_room_views` (`id`, `title_en`, `title_nl`, `active`) VALUES
(3, 'City view', 'Uitzicht op stad', 1),
(4, 'Garden view', 'Tuinzicht', 1),
(5, 'Pool view', 'Uitzicht op zwembad', 1),
(6, 'Side sea view', 'Zijdelings zeezicht', 1),
(7, 'Sea view', 'Zeezicht', 1),
(8, 'Nile view', 'Nijlzicht', 1),
(9, 'Pyramids view', 'Uitzicht over de piramiden', 1),
(10, 'Desert view', 'Woestijnzicht', 1),
(11, 'Partial sea view', 'Gedeeltelijk zeezicht', 1),
(12, 'Resort view', 'Hotelzicht', 1),
(13, 'Pool/garden view', 'Zwembad/tuinzicht', 1);

-- --------------------------------------------------------

--
-- Table structure for table `maka_madina_hotels`
--

CREATE TABLE `maka_madina_hotels` (
  `id` int(11) NOT NULL,
  `this_order` int(11) NOT NULL,
  `stars` int(11) NOT NULL,
  `countries_id` int(11) NOT NULL,
  `cities_id` int(11) NOT NULL COMMENT ' ',
  `title_ar` varchar(255) NOT NULL,
  `title_en` varchar(255) NOT NULL,
  `image` varchar(255) NOT NULL,
  `body_ar` text NOT NULL,
  `body_en` text NOT NULL,
  `desc_ar` text NOT NULL,
  `desc_en` text NOT NULL,
  `keywords_ar` text NOT NULL,
  `keywords_en` text NOT NULL,
  `star_from_campus` int(11) NOT NULL,
  `maka_or_madina_or_gada` tinyint(1) NOT NULL,
  `currency_id` int(11) NOT NULL,
  `longitude` varchar(255) NOT NULL,
  `latitude` varchar(255) NOT NULL,
  `created_by` int(11) NOT NULL,
  `active` tinyint(1) NOT NULL,
  `created_at` timestamp NOT NULL DEFAULT CURRENT_TIMESTAMP
) ENGINE=InnoDB DEFAULT CHARSET=utf8;

--
-- Dumping data for table `maka_madina_hotels`
--

INSERT INTO `maka_madina_hotels` (`id`, `this_order`, `stars`, `countries_id`, `cities_id`, `title_ar`, `title_en`, `image`, `body_ar`, `body_en`, `desc_ar`, `desc_en`, `keywords_ar`, `keywords_en`, `star_from_campus`, `maka_or_madina_or_gada`, `currency_id`, `longitude`, `latitude`, `created_by`, `active`, `created_at`) VALUES
(53, 1, 5, 72, 74, 'دار التوحيد انتركونتيننتال', 'Dar Al Tawhid Intercontinental', 's_731582_HI277480751.jpg', 'يقع فندق دار التوحيد انتركونتيننتال ذو الـ 5 نجوم أمام المسجد الحرام، ويوفر أماكن إقامة فاخرة مُطلة على المسجد الحرام.\r\n\r\nيحتوي الفندق على غرف ضيوف واسعة ذات أثاث أنيق، وتوفر العديد من الغرف إطلالة بانورامية على المسجد الحرام، وتتميز جميع الغرف بديكور شرقي، وتشتمل على مجموعة من وسائل الراحة العصرية، بما في ذلك تلفزيونات بشاشات بلازما مع قنوات فضائية، وتتوفر خدمة الواي فاي.\r\n\r\nيحتوي الفندق على 3 مطاعم يمكن للضيوف الاختيار منها، حيث تقدم مجموعة كبيرة من المأكولات العالمية، فضلاً عن العديد من أطباق الشرق الأوسط مع إطلالات رائعة على المسجد الحرم.\r\n\r\nيقع الفندق على بُعد مسافة قصيرة من مذبح إسماعيل والجمرة الوسطى التي تبعُد مسافة 5 دقائق فقط بالسيارة. \r\n\r\n\r\n', 'Located opposite the Grand Mosque, the 5-star Dar Al Tawhid Intercontinental Makkah offers luxurious accommodation overlooking the Grand Mosque.\r\n\r\nFeaturing spacious guest rooms with elegant furnishings, many rooms offer panoramic views of the Grand Mosque. All rooms feature oriental décor and include a range of modern amenities including plasma-screen TVs with satellite channels and Wi-Fi access.\r\n\r\nThe hotel has 3 restaurants that guests can choose from, offering a wide range of international cuisine, as well as many Middle Eastern dishes with great views of the Haram Mosque.\r\n\r\nThe hotel is just a short walk from the Altar of Ismail and the Central Djamaar, only a 5-minute drive away.', 'فندق  5 نجوم أمام المسجد الحرام، ويوفر أماكن إقامة فاخرة مُطلة على المسجد الحرام.', 'A 5-star hotel facing the Grand Mosque, offers luxurious accommodation overlooking the Grand Mosque.', '', '', 0, 1, 8, '0', '0', 0, 1, '2017-03-29 14:45:41'),
(54, 1, 5, 72, 74, 'كونراد مكة', 'Conrad Mecca', 's_121084_HI319843063.jpg', 'يقع كونراد مكة في قلب مدينة مكة المكرمة إحدى الوجهات المقدسة الأكثر إلهاماً في العالم على بعد مجرد خطوات من الكعبة المشرفة والمسجد الحرام. ويمكن الوصول إلى الفندق بسهولة من طريق أم القرى المتصل بطريق مكة المكرمة-جدة السريع. كما يمكن للضيوف الاستمتاع بالمطعم الموجود في الموقع.\r\n', 'Conrad Mecca is located in the heart of Mecca, one of the most inspiring holy places in the world, just steps from the Kaaba and the Grand Mosque. The hotel is easily accessible from Umm Al-Qura road, connected to the Makkah-Jeddah highway. Guests can also enjoy the on-site restaurant.\r\n', 'يقع كونراد مكة في قلب مدينة مكة المكرمة', 'Conrad Mecca is located in the heart of Mecca,', '', '', 0, 1, 8, '0', '0', 0, 1, '2017-03-29 14:45:41'),
(55, 1, 5, 72, 74, 'هيات ريجنسي مكه', 'Hyatt Regency Mecca', 's_589099_Hyatt-Regency-Makkah-P020-Royal-Suite-Bedroom_gallery-2-3-item-panel.jpg', 'يقع فندق حياة ريجنسي مكة جبل عمر في قلب مدينة مكة المكرمة، ويبعد الفندق دقيقة واحدة فقط سيراً على الأقدام عن المسجد الحرام، ولراحة الضيف، تتوفر مواقف خاصة للسيارات مجاناً في الموقع وكذلك خدمة الواي فاي المجانية، وتتوفر أيضاً مناطق للصلاة للذكور والإناث في طابق موقف السيارات الخاص بالفندق.\r\n', 'Hyatt Regency Makkah Jabal Omar is located in the heart of Mecca, only 1 minute walk from the Grand Mosque. For guests'' convenience, free private parking is available on site and free Wi-Fi is available. The hotel''s cars.\r\n', 'يقع فندق حياة ريجنسي مكة جبل عمر في قلب مدينة مكة المكرمة', 'Hyatt Regency Makkah Jabal Omar is located in the heart of Mecca,', '', '', -3, 1, 11, '39.8192778', '21.4206751', 0, 1, '2017-03-29 14:45:41'),
(56, 1, 4, 72, 74, 'هيلتون مكة', 'Hilton mecca', 's_162949_89693106_(1).jpg', 'يطل فندق فندق مكة هيلتون على المسجد الحرام والكعبة المشرفة ويقع في قلب مدينة مكة المكرمة بالمملكة العربية السعودية. ويمكن الاستمتاع بإطلالات على الحرم المكي عند أداء الصلوات في صالتين مُكيفتين ومفروشتين بالسجاد، وتسعان 10000 مُصلي.\r\n\r\nتتميز جميع الغرف في فندق مكة هيلتون بإطلالات على مدينة مكة أو الكعبة المُشرفة أو المسجد الحرام. وتحتوي كل غرفة على مكتب وأريكة. ويتميز الجناح بغرفة معيشة منفصلة تحتوي على منطقة لتناول الطعام، وتُوفر الغرفة التنفيذية إمكانية الدخول إلى الصالة رفيعة المستوى.\r\n\r\nيتميز مطعم EL Etlalah بنوافذ مُقوسة تقليدية، ويُقدم المأكولات الآسيوية ومأكولات إقليمية خاصة.ويمكن الاستمتع بالنكهات العربية في مطعم Al Fayhaa، أو يمكن الاختيار من المأكولات العالمية الأصيلة في مطعم Lagenda. فضلاً عن الاسترخاء وتناول القهوة العربية في مقهى Cino. يمكن للضيوف الاستمتاع بمساج القدم في مركز ريفلكسولوجي الصحي .\r\n\r\nاستمتع بمول التسوق الواسع في الموقع، لما يحتويه من 450 متجر شهير وقاعة لتناول الطعام. وتضُم معالم الجذب في مكة المكرمة، والتي تقع على مقربة من فندق مكة هيلتون، الكعبة المُشرفة وبئر زمزم، فضلاً عن المواقع الإسلامية المقدسة الهامة الأخرى التي تبعُد أقل من 8 كم. \r\n\r\nهذه المنطقة المفضلة من مكة المكرمة لدى ضيوفنا بناءً على التقييمات المستقلة.\r\n\r\nمكان الإقامة هذا أيضًا أحد أفضل المواقع تقييمًا في مكة المكرمة! الضيوف مسرورون أكثر بما يقدمه مقارنة مع أماكن الإقامة في المنطقة.\r\n\r\nصُنف مكان الإقامة هذا على أنه الأفضل قيمة في مكة المكرمة! فالضيوف هنا يحصلون على مزايا أكثر مقابل ما يدفعوه بالمقارنة مع أماكن إقامة أخرى في المدينة.', 'Overlooking the Holy Haram Mosque and the Kaaba, the Makkah Hilton Hotel is in the heart of Makkah, Saudi Arabia. Pray with views of the Holy Haram in two air-conditioned and carpeted 10, 000-seat prayer halls.\r\n\r\nAll rooms at Makkah Hilton have city, mountain, Kaaba or Holy Haram Mosque views. Each provides a desk and a sofa. The suite features a separate living room with dining area and the executive room gives access to the executive lounge.\r\n\r\nEL Etlalah Restaurant, which boasts traditional arched windows, serves Asian dishes as well as regional specialties. Savor Arabic flavors at Al Fayhaa restaurant or choose authentic international cuisine at Lagenda. Relax over Arabian coffee at Caffé Cino. Guests can enjoy foot massages at the Reflexology Health Centre.\r\n\r\nExperience the extensive on site shopping mall with 450 brand shops and a food court. Makkah attractions on the doorstep of the Makkah Hilton Hotel include the Kaaba and the ZamZam Well, with other important Islamic holy sites less than 8 km away. \r\n\r\nThis is our guests'' favorite part of Mecca, according to independent reviews.\r\n\r\nThis property also has one of the top-rated locations in Mecca! Guests are happier about it compared to other properties in the area.\r\n\r\nThis property is also rated for the best value in Mecca! Guests are getting more for their money when compared to other properties in this city.', ' هيلتون مكة في قلب مكة المكرمة، وتطل على الحرم المكي الشريف', 'Hilton Mecca  is located in the heart of Mecca, overlooking the Holy Haram', '', '', 0, 3, 11, '0', '0', 0, 1, '2017-03-29 14:45:41'),
(57, 1, 5, 72, 74, 'ماريوت مكة', 'Marriott of Mecca', 's_813578_CuAHTwoW8AAFuv6.jpg', 'يقدم فندق مكة ماريوت مكان إقامة في مكة المكرمة،ويمكن للضيوف الاستمتاع بالمطعم المتوفر في الموقع.\r\n\r\nتتميز جميع الغرف في هذا الفندق بتكييف الهواء وتلفزيون مع قنوات فضائية، وتضم غرف معينة منطقة للجلوس لإضفاء المزيد من الراحة للضيوف، وتشمل المزايا الإضافية نعال ولوازم استحمام مجانًا ومجفف للشعر.\r\n\r\nيتوفر مكتب استقبال يعمل على مدار 24 ساعة في اليوم وصالون لتصفيف الشعر ومتجر هدايا في مكان الإقامة.\r\n\r\nيقع المسجد الحرام على بعد 6 دقائق فقط من فندق مكة ماريوت، ويعتبر مطار الملك عبد العزيز المطار الأقرب لمكان الإقامة حيث يقع على بعد 74 كم منه. ', 'Makkah Marriott offers Makkah accommodation and guests can enjoy the on-site restaurant.\r\n\r\nAll rooms at this hotel feature air conditioning and satellite TV. Some rooms have a seating area for added convenience to guests. Additional benefits include slippers, complimentary toiletries and a hairdryer.\r\n\r\nThere is a 24-hour front desk, a hairdresser and a gift shop in the residence.\r\n\r\nThe Grand Mosque is only 6 minutes away from the Makkah Marriott Hotel. King Abdulaziz Airport is the closest airport to the place where it is 74 km away.', 'يقدم فندق مكة ماريوت مكان إقامة في مكة المكرمة', 'Mecca Marriott Hotel offers accommodation in Mecca', '', '', 0, 1, 8, '0', '0', 0, 1, '2017-03-29 14:45:41'),
(58, 1, 5, 72, 74, 'انجم مكه', 'Anjum Makkah', 's_26592_فندق-أنجم-مكة.jpg', 'يقع فندق أنجم مكة في مكة المكرمة ويوفر أماكن إقامة عصرية توفر إطلالات على المسجد الحرام ، ويوفر إمكانية استخدام الواي فاي مجاناً في جميع أنحاء مكان الإقامة.\r\n\r\nتوفر كل وحدة تلفزيون بشاشة مسطحة وتكييف الهواء وثلاجة صغيرة، وتحتوي الحمامات على دش ومجفف للشعر ولوازم استحمام مجانية.\r\n\r\nيمكن للضيوف الاستمتاع بخيار قائمة مأكولات محلية وعالمية في المطعم أو في الغرفة، كما تتوفر خدمة الغرف على مدار 24 ساعة.\r\n\r\nيتوفر مكتب استقبال يعمل على مدار الساعة في فندق أنجم مكة، وتشتمل المرافق الأخرى المتوفرة في مكان الإقامة على مكتب للجولات السياحية وخدمة تخزين الأمتعة.\r\n\r\nيقع الفندق على بعد 5 دقائق سيراً على الأقدام من المسجد الحرام وعلى بعد 74 كم من مطار الملك عبد العزيز. ', 'Located in Makkah, Angam Makkah Hotel offers modern accommodation with views of the Grand Mosque and offers free Wi-Fi throughout the residence.\r\n\r\nEach unit offers a flat-screen TV, air conditioning and a mini-fridge. Bathrooms come with a shower, hairdryer and free toiletries.\r\n\r\nGuests can enjoy a local and international menu option in the restaurant or in the room, and 24-hour room service is available.\r\n\r\nA 24-hour front desk is available at Anjam Makkah Hotel, and other on-site facilities include a tour desk and luggage storage.\r\n\r\nThe hotel is a 5-minute walk from the Grand Mosque and 74 km from King Abdul Aziz Airport.', 'يقع فندق أنجم مكة في مكة المكرمة ويوفر أماكن إقامة عصرية توفر إطلالات على المسجد الحرام', 'Located in Mecca, Angum Mecca Hotel offers modern accommodation with views of the Grand Mosque', '', '', 0, 1, 8, '0', '0', 0, 1, '2017-03-29 14:45:41'),
(59, 1, 5, 72, 74, 'ايلاف كندة', 'Elaf Kinda', 's_124218_100226_16062917170044246284.jpg', 'يطل فندق ايلاف كنده على الحرم الشريف وهو مكان للإقامة ذو 5 نجوم في مكة ويوفر غرفًا مُزينة بأناقة ومزودة بخدمة الواي فاي المجانية، ويمكن ترتيب خدمات تخزين الأمتعة وغسيل الملابس في مكتب الاستقبال الذي يعمل على مدار الساعة.\r\n\r\nتتميز جميع الغرف المكيفة في Elaf بأثاث خشبي داكن وأرضيات من السجاد المطبوع، وتشتمل جميعها على منطقة للجلوس مزودة بأريكة وتلفزيون بشاشة مسطحة وميني بار، ويحتوي الحمام الرخامي على دُش.\r\n\r\nيقدم الضيافة مجموعة واسعة من المأكولات العالمية والشرقية ويوفر إطلالات بانورامية على الحرم، ويقدم المجلس المعجنات اللذيذة والطازجة والوجبات الخفيفة طوال اليوم، كما تتوافر خدمة الغرف على مدار الساعة.\r\n\r\nيقع مطار جدة الدولي على بُعد 90 كم من فندق Elaf Kinda، فيما تبعُد المتاجر والمطاعم القريبة على بُعد مسافة سيرًا على الأقدام، كما يتوفر مركز لرجال الأعمال في الفندق. ', 'It offers elegantly decorated rooms with free Wi-Fi, and luggage storage and laundry services can be arranged at the 24-hour front desk.\r\n\r\nFeaturing dark wood furnishings and carpeted floors, all air-conditioned rooms at Elaf all have a seating area with a sofa, a flat-screen TV and a minibar. The marble bathroom has a shower.\r\n\r\nThe hospitality offers a wide range of international and oriental cuisine and offers panoramic views of the Haram. The Council serves delicious and fresh pastries and snacks throughout the day, and 24-hour room service is available.\r\n\r\nJeddah International Airport is 90 km from the Elaf Kinda Hotel, while nearby shops and restaurants are within walking distance, and the hotel''s business center is available.', 'يطل فندق ايلاف كنده على الحرم الشريف وهو مكان للإقامة ذو 5 نجوم في مكة', 'Overlooking Haram Al Sharif, the Elaf Kunda is a 5-star accommodation in Makkah', '', '', 0, 2, 2, '39.8242052', '21.4186645', 0, 1, '2017-03-29 14:45:41'),
(60, -1, 5, 72, 74, 'موفينبيك هاجر', 'Mövenpick Hotel & Residence Hajar Tower ', 's_44390_HI295332330.jpg', 'ويتميز بمزيج يجمع بين التقاليد ووسائل الراحة العصرية. كما يحتوي على خيارات راقية لتناول الطعام ومحلات تجارية في مكان الإقامة.\r\n\r\nتقدم الغرف في فندق وشقق موڤنبيك برج هاجر - مكة خدمة الواي فاي المجانية وتم تزيينها مع أثاث خشبي المعاصرة ويطل معظمها على المسجد الحرام والكعبة المقدسة. وتم تجهيز جميع الغرف بجهاز تلفزيون بشاشة مسطحة مع القنوات الفضائية، ومرافق صنع الشاي / القهوة وميني بار.\r\n\r\nيمكن للضيوف التمتع بالمأكولات السعودية الذواقة في مطعم النعيم ومجموعة من المأكولات الكلاسيكية العالمية في الفردوس الذي يقدم مأكولات على طراز بوفيه البيسترو. وتقدم صالة الشاي الديوان القهوة العربية ومجموعة من أنواع الشاي.\r\n\r\nيقع فندق موفنبيك برج هاجر - مكة بجوار المراكز التجارية والمجمعات الترفيهية في وسط مدينة مكة، ويوفر إطلالات على بوابة الملك عبد العزيز. كما يوفر خدمة الواي فاي المجانية في جميع المناطق العامة. ', 'Hajar Tower combines traditions with modern comforts. It features in-house shops and fine dining options.\r\n\r\nOffering free WiFi, rooms at Mövenpick Hotel & Residence Hajar Tower Makkah are decorated with contemporary wooden furnishings, most facing the Masjid al-Haram and the sacred K’aba. All rooms are equipped with a flat-screen satellite TV, tea/coffee making facilities and a minibar.\r\n\r\nGuests can enjoy gourmet Saudi specialities at the Al Naim restaurant and an array of international classics at the Al Firdaous buffet bistros. Al Diwan Tea Lounge serves Arabic coffee and selected tea blends.', 'يققع برج هاجر المطل على المسجد الحرام في أحد أطول الأبنية في العالم', 'Located in one of the tallest buildings in the world and overlooking the holy Grand Mosque', '', '', 0, 3, 8, '0', '0', 0, 1, '2017-03-29 14:45:41'),
(61, 1, 5, 72, 74, 'فيرمونت برج الساعه', 'Makkah Clock Royal Tower, A Fairmont Hotel', 's_304172_4039860_42_w1.jpg', 'يعتبر واحداً من أطول المباني في العالم. ويضم مركز للياقة البدنية مجهز بالكامل وحوض استحمام ساخن وساونا وغرفة بخار. ويقدم خدمات الكونسيرج على مدار الساعة.\r\n\r\nتحتوي جميع الوحدات في فندق ساعة مكة فيرمونت على تلفزيون إل سي دي وحمام داخلي فسيح مع حوض استحمام. كما تتمتع الغرف بإطلالات على الكعبة المشرفة والحرم والمدينة المقدسة.\r\n\r\nيضم فندق ساعة مكة فيرمونت 9 أماكن أكثر حداثة لتناول الطعام، تشمل Bharat ذو الطابع الهندي واستراحة Al Dar اللبنانية ومطعم Al Dira على السطح. كما يقدم الفندق قائمة خدمات شاملة للغرف على مدار الساعة.\r\n\r\n', 'luxury hotel is one of the tallest buildings in the world and is inside Makkah Clock Tower. It offers a fully equipped fitness centre, hot tub, sauna and a steam room. It includes a 24-hour concierge services.\r\n\r\nEvery unit at the Fairmont Makkah Clock Royal Tower features an LCD TV and a spacious en-suite bathroom with a bathtub. The rooms also benefit from views of the Holy Ka''aba, the Haram or the Holy City.\r\n\r\nMakkah Royal Tower Fairmont boasts 9 state-of-the-art dining venues, including the Indian-inspired Bharat, the Lebanese lounge Al Dar, and the Al Dira rooftop restaurant. The hotel also offers an extensive 24-hour room service menu.\r\n\r\nGuests can enjoy a secretarial service, meeting rooms with a pre-function area, and a extra spacious ballroom for meetings and events. A media room with live broadcast capabilities is also available.', 'يقع هذا الفندق الفاخر الذي يتألف من 76 طابق على بعد 100 متر فقط من المسجد الحرام، وداخل برج ساعة مكة المكرمة،', 'Situated only 100 m from Masjid al-Haram,', '', '', 0, 2, 8, '0', '0', 0, 1, '2017-03-29 14:45:41'),
(62, 1, 5, 72, 74, 'فندق الصفوة رويال اوركيد', 'Al Safwah Royale Orchid Hotel ', 's_261330_الصفوة_رويال_اوركيد.jpg', 'يع فندق الصفوة قبالة بوابة الملك عبد العزيز في مكة المكرمة، ويقدم أماكن إقامة حديثة وراقية في مبنى عالي في ساحة الحرم المكّي. ويوفر خدمة الواي فاي المجانية.\r\n\r\nتم تزويد الغرف في فندق الصفوة رويال اوركيد بالأثاث المعاصر، وتم تجهيزها بشاشة تلفزيون مسطحة مع قنوات فضائية، وجميعها مكيفة الهواء وتحتوي على حمّام داخلي مزود بلوازم استحمام مختارة.\r\n\r\nيمكن للنزلاء الاستمتاع بالمأكولات السعودية التقليدية والأطباق العالمية الكلاسيكية التي يقدمها لهم مطعم الفندق. كما يمكن طلب الطعام والشراب عن طريق خدمة الغرف.\r\n\r\nيحتوي الصفوة رويال اوركيد أيضاً على مركز لرجال الأعمال في الموقع، إضافة إلى موظفي مكتب الاستقبال المتواجدين على مدار 24 ساعة', 'Facing Mecca’s King Abdulaziz Gate, Al Safwah offers modern accommodations in a high rise, located at Al Haram Al Makky Yard. It features free Wi-Fi access.\r\n\r\nFitted with contemporary furnishings, rooms at Al Safwah Royale Orchid Hotel come with flat-screen satellite TVs. They are all air conditioned and include private bathrooms with selected toiletries.\r\n\r\nGuests will enjoy a menu of traditional Saudi specialties and international classic dishes at the hotel''s restaurant. Food and drink room service is also available.\r\n\r\nOther amenities of the Royale Orchid Hotel include an on-site business center and 24-hour front desk staff', 'يقع فندق الصفوة قبالة بوابة الملك عبد العزيز في مكة المكرمة', 'Facing Mecca’s King Abdulaziz Gate', '', '', 0, 1, 8, '0', '0', 0, 1, '2017-03-29 14:45:41'),
(63, 1, 5, 72, 75, 'دار التقوى', 'Dar Al Taqwa Hotel ', 's_467171_دار_التقوى.jpg', 'يتميز هذا الفندق بغرف مكيفة مع تلفزيون بشاشة مسطحة وحديقة الشاي التي تقدم الوجبات الخفيفة والحلويات، كما يقع على بعد أقل من دقيقتين سيراً على الأقدام من المسجد النبوي الشريف، ويمكن للضيوف الاستمتاع بخدمة الواي فاي المجانية في جميع الغرف.\r\n\r\nتم تصميم الغرف في دار التقوى بألوان هادئة وتتميز بنوافذ كبيرة وتوفر بعضها إطلالة على المسجد النبوي، وتضم كل غرفة تلفزيون بقنوات فضائية وميني بار مجهز جيداً بعناصر مجانية.\r\n\r\nيقدم مطعم المروة المأكولات المحلية والعالمية في أجواء أنيقة غير رسمية، ويمكن للضيوف الاسترخاء في اللوبي الذي يتميز بكراسي بذراعين فاخرة وتلفزيون بشاشة مسطحة.\r\n\r\nيبعد فندق دار التقوى مسافة 15 دقيقة بالسيارة من مطار المدينة المنورة، كما تبعد بوابة الملك فهد خطوات قليلة فقط، بينما تقع البوابة الرئيسية للسيدات قبالة الفندق. ', 'This hotel features air-conditioned rooms with a flat-screen TV and a tea garden serving light snacks and desserts. It is less than a 2-minute walk from the Holy Prophet Masjid. Guests can enjoy free WiFi in all the rooms.\r\n\r\nDar Al Taqwa’s rooms are decorated in soft colours and feature large windows, some of which overlook the Prohpet Masjid. Each room has satellite TV and a well-stocked minibar with free items.', ' يقع على بعد أقل من دقيقتين سيراً على الأقدام من المسجد النبوي الشريف، ', 'This hotel features air-conditioned rooms', '', '', 0, 2, 8, '0', '0', 0, 1, '2017-04-01 13:02:03'),
(64, 1, 5, 72, 75, 'دار الهجرة إنتركونتيننتال ', 'Dar Al Hijra InterContinental ', 's_641175_دار_الهجرة.jpg', 'يتميز هذا الفندق المصنف 5 نجوم بموقع ممتاز في وسط المدينة المنورة، ويضم مطعم يقدم المأكولات الآسيوية والعالمية، ويبعد هذا الفندق مسافة 400 متر من حرم المسجد النبوي.\r\n\r\nيوفر دار الهجرة إنتركونتيننتال للضيوف غرف واسعة تضم ديكور على الطراز الكلاسيكي، وتتميز بعض الغرف بإطلالات على جبل أحد، كما تحتوي كل غرفة على حمام رخامي يضم مستلزمات استحمام فاخرة.', 'This 5-star hotel features a prime location in central Madina and has a restaurant that serves Asian and International cuisine. Prophet Muhammed''s Holy Mosque is 300 m away.\r\n\r\nDar Al Hijra InterContinental offers guests spacious accommodation decorated in a classical style. Some rooms feature views of Ohud Mountain. Each room has a marble bathroom with luxury bathroom amenities.', 'يتميز هذا الفندق المصنف 5 نجوم بموقع ممتاز في وسط المدينة المنورة', 'This 5-star hotel features a prime location in central Madina', '', '', 0, 2, 8, '0', '0', 0, 1, '2017-04-01 13:20:36'),
(65, 1, 5, 72, 75, 'دار الإيمان إنتركونتيننتال ', 'Dar Al Iman InterContinental', 's_430059_دار_الايمان.jpg', 'يتميز دار الإيمان إنتركونتيننتال بموقع مثالي بجوار ساحة المسجد النبوي الشريف ويوفر غرف مع تكييف الهواء وتلفزيون مع قنوات فضائية، وتقع مكتبة الملك عبد العزيز العامة على بعد 10 دقائق فقط سيراً على الأقدام.\r\n\r\nتم تجهيز جميع الغرف في دار الإيمان إنتركونتيننتال بميني بارات وخزنات وحمامات خاصة، وتوفر بعض الغرف إطلالات على المسجد النبوي الشريف، ويمكن للضيوف الاستفادة من مكتب الاستقبال المريح الذي يعمل على مدار 24 ساعة وخدمة غسيل الملابس.\r\n\r\nيقدم مطعم Rotana مجموعة متنوعة من المأكولات العربية والعالمية.\r\n\r\nيقع الفندق على بعد 30 دقيقة فقط بالسيارة من مطار الأمير محمد بن عبد العزيز في المدينة المنورة، ويقع طيبة مول وسوبر ماركت بن داوود بجوار دار الإيمان إنتركونتيننتال. ', 'Ideally located adjacent to the Holy Prophet''s Mosque plaza, Dar Al Iman InterContinental offers rooms with air conditioning and satellite TV. The King Abdulaziz Library is only a 10-minute walk.\r\n\r\nAll rooms of InterContinental Dar Al Iman are equipped with minibars, safes and private bathrooms. Some rooms have views of the Holy Mosque of the Prophet Muhammad. Guests can benefit from the convenient 24-hour reception and a laundry service.', 'يتميز دار الإيمان إنتركونتيننتال بموقع مثالي بجوار ساحة المسجد النبوي الشريف', 'Ideally located adjacent to the Holy Prophet''s Mosque plaza', '', '', -1, 2, 8, '0', '0', 0, 1, '2017-04-01 13:33:44'),
(66, 1, 5, 72, 75, 'فندق أوبروى ', 'The Oberoi Hotel ', 's_618280_اوبروى.jpg', 'يتمتع فندق Oberoi بموقع مثالي على مقربة من المسجد النبوي والأماكن المقدسة الأخرى في المدينة المنورة، ويوفر أماكن إقامة تتميز بديكور أنيق. كما يحتوي على جيم وسبا ومجمع تجاري يضم محلات تجارية ذات علامات تجارية شهيرة.\r\n\r\nتوفر جميع الغرف والأجنحة في فندق Oberoi إطلالات على المدينة أو المسجد النبوي، ويحتوي كل جناح على غرفة معيشة مع تلفزيون بشاشة مسطحة وميني بار، فيما تحتوي بعض الأجنحة على منطقة تناول طعام منفصلة. وتشتمل بعض الحمامات على إكسسوارات مطلية بالذهب.\r\n\r\nيتميز مطعم الأندلس بتصميم إسلامي، ويقدم مأكولات التندوري الهندية ومأكولات عربية، فيما يقدم مطعم الزهراء مجموعة متنوعة من الشاي والوجبات الخفيفة وسط إطلالة جميلة على المسجد النبوي. وتتوفر خدمة الغرف على مدار الساعة.', 'In an ideal location in close proximity to the Prophet’s Mosque and Madina’s other sacred places, the Oberoi Hotel features elegantly decorated accommodations. It includes a gym, a spa and a retail arcade with brand name shops.\r\n\r\nAll the rooms and suites at Oberoi feature views of the city or the Prophet’s Mosque. Each suite includes a living room with a flat-screen TV and a minibar, while some include a separate dining area. Some bathrooms have gold-plated fittings.\r\n\r\nFeaturing an Islamic design, Al Andalous Restaurant serves Indian Tandoori and Arabic Cuisine, while Al Zahra serves a variety of tea and snacks with a beautiful view of the Prophet’s Mosque. Room service is available 24 hours.', 'يتمتع فندق Oberoi بموقع مثالي على مقربة من المسجد النبوي والأماكن المقدسة الأخرى في المدينة المنورة', 'In an ideal location in close proximity to the Prophet’s Mosque and Madina’s other sacred places', '', '', 0, 2, 8, '0', '0', 0, 1, '2017-04-01 13:43:42'),
(67, 1, 5, 72, 75, 'شذا المدينة ', 'Shaza Al Madina', 's_26186_شذااااا.jpg', 'يقع هذا الفندق البوتيكي المزين بأناقة على أعتاب باب المسجد النبوي الشريف في المدينة المنورة، ويتميز بإشعاعه الروحاني والتطور. وتتضمن خيارات تناول الطعام في شذا مطبخ استعراضي مفتوح يقدم الأطباق المبتكرة.\r\n\r\nتتميز التصميمات الداخلية المريحة في فندق شذا المدينة بإضاءة ملونة باستخدام الفوانيس المصرية المصممة خصيصاً. وتم تزيين جدران الفندق بواسطة ثريا ساندرز الشهيرة بتصاميمها العربية التقليدية. وتتضمن جميع الغرف تليفزيون بشاشة مسطحة وميني بار وحمام داخلي.\r\n\r\nيمكن تذوق الأطباق المبتكرة والطازجة في صالة شاليمار. ويمكن للنزلاء زيارة مطعم أرابيسك للتمتع بمزيج فريد من المأكولات العربية وأطباق شمال إفريقيا وجنوب شرق آسيا.\r\n\r\nغرف فندق شذا المدينة أنيقة وتخلق أجواء هادئة. وتوفر كل غرفة البونبون محلي الصنع ومجموعة شاي تركي خاصة.\r\n\r\nيقع فندق شذا المدينة على بعد 13 كم من مطار الأمير محمد. وتتوفر مواقف خاصة مجانية للسيارات في الموقع، وتخضع للتوافر. ', 'On the doorsteps of the Prophet''s Mosque in Medina, this richly decorated design hotel radiates spirituality and sophistication. Shaza’s 2 dining options include an open show kitchen, which serves fusion cuisine.\r\n\r\nShaza Al Madina’s intimate interiors are filled with mood lighting, created by specially designed Egyptian lanterns. The hotel’s walls were decorated by Soraya Sanders, famous for her traditional Arabic designs. All rooms include a flat-screen TV, a minibar and an en-suite bathhroom.\r\n\r\nFresh and creative cuisine can be tasted at the Shalimar lounge. For a unique blend of North African, Arabian and South-East Asian delights, guests are welcome to visit the airy Arabesque Restaurant.', 'يقع هذا الفندق البوتيكي المزين بأناقة على أعتاب باب المسجد النبوي الشريف في المدينة المنورة', 'On the doorsteps of the Prophet''s Mosque in Medina', '', '', 0, 2, 8, '0', '0', 0, 1, '2017-04-01 14:02:45'),
(68, 1, 5, 72, 75, 'هوليداي فيلا', 'Holiday Villa', 's_32265_هوليداى.jpg', 'يوفر فندق هوليداي فيلا المدينة المنورة أجواء إقامة هادئة في مدينة المدينة المنورة. كما يقدم هذا الفندق للضيوف خدمة الغرف 24-ساعة، بار قهوة وطابق المدراء. \r\n\r\nيوفر هذا الفندق والمصنف 5 نجوم أمن، خدمة غسل وكي الملابس وصرف العملات. يتواجد طاقم محترف للإهتمام بالزبائن على مدار الساعة. \r\n\r\nتتضمن غرف الفندق حذاء قماشي داخلي، محطة أي-بود ( i-pod) وبار صغير. كل غرفة تشمل حمام خاص فيه مجفف شعر وأثواب حمام. \r\n\r\nتقدم مطاعم فندق هوليداي فيلا المدينة المنورة، منها مطعم Delifrabia ومطعم Cempaka وجبة العشاء للنزلاء في كل ليلة. من أجل النزلاء الذين يقضون كامل اليوم خارجاً، يوفر الفندق وجبات غداء سفرية حسب الطلب. \r\n\r\nيسهل الوصول من فندق هوليداي فيلا المدينة المنورة إلى المسجد النبوي. يبعد الفندق مسافة قصيرة سيراً على الأقدام من البقيع.', 'Holiday Villa Medina offers a tranquil setting in Madinah. This hotel also offers 24-hour room service, a coffee bar and executive floor.', 'يوفر فندق هوليداي فيلا المدينة المنورة أجواء إقامة هادئة في مدينة المدينة المنورة.', 'Holiday Villa Medina offers a tranquil setting in Madinah.', '', '', 0, 1, 8, '0', '0', 0, 1, '2017-04-01 14:18:58'),
(70, 1, 4, 72, 75, ' جوار السقيفة', 'Jewar Al Saqefah Hotel ', 's_909666_جوار_السقيفه.jpg', 'يقع فندق جوار السقيفة في المدينة المنورة، ويوفر أماكن إقامة عصرية. كما يضم خدمة الواي فاي المجانية في جميع المناطق، ويبعد مسافة دقيقتين سيراً على الأقدام عن الحرم الشريف.\r\n\r\nتم تجهيز جميع الغرف بأرضيات من السجاد. وتضم كل غرفة جهاز تلفزيون بشاشة مسطحة وغلاية كهربائية وميني بار. كما تحتوي الحمامات الخاصة على دش ومجفف الشعر ولوازم استحمام مجانية.\r\n\r\nيقع مكان الإقامة على بعد 2.9 كم من النور مول، ويمكنكم الوصول إلى مطار المدينة المنورة في 25 دقيقة بالسيارة. ', 'n Medina, Jewar Al Saqefah Hotel has modern accommodations. It features free Wi-Fi in all areas and Al Haram is 2-minute walk away.\r\n\r\nAll rooms are fitted with carpeted floors. Each one includes a flat-screen TV, an electric kettle and a minibar. Featuring a shower, the private bathrooms also have a hairdryer and free toiletries.\r\n\r\nThe property is around 3.2 km from Al Noor Mall and Al Madinah Airport is 25 minutes away by car. ', 'يقع فندق جوار السقيفة في المدينة المنورة، ويوفر أماكن إقامة عصرية.', 'In Medina, Jewar Al Saqefah Hotel has modern accommodations.', '', '', 0, 2, 10, '39.6068531', '24.4719523', 0, 1, '2017-04-01 14:40:52'),
(71, 1, 5, 72, 75, 'فندق المدينة هيلتون', 'Madinah Hilton Hotel', 's_544254_هيلتون_المدينه.jpg', 'يقع فندق Madinah Hilton على بعد مسافة سير قصيرة من المسجد النبوي، في قلب حي التسوق بالمدينة المنورة. ويقدم الفندق غرفاً مريحة مع تليفزيون مع القنوات الفضائية.\r\n\r\nجميع الغرف مكيفة الهواء، ويحتوي البعض على منطقة جلوس. تم تزويد أماكن الإقامة بمكتب للعمل وميني بار.\r\n\r\nيضم فندق Madinah Hilton مجموعة من المتاجر بالطابق الأرضي. كما يوفر الفندق مكتب استقبال يعمل على مدار 24 ساعة ومركز لرجال الأعمال ومكتب جولات سياحية.\r\n\r\nيمكن للضيوف الاستمتاع بتناول وجبة شهية من الطعام العربي التقليدي في مطعم فندق Madinah بينما يطلّون على المسجد النبوي. يقدم فندق Madinah Hilton خدمة الغرف كذلك.\r\n\r\nيبعد مطار الأمير محمد نحو 25 دقيقة بالسيارة. ', 'The Madinah Hilton Hotel is located only a short walk from the Holy Mosque, right in the heart of Madinah''s shopping district. It offers rooms with satellite TV.\r\n\r\nEach room is air conditioned and some have a sitting area. A work desk and a minibar are equipped in all accommodations.\r\n\r\nMadinah Hilton Hotel has a range of stores on the first floor. The hotel also provides a 24-hour front desk, a business center and a tour desk.\r\n\r\nGuests can enjoy a meal of traditional Arabian delicacies in the hotel’s Madinah Restaurant while admiring the view of the Holy Mosque. Madinah Hilton offers room service as well.\r\n\r\nPrince Mohammed Airport is 25 minute drive away. ', 'يقع فندق Madinah Hilton على بعد مسافة سير قصيرة من المسجد النبوي، في قلب حي التسوق بالمدينة المنورة. ', 'The Madinah Hilton Hotel is located only a short walk from the Holy Mosque, ', '', '', 0, 2, 8, '0', '0', 0, 1, '2017-04-01 14:55:03'),
(72, 1, 5, 72, 75, ' لـــيدر المنى كريم ', 'LEADER Al Muna Kareem Hotel ', 's_799732_المنى_كريم.jpg', 'يوفر LEADER Al Muna Kareem Hotel ذو الـ 16 طابق على إقامة أنيقة من فئة 5 نجوم في وسط المدينة. يبعد 70 متراً عن المسجد النبوي ويقدم الواي فاي مجاناً.\r\n\r\nتأتي الغرف في LEADER Al Muna Kareem Hotel بديكور وأثاث مفعم بالألوان. وقد تم تجهيز كل غرفة بمكتب عمل، وتليفزيون متصل بالقنوات الفضائية وأدوات الحمام.\r\n\r\nيمكن للضيوف في الصباح الاستمتاع بتناول بوفيه الإفطار الغني الذي تم إعداده من المكونات المحلية الطازجة. كما يقدم الطعم العصري القائمة الانتقائية التي تتألف من الأطباق المحلية وكذلك الأطباق الدولية لتناول طعام الغداء والعشاء.\r\n\r\nيشمل LEADER Al Muna Kareem Hotel على مكتب استقبال على مدار 24 ساعة ومواقف سيارات في الموقع مجانا. المناطق التجارية ومناطق رجال الأعمال في المدينة المنورة تقع أيضاً على مسافة قريبة من الفندق. ', 'The 16-floor LEADER Al Muna Kareem Hotel offers elegant 5-star accommodation in the centre of Madinah. It is just 70 m from the Prophet’s Mosque and offers free WiFi.\r\n\r\nThe rooms at LEADER Al Muna Kareem Hotel have rich-coloured décor and furnishings. Each room is equipped with a work desk, satellite TV and bathroom toiletries.\r\n\r\nIn the mornings, guests can enjoy a rich buffet breakfast prepared with seasonal ingredients. The trendy restaurant also offers an à la carte menu consisting of local dishes as well as international specialities for lunch and dinner.\r\n\r\nLEADER Al Muna Kareem Hotel has a 24-hour front desk and free onsite parking. The commercial and business districts of Medina are within walking distance of the hotel. ', ' لـــيدر المنى كريم  ذو الـ 16 طابق  فئة 5 نجوم في وسط المدينة. يبعد 70 متراً عن المسجد النبوي', 'The 16-floor LEADER Al Muna Kareem Hotel offers elegant 5-star accommodation in the centre of Madinah', '', '', 0, 2, 9, '0', '0', 0, 1, '2017-04-01 15:06:27'),
(73, 1, 4, 72, 75, 'فندق الإيمان رويال', 'Al Eiman Royal Hotel', 's_367836_الايمان_رويال.jpg', 'يقع فندق الإيمان رويال في الجزء الشمالي من المنطقة المركزية للمدينة المنورة على بعد 100 متر من المسجد النبوي. وتوفر بعض الغرف إطلالات على جبل أُحد أو المسجد.\r\n\r\nتتميز جميع أماكن الإقامة المكيفة في الإيمان رويال بديكور عصري مع أرضيات مفروشة بالسجاد. وتوفر كل غرفة خزانة للملابس وميني بار وحمام خاص.\r\n\r\nيمكن للنزلاء تناول الطعام في مطعم أُحد الذي يقدم مجموعة متنوعة من الأطباق الآسيوية، أو التمتع بالأطباق العالمية في مطعم بدر. ويضم الطابق الأرضي مقهى يقدم المشروبات والسندوتشات.\r\n\r\nيقع متحف الحجاز للسكك الحديدية على بعد 10 دقائق بالسيارة من فندق الإيمان رويال. بينما يقع مطار الأمير محمد بن عبد العزيز الدولي على مسافة 20 دقيقة بالسيارة. وتتوفر مواقف مجانية للسيارات في مكان الإقامة (تخضع للتوافر). ', 'Located in the northern part of the central area in Al Madinah, Al Eman Royal Hotel is within 100 m from the Prophet’s Mosque. Some of its rooms have views of Mount Uhud or the mosque.\r\n\r\nAll air-conditioned accommodation at Al Eman Royal feature a modern décor with carpeted floors. Each room comes with a wardrobe, a minibar and a private bathroom.\r\n\r\nYou can dine at Uhud Restaurant which offers a variety of Asian cuisine dishes, or enjoy an international cuisine at Bader Restaurant. The ground floor includes a coffee shop that serves beverages and sandwiches.\r\n\r\nThe Hejaz Railway Museum is a 10-minute drive from Al Eman Royal Hotel. Prince Mohammad Bin Abdulaziz International Airport is 20 minutes away by car. Free parking is available at the property subject to availability. ', 'يقع فندق الإيمان رويال في الجزء الشمالي من المنطقة المركزية للمدينة المنورة على بعد 100 متر من المسجد النبوي.', 'Located in the northern part of the central area in Al Madinah, Al Eman Royal Hotel is within 100 m from the Prophet’s Mosque', '', '', 0, 2, 8, '0', '0', 0, 1, '2017-04-01 15:17:29'),
(74, 1, 5, 72, 75, 'فندق ميلينيوم العقيق المدينة', 'Millennium Al Aqeeq Madinah Hotel', 's_725022_ميلينيوم_العقيق.jpg', 'يقع فندق ميلينيوم العقيق المدينة في المدينة المنورة على بعد خطوات قليلة فقط من الحرم النبوي الشريف، ويمكن للضيوف الاستمتاع بخدمة الواي فاي مجاناً في كافة أنحاء مكان الإقامة.\r\n\r\nتحتوي الغرف على جهاز تلفزيون بشاشة مسطحة مع قنوات فضائية ونظام تكييف وميني بار، كما توفر الحمامات الخاصة دش ومجفف للشعر ولوازم استحمام مجانية، كما تضم الأجنحة غرفة معيشة، وتتوفر خدمة الغرف على مدار 24 ساعة.\r\n\r\nيضم فندق ميلينيوم العقيق المدينة مكتب استقبال يعمل على مدار 24 ساعة وسوق صغير في الموقع، وتشمل المرافق الأخرى المتوفرة مطعمين ومقهى ومتاجر (في الموقع).\r\n\r\nيقع الفندق على بعد 3 كم من النور مول وعلى بعد 3.2 كم من المدينة مول، كما يوفر مكان الإقامة هذا مواقف مجانية للسيارات في الموقع وتكون رهناً بالتوافر. ', 'Millennium Al Aqeeq Madinah Hotel is located in Medina, just a few steps from the holy Haram. Guests can enjoy free WiFi throughout the property.\r\n\r\nRooms here will provide you with a flat-screen satellite TV, air conditioning and a minibar. Featuring a shower, private bathrooms also come with a hairdryer and free toiletries. Suites have a living room. Room service is available 24 hours.\r\n\r\nAt Millennium Al Aqeeq Madinah Hotel you will find a 24-hour front desk and a mini-market on site. Other facilities offered include 2 restaurants, a coffee shop and shops (on site).\r\n\r\nThe hotel is 3 km from Al Noor Mall and 3.2 km from Madina Mall. The property offers free on-site parking upon availability. ', 'يقع فندق ميلينيوم العقيق المدينة في المدينة المنورة على بعد خطوات قليلة فقط من الحرم النبوي الشريف،', 'Millennium Al Aqeeq Madinah Hotel is located in Medina, just a few steps from the holy Haram', '', '', 0, 2, 8, '0', '0', 0, 1, '2017-04-01 15:33:08'),
(75, 1, 5, 72, 75, 'بولمان زمزم المدينة ', 'Pullman Zamzam Madina', 's_351566_زمزم_المدينه.jpg', 'يقع بولمان زمزم المدينة في المدينة المقدسة في المدينة المنورة وعلى بعد 150 متر فقط من باب السلام من المسجد النبوي ويوفر خدمة الواي فاي مجاناً في جميع أنحاء الفندق بأكمله.\r\n\r\nتمزج جميع الغرف والأجنحة والتي يبلغ عددها 835 بين الحداثة العربية والأناقة الفرنسية، وتتميز جميعها بأنها مكيفة وتوفر خدمة الواي فاي مجاناً وجهاز تلفزيون بشاشة مسطحة ومرافق صنع الشاي/القهوة، وتحتوي بعض الغرف على منطقة جلوس وسرير أريكة، كما تشمل الحمامات على دش.\r\n\r\nيضم مكان الإقامة 4 مطاعم فريدة مثل Acacia الذي يقدم المأكولات العالمية للإفطار والغداء والعشاء طوال اليوم، كما يتميز Al Mandara بتقديم قائمة مأكولات ومأكولات شرقية تخصصية على وجبة الغداء أو العشاء.\r\n\r\nيبعد مسجد قباء وجبل أحد مسافة 15 دقيقة فقط من مكان الإقامة، وتتوفر مواقف داخلية مجانية للسيارات في الموقع. ', 'Located in the holy city of Madinah Al Munawara and only 150 m from Bab Al Salam of Al Masjid Al Nabawi, Pullman Zamzam Madina offers free WiFi throughout the entire hotel.\r\n\r\nAll 835 rooms & suites are blended with modern Arabic & French elegance, All rooms are air-conditioned and feature free WiFi, a flat-screen TV and tea/coffee making facilities. Some rooms offer a seating area and sofa bed. The bathrooms are fitted with a shower.\r\n\r\nThe property has 4 unique restaurants such as Acacia, which serves an all-day-dining International cusine for breakfast, lunch and dinner. Al Mandara features an a la carte menu and oriental specialties during lunch or dinner.\r\n\r\nQuba Mosque and Uhud Mountain are only 15-minutes away from the property. Free indoor parking is available on site. ', 'يقع بولمان زمزم المدينة في المدينة المقدسة في المدينة المنورة وعلى بعد 150 متر فقط من باب السلام من المسجد النبوي', 'Located in the holy city of Madinah Al Munawara and only 150 m from Bab Al Salam of Al Masjid Al Nabaw', '', '', 0, 2, 8, '0', '0', 0, 1, '2017-04-01 15:45:08'),
(76, 1, 4, 72, 75, 'رامادا المدينة الحمراء', 'Ramada Madinah Al Hamra', 's_91585_رامادا_الحمرا.jpg', 'وفر هذا الفندق غرفًا مُزودة بتلفزيون بشاشة مسطحة، ومواقف مجانية عامة للسيارات ويضم مكتب استقبال يعمل على مدار الساعة. ويقع على بعد 300 متر من المسجد النبوي الشريف.\r\n\r\nتحتوي الغرف المكيفة في فندق رامادا المدينة الحمراء على كراسي بذراعين وتلفزيون مع قنوات متعددة اللغات في منطقة الجلوس. وتضم جميع الغرف حمامات خاصة.\r\n\r\nيُمكن للضيوف تحويل العملات أو طلب خدمات غسيل الملابس في مكتب الاستقبال الذي يعمل على مدار الساعة بفندق رامادا. ويوفر الفندق أيضًا الصحف المحلية والقومية في اللوبي.\r\n\r\nيقع فندق رامادا المدينة الحمراء على بعد 10 دقائق بالسيارة من مطار الأمير محمد بن عبد العزيز. ', 'This hotel offers rooms with a flat-screen TV, a 24-hour front desk and free public parking. It is located 300 m away from Holy Mosque of Prophet Mohammed.\r\n\r\nRamada Madinah Al Hamra’s rooms are air-conditioned and have comfortable armchairs and TV with multilingual channels in the seating area. All rooms have a private bathroom.\r\n\r\nAt Ramada’s 24-hour front desk, guests can exchange currency or request laundry services. The hotel also has local and national newspapers in the lobby.\r\n\r\nRamada Madinah Al Hamra is a 10-minute drive from Prince Mohammad Bin Abdulaziz Airport. ', 'يوفر هذا الفندق غرفًا مُزودة بتلفزيون بشاشة مسطحة،', 'This hotel offers rooms with a flat-screen TV', '', '', 0, 2, 8, '0', '0', 0, 1, '2017-04-01 15:56:21'),
(77, 1, 4, 72, 74, 'رمادا دار الفائزين', 'Ramada Dar Al Fayzeen ', 's_669708_29141042.jpg', 'يقع فندق رمادا دار الفائزين في مدينة مكة المكرمة على بعد 5 دقائق سيرا على الأقدام من الحرم.\r\n ويوفر خدمة الواي فاي المجانية في المناطق العامة ويضم مطعمًا يُقدم بوفيه الإفطار.\r\n\r\nتم تزيين جميع الغرف في رامادا دار الفائزين بألوان دافئة. وتشتمل جميعها على منطقة صغيرة للجلوس مزودة بتلفزيون بشاشة مسطحة وميني بار، تشمل المرافق خزانة ملابس، وغلاية كهربائية وهاتف.\r\n\r\nيمكن للضيوف التسوق في أوركيد الصفوة الذي يبعد مسافة 10 دقائق بالسيارة. فيما يقع مطار الملك عبد العزيز الدولي على بعد 60 دقيقة بالسيارة، وتتوفر مواقف عامة للسيارات مجانًا في المنطقة المجاورة. \r\n\r\nالمسفلة هو خيار رائع للمسافرين المهتمين بـالمعالم القديمة وزيارة معالم المدينة والتاريخ.', 'Located in Mecca, Ramada Dar Al Faazin is a 5-minute walk from the Haram. It offers free Wi-Fi in public areas and a restaurant serving buffet breakfast.\r\n\r\nAll rooms at Ramada Dar Al Fayzeen are decorated with warm colors. They all include a small seating area with a flat-screen TV and a minibar. Facilities include a walk-in wardrobe, an electric kettle and a telephone.\r\n\r\nGuests can shop at Orchid Al Safwa, a 10-minute drive away. King Abdulaziz International Airport is a 60-minute drive away, and free public parking is available in the vicinity.\r\n\r\nEl masfala is a great choice for travellers interested in ancient landmarks and visiting the city and history.', 'يوفر هذا الفندق غرفًا مُزودة بتلفزيون بشاشة مسطحة،', 'This hotel offers rooms with a flat-screen TV', '', '', 0, 1, 8, '0', '0', 0, 1, '2017-04-02 09:50:07'),
(78, 1, 4, 72, 74, 'روضة البيت أجياد', 'Rawdat Albait ajyad', 's_476913_82730786.jpg', 'يقع فندق روضة البيت اجياد في مكة المكرمة على بُعد 1.2 كم من أبراج البيت، ويوفر خدمة الواي فاي مجانًا في جميع المناطق.\r\n\r\nتحتوي الغرف على تلفزيون بشاشة مسطحة، وتشمل بعض الغرف منطقة جلوس حيث يمكن للضيوف الاسترخاء فيها، وستجدون غلاية في الغرفة، وتحتوي الغرف على حمام خاص مُزود بحوض استحمام أو دش، وتشتمل المزايا الإضافية على أردية حمام ونعال ولوازم استحمام مجانية.\r\n\r\nيوفر مكان الإقامة خدمة نقل مجانية ذهابًا وإيابًا.\r\n\r\nيقع فندق روضة البيت اجياد على بُعد 1.3 كم من يرج الصفوة، كما يقع على بُعد 1.6 كم من المسجد الحرام، ويبعُد مسافة 74 كم عن أقرب مطار، وهو مطار الطائف الإقليمي. \r\n\r\nصُنف مكان الإقامة هذا على أنه الأفضل قيمة في مكة المكرمة! فالضيوف هنا يحصلون على مزايا أكثر مقابل ما يدفعوه بالمقارنة مع أماكن إقامة أخرى في المدينة.', 'ocated in Makkah, 1.2 km from Abraj Al Bait Towers, Rawdat Albait ajyad Hotel offers free Wi-Fi in all areas.\r\n\r\nThe rooms have a flat-screen TV. Some rooms include a seating area where guests can relax. You will find an in-room kettle and the rooms have a private bathroom with bath or shower. Additional benefits include bathrobes, slippers and complimentary toiletries.\r\n\r\nThe accommodation provides a free round-trip shuttle service.\r\n\r\nLocated 1.3 km from Jalal Al Safwa, Rawdat Albait ajyad is 1 km from the Grand Mosque and is 74 km from the nearest airport, Taif Regional Airport.\r\n\r\nRate this place of residence as the best value in Mecca! Guests here receive more benefits than they pay for other accommodation in the city', '.أحد أفضل خياراتنا في مكة المكرمة', 'One of our best choices in Mecca.', '', '', 0, 1, 8, '0', '0', 0, 1, '2017-04-02 10:05:00'),
(79, 1, 4, 72, 75, 'روضة العقيق', 'Rowdat el akek', 's_934911_82009981.jpg', 'يوفر روضة العقيق مكان إقامة في المدينة المنورة، ويمكن للضيوف الاستمتاع بالمطعم المتوفر في الموقع.\r\n\r\nتتميز جميع الغرف في هذا الفندق بأنها مكيفة بالهواء وتوفر تلفزيون بشاشة مسطحة، وتتوفر غلاية في الغرفة.\r\n\r\nيتوفر في مكان الإقامة مكتب استقبال يعمل على مدار الساعة، وتتوفر خدمة غسيل الملابس مقابل تكلفة إضافية.\r\n\r\nيقع المسجد النبوي على بعد 600 متر من روضة العقيق، بينما يقع البازار القديم على بعد 800 متر من مكان الإقامة، ويقع مطار الأمير محمد بن عبد العزيز الدولي على بعد 14 كم من مكان الإقامة. \r\n\r\nهذه المنطقة المفضلة من المدينة المنورة لدى ضيوفنا بناءً على التقييمات المستقلة.\r\n\r\nصُنف مكان الإقامة هذا على أنه الأفضل قيمة في المدينة المنورة! فالضيوف هنا يحصلون على مزايا أكثر مقابل ما يدفعوه بالمقارنة مع أماكن إقامة أخرى في المدينة.', 'Rowdat el akek offers accommodation in Madina, and guests can enjoy the on-site restaurant.\r\n\r\nAll rooms at this air-conditioned hotel feature a flat-screen TV and a kettle is available in the room.\r\n\r\nThere is a 24-hour front desk and laundry service is available at an additional cost.\r\n\r\nThe Prophet''s Mosque is located 600 meters from the Agadir kindergarten, while the old bazaar is 800 meters from the residence. Prince Mohammed bin Abdulaziz International Airport is 14 km from the residence.\r\n\r\nThis is the preferred area of ​​Madina to our guests based on independent assessments.\r\n\r\nI rated this place of residence as the best value in Madina Guests here receive more benefits than they pay for other accommodation in the city', 'أحد أكثر أماكن الإقامة مبيعاً لدينا في المدينة المنورة', 'One of our best-selling accommodation in Madina', '', '', 0, 2, 8, '0', '0', 0, 1, '2017-04-02 11:36:11'),
(81, 1, 5, 72, 74, 'الشهداء', 'Shohada Hotel', 's_752931_61491609.jpg', 'يوفر فندق الشهداء غرف فاخرة مع تلفزيونات إل سي دي وتكييف، ويقع على بعد مسافة مشي قريبة من المسجد الحرام. كما تشمل المرافق مركز لرجال الأعمال.\r\n\r\nتم تجهيز جميع الغرف في فندق الشهداء بتلفزيون مع القنوات الفضائية ومكتب مع إضاءة جيدة. كما تحتوي كل غرفة أيضاً على حمام رخامي خاص.\r\n\r\nيمكن للضيوف من الذكور الاستمتاع بتدليك القدمين بواسطة مدلكين عالميين.\r\n\r\nيقدم مطعم فندق الشهداء، Caravan Stop، مجموعة متنوعة من أطباق المطبخ المحلي والعالمي سواء لطعام الإفطار أو الغداء أو العشاء. كما يوفر المخبز تشكيلة واسعة من الخبز والمعجنات الطازجة.\r\n\r\nيقع الفندق على مسافة مشي قريبة من المسجد الحرام ويوفر أيضاً خدمة نقل ذهاباً وإياباً على مدار 24 ساعة بين الفندق والحرم. ', 'The Shuhada Hotel offers luxurious rooms with LCD TVs and air conditioning, within walking distance of the Grand Mosque. Facilities include a business center.\r\n\r\nAll rooms at Al Shuhada Hotel are equipped with satellite TV and a desk with good lighting. Each room also has a private marble bathroom.\r\n\r\nMale guests can enjoy foot massages with two massagers.\r\n\r\nThe restaurant at the Caravan Stop offers a variety of local and international cuisine both for breakfast, lunch and dinner. The bakery also offers a wide selection of bread and fresh pastries.\r\n\r\nThe hotel is within walking distance of the Grand Mosque and also offers a round-the-clock 24-hour shuttle service between the hotel and the Haram.', 'فندق يشمل مركز لرجال الأعمال', 'This hotel includes a business center', '', '', 0, 1, 11, '0', '0', 0, 1, '2017-04-02 17:08:41'),
(82, 1, 5, 72, 74, 'جراند مكة', 'Grand Makkah Hotel', 's_72604_67934434.jpg', 'يوفر فندق جراند مكة إطلالة مباشرة على مقبرة المعلاة وإطلالة واضحة على جبل النور (غار حراء)، ويبعد مسافة 10 دقائق سيراً على الأقدام من المسجد الحرام وهو الفندق الأقرب بَعد أداء العُمرة.\r\n\r\nتوفر جميع الغرف في هذا الفندق نظام تكييف وجهاز تلفزيون إل إي دي ذي شاشة مسطحة مع قنوات فضائية، وتشتمل بعض الوحدات على منطقة للجلوس حيث يمكن للضيوف الاسترخاء. كما تتوفر غلاية في الغرفة، وتحتوي كل غرفة على حمام خاص يشمل لوازم استحمام مجانية ومجفف للشعر لراحة الضيوف.\r\n\r\nيتوفر مكتب استقبال يعمل على مدار 24 ساعة يومياً ومكتب مناسك لمساعدتكم بخصوص الاستفسارات الدينية، بالإضافة إلى توفر مركز مخصص لخدمة الضيوف وتلبية جميع الاحتياجات أثناء فترة الإقامة. كما يمكن للضيوف الاستمتاع بمشاهدة الرياضة المفضلة لديهم في مقهى زمزم.\r\n\r\nيضم الفندق أيضاً مركز أعمال مجهز بالكامل ومركز رياضي، وتتوفر متاجر في الطابق الأرضي. كما يبعد الفندق مسافة 74 كم من مطار الطائف و90 كم من مطار الملك عبد العزيز بجدة. \r\n\r\n', 'Grand Makkah Hotel offers direct views of Al Maawla Tomb and clear views of Mount Al Noor (Gare Hira), a 10-minute walk from the Grand Mosque, the closest hotel after Umrah.\r\n\r\nAll rooms at this hotel offer air conditioning and a flat-screen LCD TV with satellite channels. Some units include a seating area where guests can relax. A kettle is available in the room, and each room has a private bathroom with free toiletries and a hairdryer for guests'' convenience.\r\n\r\nA 24-hour front desk and a concierge desk are available to assist you with religious inquiries, as well as a dedicated guest center and meeting all needs during your stay. Guests can enjoy watching their favorite sport at Zamzam Café.\r\n\r\nThe hotel also has a fully equipped business center and gym, and shops are available on the ground floor. The hotel is 74 km from Taif Airport and 90 km from King Abdul Aziz Airport in Jeddah.', 'تشعر وكأنك نجم واستمتع بالمعاملة والخدمات الراقية', 'Feel like a star and enjoy the ultimate treatment and services', '', '', 0, 1, 8, '0', '0', 0, 1, '2017-04-02 17:20:51'),
(83, 1, 4, 72, 74, 'الندوة', 'Al Nadwa Hotel', 's_117595_20160111-001025-575.jpg', 'يقع فندق الندوة في مكة المكرمة، ويوفر مكان إقامة مفروش ببساطة. ويبعُد المسجد الحرام مسافة 5 دقائق بالسيارة.\r\nتحتوي جميع الغرف في مكان الإقامة على تلفزيون بشاشة مسطحة وتكييف. يتوفر هناك أيضا ثلاجة وخزانة ملابس. كما يشتمل الحمام الخاص على دُش. تشمل المزايا الإضافية صندوق ودائع آمن.\r\nيتوفر في فندق الندوة مكتب استقبال يعمل على مدار 24 ساعة. وتشمل المرافق الأخرى المتوفرة في مكان الإقامة خدمة تخزين الأمتعة ومحلات تجارية (في الموقع).الإنترنت متوفر يبعد 100 متر عن الحرم\r\nيقع الفندق على بعد كيلومتر من برج ساعة مكة الملكية. كما يبعُد 75 كم عن مطار الملك عبد العزيز الدولي.يقع خلف فندق هيلتوم مكة على بعد 100 متر من الحرم المكي الشريف و مناسب لكبار السن وبه ممرات خاصة بذوي الاحتياجات الخاصة\r\nيتكون من 12 طابقا', 'The seminar hotel is located in Mecca and offers a simply furnished accommodation. The Grand Mosque is a 5-minute drive away.\r\nAll rooms have a flat-screen TV and air conditioning. There is also a refrigerator and a wardrobe. The private bathroom has a shower. Additional features include a safety deposit box.\r\nThe seminar hotel has a 24-hour front desk. Other on-site facilities include luggage storage and on-site shops. Internet is available 100 meters from the Haram\r\nThe hotel is located a kilometer from Mecca''s Royal Clock Tower. It is 75 km from King Abdul Aziz International Airport. Located behind the Hiltum Hotel Makkah, 100 meters from the Holy Haram, suitable for the elderly and with special needs corridors\r\nWith 12 rooms to choose from,', 'يوفر مكان إقامة مفروش ببساطة', 'It offers simply furnished accommodation', '', '', 0, 1, 8, '0', '0', 0, 1, '2017-04-02 17:39:15');

-- --------------------------------------------------------

--
-- Table structure for table `maka_madina_hotels_advantages`
--

CREATE TABLE `maka_madina_hotels_advantages` (
  `id` int(11) NOT NULL,
  `maka_madina_hotels_id` int(11) NOT NULL,
  `hotel_advantages_id` int(11) NOT NULL
) ENGINE=InnoDB DEFAULT CHARSET=utf8;

--
-- Dumping data for table `maka_madina_hotels_advantages`
--

INSERT INTO `maka_madina_hotels_advantages` (`id`, `maka_madina_hotels_id`, `hotel_advantages_id`) VALUES
(7, 52, 4),
(8, 52, 10),
(9, 51, 4),
(10, 51, 5),
(11, 51, 10),
(12, 51, 11),
(72, 62, 4),
(73, 62, 5),
(74, 62, 6),
(75, 62, 12),
(79, 63, 4),
(80, 63, 5),
(81, 63, 6),
(82, 63, 12),
(83, 64, 4),
(84, 64, 5),
(85, 64, 6),
(86, 64, 12),
(87, 65, 4),
(88, 65, 5),
(89, 65, 6),
(90, 65, 12),
(91, 66, 4),
(92, 66, 5),
(93, 66, 6),
(94, 66, 12),
(95, 67, 4),
(96, 67, 5),
(97, 67, 6),
(98, 67, 12),
(99, 68, 4),
(100, 68, 5),
(101, 68, 6),
(102, 68, 12),
(109, 71, 4),
(110, 71, 5),
(111, 71, 6),
(112, 71, 12),
(113, 72, 4),
(114, 72, 5),
(115, 72, 6),
(116, 72, 12),
(121, 74, 4),
(122, 74, 5),
(123, 74, 6),
(124, 74, 12),
(125, 75, 4),
(126, 75, 5),
(127, 75, 6),
(128, 75, 12),
(132, 76, 4),
(133, 76, 5),
(134, 76, 6),
(135, 76, 22),
(136, 77, 4),
(137, 77, 5),
(138, 77, 6),
(139, 77, 12),
(140, 77, 22),
(141, 78, 4),
(142, 78, 5),
(143, 78, 12),
(144, 78, 27),
(145, 79, 2),
(146, 79, 5),
(167, 82, 4),
(168, 82, 5),
(169, 82, 6),
(170, 82, 10),
(171, 82, 12),
(172, 82, 22),
(173, 83, 4),
(174, 83, 5),
(175, 83, 22),
(179, 60, 2),
(180, 60, 4),
(181, 60, 5),
(182, 60, 6),
(183, 60, 7),
(184, 60, 10),
(185, 60, 12),
(186, 60, 15),
(187, 60, 16),
(188, 60, 17),
(189, 60, 19),
(190, 60, 22),
(191, 60, 23),
(192, 60, 24),
(193, 60, 25),
(194, 60, 27),
(195, 60, 28),
(196, 53, 2),
(197, 53, 4),
(198, 53, 5),
(199, 53, 6),
(200, 53, 7),
(201, 53, 12),
(202, 53, 15),
(203, 53, 16),
(204, 53, 17),
(205, 53, 19),
(206, 53, 22),
(207, 53, 23),
(208, 53, 24),
(209, 53, 25),
(210, 53, 27),
(211, 53, 28),
(212, 54, 2),
(213, 54, 4),
(214, 54, 6),
(215, 54, 7),
(216, 54, 12),
(217, 54, 15),
(218, 54, 16),
(219, 54, 17),
(220, 54, 19),
(221, 54, 22),
(222, 54, 23),
(223, 54, 24),
(224, 54, 25),
(225, 54, 27),
(226, 54, 28),
(257, 58, 2),
(258, 58, 4),
(259, 58, 5),
(260, 58, 6),
(261, 58, 7),
(262, 58, 12),
(263, 58, 15),
(264, 58, 16),
(265, 58, 17),
(266, 58, 19),
(267, 58, 22),
(268, 58, 23),
(269, 58, 24),
(270, 58, 25),
(271, 58, 27),
(272, 58, 28),
(305, 61, 2),
(306, 61, 4),
(307, 61, 5),
(308, 61, 6),
(309, 61, 7),
(310, 61, 12),
(311, 61, 15),
(312, 61, 16),
(313, 61, 17),
(314, 61, 19),
(315, 61, 22),
(316, 61, 23),
(317, 61, 24),
(318, 61, 25),
(319, 61, 27),
(320, 61, 28),
(321, 57, 2),
(322, 57, 4),
(323, 57, 5),
(324, 57, 6),
(325, 57, 7),
(326, 57, 12),
(327, 57, 15),
(328, 57, 16),
(329, 57, 17),
(330, 57, 19),
(331, 57, 22),
(332, 57, 23),
(333, 57, 24),
(334, 57, 25),
(335, 57, 27),
(336, 57, 28),
(337, 73, 4),
(338, 73, 5),
(339, 73, 6),
(340, 73, 12),
(341, 81, 2),
(342, 81, 4),
(343, 81, 12),
(344, 81, 19),
(345, 81, 27),
(346, 56, 2),
(347, 56, 4),
(348, 56, 5),
(349, 56, 6),
(350, 56, 7),
(351, 56, 12),
(352, 56, 16),
(353, 56, 17),
(354, 56, 19),
(355, 56, 22),
(356, 56, 23),
(357, 56, 24),
(358, 56, 25),
(359, 56, 27),
(360, 56, 28),
(472, 59, 2),
(473, 59, 4),
(474, 59, 5),
(475, 59, 6),
(476, 59, 7),
(477, 59, 12),
(478, 59, 15),
(479, 59, 16),
(480, 59, 17),
(481, 59, 19),
(482, 59, 22),
(483, 59, 23),
(484, 59, 24),
(485, 59, 25),
(486, 59, 27),
(487, 59, 28),
(497, 70, 4),
(498, 70, 5),
(499, 70, 6),
(545, 55, 2),
(546, 55, 4),
(547, 55, 5),
(548, 55, 6),
(549, 55, 7),
(550, 55, 12),
(551, 55, 16),
(552, 55, 17),
(553, 55, 19),
(554, 55, 22),
(555, 55, 23),
(556, 55, 24),
(557, 55, 25),
(558, 55, 27),
(559, 55, 28);

-- --------------------------------------------------------

--
-- Table structure for table `maka_madina_hotels_childs_politics`
--

CREATE TABLE `maka_madina_hotels_childs_politics` (
  `id` int(11) NOT NULL,
  `hotel_room_types_id` int(11) NOT NULL,
  `maka_madina_hotels_id` int(11) NOT NULL,
  `no_of_max_childs` int(11) NOT NULL,
  `no_of_max_infants` int(11) NOT NULL
) ENGINE=InnoDB DEFAULT CHARSET=utf8;

--
-- Dumping data for table `maka_madina_hotels_childs_politics`
--

INSERT INTO `maka_madina_hotels_childs_politics` (`id`, `hotel_room_types_id`, `maka_madina_hotels_id`, `no_of_max_childs`, `no_of_max_infants`) VALUES
(1, 16, 55, 1, 1),
(2, 21, 55, 1, 1),
(3, 17, 55, 1, 1),
(4, 16, 56, 2, 2),
(5, 17, 56, 2, 2),
(6, 21, 56, 2, 2),
(7, 16, 57, 2, 2),
(8, 17, 57, 2, 2),
(9, 21, 57, 2, 2),
(10, 16, 58, 1, 1),
(11, 17, 58, 1, 1),
(12, 21, 58, 1, 1),
(13, 16, 59, 2, 2),
(14, 17, 59, 2, 2),
(15, 21, 59, 2, 2),
(16, 16, 60, 2, 2),
(17, 17, 60, 2, 2),
(18, 21, 60, 2, 2),
(19, 16, 61, 2, 2),
(20, 17, 61, 2, 2),
(22, 16, 62, 2, 2),
(23, 17, 62, 2, 2),
(24, 21, 62, 2, 2),
(25, 16, 63, 2, 2),
(26, 17, 63, 2, 2),
(27, 21, 63, 2, 2),
(28, 16, 64, 2, 2),
(29, 17, 64, 2, 2),
(30, 21, 64, 2, 2),
(31, 16, 65, 2, 2),
(32, 17, 65, 2, 2),
(33, 21, 65, 2, 2),
(34, 16, 66, 2, 2),
(35, 17, 66, 2, 2),
(36, 21, 66, 2, 2),
(37, 16, 67, 2, 2),
(38, 17, 67, 2, 2),
(39, 21, 67, 2, 2),
(40, 16, 68, 2, 2),
(41, 17, 68, 2, 2),
(42, 21, 68, 2, 2),
(43, 16, 69, 2, 2),
(44, 17, 69, 2, 2),
(45, 21, 69, 2, 2),
(46, 16, 70, 2, 2),
(47, 17, 70, 2, 2),
(48, 21, 70, 2, 2),
(49, 16, 71, 2, 2),
(50, 17, 71, 2, 2),
(51, 21, 71, 2, 2),
(52, 16, 72, 2, 2),
(53, 17, 72, 2, 2),
(54, 21, 72, 2, 2),
(55, 16, 73, 2, 2),
(56, 17, 73, 2, 2),
(57, 21, 73, 2, 2),
(58, 16, 74, 2, 2),
(59, 17, 74, 2, 2),
(60, 21, 74, 2, 2),
(61, 16, 75, 2, 2),
(62, 17, 75, 2, 2),
(63, 21, 75, 2, 2),
(64, 16, 76, 2, 2),
(65, 17, 76, 2, 2),
(66, 21, 76, 2, 2),
(67, 16, 78, 2, 1),
(68, 16, 83, 2, 2),
(69, 17, 83, 2, 2),
(70, 20, 83, 2, 2),
(71, 21, 83, 2, 2),
(72, 22, 83, 2, 2),
(73, 20, 82, 2, 2),
(74, 17, 82, 2, 2),
(75, 16, 82, 2, 2),
(76, 21, 82, 2, 2),
(77, 22, 82, 2, 2),
(78, 16, 81, 2, 2),
(79, 17, 81, 2, 2),
(80, 20, 81, 2, 2),
(81, 21, 81, 2, 2),
(82, 16, 79, 2, 2),
(83, 17, 79, 2, 2),
(84, 21, 79, 2, 2),
(85, 20, 79, 2, 2),
(86, 20, 78, 2, 2),
(87, 17, 78, 2, 2),
(88, 21, 78, 2, 2),
(89, 20, 77, 2, 2),
(90, 21, 77, 2, 2),
(91, 16, 77, 2, 2),
(92, 17, 77, 2, 2),
(93, 20, 76, 2, 2),
(94, 20, 75, 2, 2),
(95, 20, 71, 2, 2),
(96, 20, 70, 2, 2),
(97, 20, 68, 2, 2),
(98, 20, 67, 2, 2),
(99, 20, 65, 2, 2),
(100, 20, 64, 2, 2),
(101, 20, 63, 2, 2),
(102, 20, 62, 2, 2),
(103, 20, 61, 2, 2),
(104, 21, 61, 2, 2),
(105, 20, 60, 2, 2),
(106, 20, 59, 2, 2),
(107, 20, 57, 2, 2),
(108, 20, 56, 2, 2);

-- --------------------------------------------------------

--
-- Table structure for table `maka_madina_hotels_rates`
--

CREATE TABLE `maka_madina_hotels_rates` (
  `id` int(11) NOT NULL,
  `maka_madina_hotels_id` int(11) NOT NULL,
  `from_date` date NOT NULL,
  `to_date` date NOT NULL,
  `created_at` timestamp NOT NULL DEFAULT CURRENT_TIMESTAMP
) ENGINE=InnoDB DEFAULT CHARSET=utf8;

--
-- Dumping data for table `maka_madina_hotels_rates`
--

INSERT INTO `maka_madina_hotels_rates` (`id`, `maka_madina_hotels_id`, `from_date`, `to_date`, `created_at`) VALUES
(1, 0, '2017-03-31', '2017-04-28', '2017-03-27 20:45:00'),
(4, 52, '2017-07-05', '2017-10-05', '2017-03-28 10:12:28'),
(5, 27, '2017-03-28', '2017-04-08', '2017-03-28 15:35:10'),
(6, 27, '2017-05-01', '2017-05-31', '2017-03-29 10:18:14'),
(7, 53, '2017-04-09', '2017-04-17', '2017-03-29 11:10:02'),
(8, 54, '2017-04-09', '2017-04-17', '2017-03-29 11:54:05'),
(9, 55, '2017-04-01', '2017-04-30', '2017-03-29 12:20:24'),
(10, 56, '2017-04-01', '2017-05-07', '2017-03-29 12:54:37'),
(11, 57, '2017-04-09', '2017-05-27', '2017-03-29 13:20:47'),
(12, 58, '2017-04-02', '2017-05-07', '2017-03-29 13:33:35'),
(13, 59, '2017-04-09', '2017-05-27', '2017-03-29 13:57:13'),
(15, 61, '2017-04-09', '2017-05-27', '2017-03-29 14:31:29'),
(17, 63, '2017-04-09', '2017-05-27', '2017-04-01 13:05:33'),
(18, 64, '2017-04-09', '2017-05-27', '2017-04-01 13:22:21'),
(19, 65, '2017-04-09', '2017-05-14', '2017-04-01 13:35:22'),
(20, 66, '2017-04-09', '2017-05-27', '2017-04-01 13:45:51'),
(21, 67, '2017-04-09', '2017-05-27', '2017-04-01 14:04:33'),
(22, 68, '2017-04-09', '2017-05-27', '2017-04-01 14:20:29'),
(23, 69, '2017-04-08', '2017-05-20', '2017-04-01 14:30:43'),
(24, 70, '2017-04-09', '2017-05-27', '2017-04-01 14:43:20'),
(25, 71, '2017-04-09', '2017-05-27', '2017-04-01 14:56:41'),
(26, 72, '2017-04-10', '2017-05-22', '2017-04-01 15:07:58'),
(27, 73, '2017-04-10', '2017-05-16', '2017-04-01 15:19:29'),
(28, 74, '2017-04-10', '2017-05-16', '2017-04-01 15:34:36'),
(29, 75, '2017-04-09', '2017-05-27', '2017-04-01 15:46:44'),
(30, 76, '2017-04-09', '2017-05-27', '2017-04-01 15:57:50'),
(31, 83, '2017-04-09', '2017-05-27', '2017-04-02 20:47:02'),
(32, 82, '2017-04-09', '2017-05-27', '2017-04-09 16:40:33'),
(33, 81, '2017-04-09', '2017-05-27', '2017-04-09 16:44:56'),
(34, 79, '2017-04-09', '2017-05-27', '2017-04-09 16:51:47'),
(35, 78, '2017-04-09', '2017-05-27', '2017-04-09 16:56:45'),
(36, 77, '2017-04-09', '2017-05-27', '2017-04-09 17:00:58'),
(37, 62, '2017-04-09', '2017-05-27', '2017-04-09 17:48:41'),
(38, 60, '2017-04-09', '2017-05-27', '2017-04-09 18:06:06');

-- --------------------------------------------------------

--
-- Table structure for table `Maka_madina_hotels_rooms_childs_infants_max`
--

CREATE TABLE `Maka_madina_hotels_rooms_childs_infants_max` (
  `id` int(11) NOT NULL
) ENGINE=InnoDB DEFAULT CHARSET=utf8;

-- --------------------------------------------------------

--
-- Table structure for table `maka_madina_hotels_rooms_prices`
--

CREATE TABLE `maka_madina_hotels_rooms_prices` (
  `id` int(11) NOT NULL,
  `maka_madina_hotels_rates_id` int(11) NOT NULL,
  `hotel_room_types_id` int(11) NOT NULL,
  `hotel_room_meals_id` int(11) NOT NULL,
  `available_of_room` int(11) NOT NULL COMMENT 'available of room in rate',
  `childs_price` text NOT NULL,
  `days_of_week` text NOT NULL,
  `currency_id` int(11) NOT NULL
) ENGINE=InnoDB DEFAULT CHARSET=utf8;

--
-- Dumping data for table `maka_madina_hotels_rooms_prices`
--

INSERT INTO `maka_madina_hotels_rooms_prices` (`id`, `maka_madina_hotels_rates_id`, `hotel_room_types_id`, `hotel_room_meals_id`, `available_of_room`, `childs_price`, `days_of_week`, `currency_id`) VALUES
(1, 9, 21, 2, 8, '{"child-1":{"2-6":"0","6-12":"0"}}', '{"Saturday":"3631","Sunday":"3631","Monday":"3631","Tuesday":"3631","Wednesday":"3631","Thursday":"3631","Friday":"3631"}', 2),
(2, 9, 16, 2, 8, '{"child-1":{"2-6":"0","6-12":"0"}}', '{"Saturday":"4357","Sunday":"4357","Monday":"4357","Tuesday":"4357","Wednesday":"4357","Thursday":"4357","Friday":"4357"}', 2),
(3, 9, 17, 2, 8, '{"child-1":{"2-6":"0","6-12":"0"}}', '{"Saturday":"3115","Sunday":"3115","Monday":"3115","Tuesday":"3115","Wednesday":"3115","Thursday":"3115","Friday":"3115"}', 2),
(4, 10, 21, 2, 5, '{"child-1":{"2-6":"0","6-12":"0"}}', '{"Saturday":"5316","Sunday":"5316","Monday":"5316","Tuesday":"5316","Wednesday":"5316","Thursday":"5316","Friday":"5316"}', 2),
(5, 10, 16, 2, 5, '{"child-1":{"2-6":"0","6-12":"0"}}', '{"Saturday":"6100","Sunday":"6100","Monday":"6100","Tuesday":"6100","Wednesday":"6100","Thursday":"6100","Friday":"6100"}', 2),
(6, 10, 17, 2, 5, '{"child-1":{"2-6":"0","6-12":"0"}}', '{"Saturday":"4510","Sunday":"4510","Monday":"4510","Tuesday":"4510","Wednesday":"4510","Thursday":"4510","Friday":"4510"}', 2),
(7, 11, 21, 2, 10, '{"child-1":{"2-6":{"cost":"0","profit":"0"},"6-12":{"cost":"90","profit":"10"}},"child-2":{"2-6":{"cost":"0","profit":"0"},"6-12":{"cost":"90","profit":"10"}}}', '{"saturday":{"cost":"350","profit":"10"},"sunday":{"cost":"350","profit":"10"},"monday":{"cost":"350","profit":"10"},"tuesday":{"cost":"350","profit":"10"},"wednesday":{"cost":"350","profit":"10"},"thursday":{"cost":"350","profit":"10"},"friday":{"cost":"350","profit":"10"}}', 11),
(8, 11, 16, 2, 10, '{"child-1":{"2-6":{"cost":"0","profit":"0"},"6-12":{"cost":"90","profit":"10"}},"child-2":{"2-6":{"cost":"0","profit":"0"},"6-12":{"cost":"90","profit":"10"}}}', '{"saturday":{"cost":"425","profit":"10"},"sunday":{"cost":"425","profit":"10"},"monday":{"cost":"425","profit":"10"},"tuesday":{"cost":"425","profit":"10"},"wednesday":{"cost":"425","profit":"10"},"thursday":{"cost":"425","profit":"10"},"friday":{"cost":"425","profit":"10"}}', 11),
(9, 11, 17, 2, 10, '{"child-1":{"2-6":{"cost":"0","profit":"0"},"6-12":{"cost":"90","profit":"10"}},"child-2":{"2-6":{"cost":"0","profit":"0"},"6-12":{"cost":"90","profit":"10"}}}', '{"saturday":{"cost":"500","profit":"10"},"sunday":{"cost":"500","profit":"10"},"monday":{"cost":"500","profit":"10"},"tuesday":{"cost":"500","profit":"10"},"wednesday":{"cost":"500","profit":"10"},"thursday":{"cost":"500","profit":"10"},"friday":{"cost":"500","profit":"10"}}', 11),
(10, 12, 21, 2, 6, '{"child-1":{"2-6":{"cost":"0","profit":"0"},"6-12":{"cost":"500","profit":"100"}}}', '{"saturday":{"cost":"500","profit":"100"},"sunday":{"cost":"500","profit":"100"},"monday":{"cost":"500","profit":"100"},"tuesday":{"cost":"500","profit":"100"},"wednesday":{"cost":"500","profit":"100"},"thursday":{"cost":"500","profit":"100"},"friday":{"cost":"500","profit":"100"}}', 2),
(11, 12, 16, 2, 6, '{"child-1":{"2-6":{"cost":"0","profit":"0"},"6-12":{"cost":"500","profit":"100"}}}', '{"saturday":{"cost":"500","profit":"100"},"sunday":{"cost":"500","profit":"100"},"monday":{"cost":"500","profit":"100"},"tuesday":{"cost":"500","profit":"100"},"wednesday":{"cost":"500","profit":"100"},"thursday":{"cost":"500","profit":"100"},"friday":{"cost":"500","profit":"100"}}', 2),
(12, 12, 17, 2, 6, '{"child-1":{"2-6":"0","6-12":"0"}}', '{"Saturday":"3600","Sunday":"3600","Monday":"3600","Tuesday":"3600","Wednesday":"3600","Thursday":"3600","Friday":"3600"}', 2),
(13, 13, 21, 2, 10, '{"child-1":{"2-6":{"cost":"0","profit":"0"},"6-12":{"cost":"100","profit":"10"}},"child-2":{"2-6":{"cost":"0","profit":"0"},"6-12":{"cost":"100","profit":"10"}}}', '{"saturday":{"cost":"400","profit":"10"},"sunday":{"cost":"400","profit":"10"},"monday":{"cost":"400","profit":"10"},"tuesday":{"cost":"400","profit":"10"},"wednesday":{"cost":"400","profit":"10"},"thursday":{"cost":"400","profit":"10"},"friday":{"cost":"400","profit":"10"}}', 11),
(14, 13, 16, 2, 10, '{"child-1":{"2-6":{"cost":"0","profit":"0"},"6-12":{"cost":"100","profit":"10"}},"child-2":{"2-6":{"cost":"0","profit":"0"},"6-12":{"cost":"100","profit":"10"}}}', '{"saturday":{"cost":"475","profit":"10"},"sunday":{"cost":"475","profit":"10"},"monday":{"cost":"475","profit":"10"},"tuesday":{"cost":"475","profit":"10"},"wednesday":{"cost":"475","profit":"10"},"thursday":{"cost":"475","profit":"10"},"friday":{"cost":"475","profit":"10"}}', 2),
(15, 13, 17, 2, 10, '{"child-1":{"2-6":{"cost":"0","profit":"0"},"6-12":{"cost":"100","profit":"10"}},"child-2":{"2-6":{"cost":"0","profit":"0"},"6-12":{"cost":"100","profit":"10"}}}', '{"saturday":{"cost":"550","profit":"10"},"sunday":{"cost":"550","profit":"10"},"monday":{"cost":"550","profit":"10"},"tuesday":{"cost":"550","profit":"10"},"wednesday":{"cost":"550","profit":"10"},"thursday":{"cost":"550","profit":"10"},"friday":{"cost":"550","profit":"10"}}', 11),
(16, 14, 16, 2, 6, '{"child-1":{"2-6":"0","6-12":"0"}}', '{"Saturday":"4522","Sunday":"4522","Monday":"4522","Tuesday":"4522","Wednesday":"4522","Thursday":"4522","Friday":"4522"}', 2),
(17, 14, 17, 2, 6, '{"child-1":{"2-6":"0","6-12":"0"}}', '{"Saturday":"5100","Sunday":"5100","Monday":"5100","Tuesday":"5100","Wednesday":"5100","Thursday":"5100","Friday":"5100"}', 2),
(18, 14, 21, 2, 6, '{"child-1":{"2-6":"0","6-12":"0"}}', '{"Saturday":"3910","Sunday":"3910","Monday":"3910","Tuesday":"3910","Wednesday":"3910","Thursday":"3910","Friday":"3910"}', 2),
(19, 15, 16, 2, 10, '{"child-1":{"2-6":{"cost":"0","profit":"0"},"6-12":{"cost":"140","profit":"10"}},"child-2":{"2-6":{"cost":"0","profit":"0"},"6-12":{"cost":"140","profit":"10"}}}', '{"saturday":{"cost":"650","profit":"20"},"sunday":{"cost":"650","profit":"20"},"monday":{"cost":"650","profit":"20"},"tuesday":{"cost":"650","profit":"20"},"wednesday":{"cost":"650","profit":"20"},"thursday":{"cost":"650","profit":"20"},"friday":{"cost":"650","profit":"20"}}', 11),
(20, 15, 17, 2, 10, '{"child-1":{"2-6":{"cost":"0","profit":"0"},"6-12":{"cost":"140","profit":"10"}},"child-2":{"2-6":{"cost":"0","profit":"0"},"6-12":{"cost":"140","profit":"10"}}}', '{"saturday":{"cost":"750","profit":"20"},"sunday":{"cost":"750","profit":"20"},"monday":{"cost":"750","profit":"20"},"tuesday":{"cost":"750","profit":"20"},"wednesday":{"cost":"750","profit":"20"},"thursday":{"cost":"750","profit":"20"},"friday":{"cost":"750","profit":"20"}}', 11),
(21, 15, 21, 2, 10, '{"child-1":{"2-6":{"cost":"0","profit":"0"},"6-12":{"cost":"140","profit":"10"}},"child-2":{"2-6":{"cost":"0","profit":"0"},"6-12":{"cost":"140","profit":"10"}}}', '{"saturday":{"cost":"550","profit":"10"},"sunday":{"cost":"550","profit":"10"},"monday":{"cost":"550","profit":"10"},"tuesday":{"cost":"550","profit":"10"},"wednesday":{"cost":"550","profit":"1"},"thursday":{"cost":"550","profit":"10"},"friday":{"cost":"550","profit":"10"}}', 11),
(22, 16, 16, 2, 6, '{"child-1":{"2-6":"0","6-12":"0"}}', '{"Saturday":"4220","Sunday":"4220","Monday":"4220","Tuesday":"4220","Wednesday":"4220","Thursday":"4220","Friday":"4220"}', 2),
(23, 16, 17, 2, 5, '{"child-1":{"2-6":"0","6-12":"0"}}', '{"Saturday":"4820","Sunday":"4820","Monday":"4820","Tuesday":"","Wednesday":"4820","Thursday":"4820","Friday":"4820"}', 2),
(24, 16, 21, 2, 5, '{"child-1":{"2-6":"0","6-12":"0"}}', '{"Saturday":"4115","Sunday":"4115","Monday":"4115","Tuesday":"4115","Wednesday":"4115","Thursday":"4115","Friday":"4115"}', 2),
(25, 17, 16, 2, 10, '{"child-1":{"2-6":{"cost":"0","profit":"0"},"6-12":{"cost":"500","profit":"10"}},"child-2":{"2-6":{"cost":"0","profit":"0"},"6-12":{"cost":"500","profit":"10"}}}', '{"saturday":{"cost":"1000","profit":"20"},"sunday":{"cost":"1000","profit":"20"},"monday":{"cost":"1000","profit":"20"},"tuesday":{"cost":"1000","profit":"20"},"wednesday":{"cost":"1000","profit":"20"},"thursday":{"cost":"1000","profit":"20"},"friday":{"cost":"1000","profit":"20"}}', 11),
(27, 17, 21, 2, 10, '{"child-1":{"2-6":{"cost":"0","profit":"0"},"6-12":{"cost":"450","profit":"10"}},"child-2":{"2-6":{"cost":"0","profit":"0"},"6-12":{"cost":"450","profit":"10"}}}', '{"saturday":{"cost":"850","profit":"20"},"sunday":{"cost":"850","profit":"20"},"monday":{"cost":"850","profit":"20"},"tuesday":{"cost":"850","profit":"20"},"wednesday":{"cost":"850","profit":"20"},"thursday":{"cost":"850","profit":"20"},"friday":{"cost":"850","profit":"20"}}', 11),
(28, 18, 16, 1, 10, '{"child-1":{"2-6":{"cost":"0","profit":"0"},"6-12":{"cost":"180","profit":"10"}},"child-2":{"2-6":{"cost":"0","profit":"0"},"6-12":{"cost":"180","profit":"10"}}}', '{"saturday":{"cost":"350","profit":"10"},"sunday":{"cost":"350","profit":"10"},"monday":{"cost":"350","profit":"10"},"tuesday":{"cost":"350","profit":"10"},"wednesday":{"cost":"350","profit":"10"},"thursday":{"cost":"350","profit":"10"},"friday":{"cost":"350","profit":"10"}}', 2),
(29, 18, 17, 1, 10, '{"child-1":{"2-6":{"cost":"0","profit":"0"},"6-12":{"cost":"200","profit":"10"}},"child-2":{"2-6":{"cost":"0","profit":"0"},"6-12":{"cost":"200","profit":"10"}}}', '{"saturday":{"cost":"400","profit":"10"},"sunday":{"cost":"400","profit":"10"},"monday":{"cost":"400","profit":"10"},"tuesday":{"cost":"400","profit":"10"},"wednesday":{"cost":"400","profit":"10"},"thursday":{"cost":"400","profit":"10"},"friday":{"cost":"400","profit":"10"}}', 11),
(30, 18, 21, 1, 10, '{"child-1":{"2-6":{"cost":"0","profit":"0"},"6-12":{"cost":"170","profit":"10"}},"child-2":{"2-6":{"cost":"0","profit":"0"},"6-12":{"cost":"170","profit":"10"}}}', '{"saturday":{"cost":"325","profit":"10"},"sunday":{"cost":"325","profit":"10"},"monday":{"cost":"325","profit":"10"},"tuesday":{"cost":"325","profit":"10"},"wednesday":{"cost":"325","profit":"10"},"thursday":{"cost":"325","profit":"10"},"friday":{"cost":"325","profit":"10"}}', 11),
(31, 19, 16, 2, 10, '{"child-1":{"2-6":{"cost":"0","profit":"0"},"6-12":{"cost":"500","profit":"10"}},"child-2":{"2-6":{"cost":"0","profit":"0"},"6-12":{"cost":"500","profit":"10"}}}', '{"saturday":{"cost":"1000","profit":"20"},"sunday":{"cost":"1000","profit":"20"},"monday":{"cost":"1000","profit":"20"},"tuesday":{"cost":"1000","profit":"20"},"wednesday":{"cost":"1000","profit":"20"},"thursday":{"cost":"1000","profit":"20"},"friday":{"cost":"1000","profit":"20"}}', 11),
(33, 19, 21, 2, 10, '{"child-1":{"2-6":{"cost":"0","profit":"0"},"6-12":{"cost":"400","profit":"10"}},"child-2":{"2-6":{"cost":"0","profit":"0"},"6-12":{"cost":"400","profit":"10"}}}', '{"saturday":{"cost":"800","profit":"20"},"sunday":{"cost":"800","profit":"20"},"monday":{"cost":"800","profit":"20"},"tuesday":{"cost":"800","profit":"20"},"wednesday":{"cost":"800","profit":"20"},"thursday":{"cost":"800","profit":"20"},"friday":{"cost":"800","profit":"20"}}', 11),
(34, 20, 16, 2, 5, '{"child-1":{"2-6":"0","6-12":"0"},"child-2":{"2-6":"0","6-12":"3000"}}', '{"Saturday":"6000","Sunday":"6000","Monday":"6000","Tuesday":"6000","Wednesday":"6000","Thursday":"6000","Friday":"6000"}', 2),
(35, 20, 17, 2, 5, '{"child-1":{"2-6":"0","6-12":"0"},"child-2":{"2-6":"0","6-12":"3200"}}', '{"Saturday":"6400","Sunday":"6400","Monday":"6400","Tuesday":"6400","Wednesday":"6400","Thursday":"6400","Friday":"6400"}', 2),
(36, 20, 21, 2, 5, '{"child-1":{"2-6":"0","6-12":"0"},"child-2":{"2-6":"0","6-12":"2500"}}', '{"Saturday":"5000","Sunday":"5000","Monday":"5000","Tuesday":"5000","Wednesday":"5000","Thursday":"5000","Friday":"5000"}', 2),
(37, 21, 16, 2, 10, '{"child-1":{"2-6":{"cost":"0","profit":"0"},"6-12":{"cost":"250","profit":"10"}},"child-2":{"2-6":{"cost":"0","profit":"0"},"6-12":{"cost":"250","profit":"10"}}}', '{"saturday":{"cost":"700","profit":"20"},"sunday":{"cost":"700","profit":"20"},"monday":{"cost":"700","profit":"20"},"tuesday":{"cost":"700","profit":"20"},"wednesday":{"cost":"700","profit":"20"},"thursday":{"cost":"700","profit":"20"},"friday":{"cost":"700","profit":"20"}}', 11),
(38, 21, 17, 2, 10, '{"child-1":{"2-6":{"cost":"0","profit":"0"},"6-12":{"cost":"250","profit":"10"}},"child-2":{"2-6":{"cost":"0","profit":"0"},"6-12":{"cost":"250","profit":"10"}}}', '{"saturday":{"cost":"850","profit":"20"},"sunday":{"cost":"850","profit":"20"},"monday":{"cost":"850","profit":"20"},"tuesday":{"cost":"850","profit":"20"},"wednesday":{"cost":"850","profit":"20"},"thursday":{"cost":"850","profit":"20"},"friday":{"cost":"850","profit":"20"}}', 11),
(39, 21, 21, 2, 10, '{"child-1":{"2-6":{"cost":"0","profit":"0"},"6-12":{"cost":"250","profit":"10"}},"child-2":{"2-6":{"cost":"0","profit":"0"},"6-12":{"cost":"250","profit":"10"}}}', '{"saturday":{"cost":"550","profit":"20"},"sunday":{"cost":"550","profit":"20"},"monday":{"cost":"550","profit":"20"},"tuesday":{"cost":"550","profit":"20"},"wednesday":{"cost":"550","profit":"20"},"thursday":{"cost":"550","profit":"20"},"friday":{"cost":"550","profit":"20"}}', 11),
(40, 22, 16, 1, 10, '{"child-1":{"2-6":{"cost":"0","profit":"0"},"6-12":{"cost":"180","profit":"10"}},"child-2":{"2-6":{"cost":"0","profit":"0"},"6-12":{"cost":"180","profit":"10"}}}', '{"saturday":{"cost":"375","profit":"10"},"sunday":{"cost":"375","profit":"10"},"monday":{"cost":"375","profit":"10"},"tuesday":{"cost":"375","profit":"10"},"wednesday":{"cost":"375","profit":"10"},"thursday":{"cost":"375","profit":"10"},"friday":{"cost":"375","profit":"10"}}', 11),
(41, 22, 17, 1, 10, '{"child-1":{"2-6":{"cost":"0","profit":"0"},"6-12":{"cost":"180","profit":"10"}},"child-2":{"2-6":{"cost":"0","profit":"0"},"6-12":{"cost":"180","profit":"10"}}}', '{"saturday":{"cost":"400","profit":"10"},"sunday":{"cost":"400","profit":"10"},"monday":{"cost":"400","profit":"10"},"tuesday":{"cost":"400","profit":"10"},"wednesday":{"cost":"400","profit":"10"},"thursday":{"cost":"400","profit":"10"},"friday":{"cost":"400","profit":"10"}}', 11),
(42, 22, 21, 1, 10, '{"child-1":{"2-6":{"cost":"0","profit":"0"},"6-12":{"cost":"180","profit":"10"}},"child-2":{"2-6":{"cost":"0","profit":"0"},"6-12":{"cost":"180","profit":"10"}}}', '{"saturday":{"cost":"350","profit":"10"},"sunday":{"cost":"350","profit":"10"},"monday":{"cost":"350","profit":"10"},"tuesday":{"cost":"350","profit":"10"},"wednesday":{"cost":"350","profit":"10"},"thursday":{"cost":"350","profit":"10"},"friday":{"cost":"350","profit":"10"}}', 11),
(43, 23, 16, 2, 1, '{"child-1":{"2-6":"0","6-12":"0"},"child-2":{"2-6":"0","6-12":"2350"}}', '{"Saturday":"4700","Sunday":"4700","Monday":"4700","Tuesday":"4700","Wednesday":"4700","Thursday":"4700","Friday":"4700"}', 2),
(44, 23, 17, 2, 5, '{"child-1":{"2-6":"0","6-12":"0"},"child-2":{"2-6":"0","6-12":"2500"}}', '{"Saturday":"5000","Sunday":"5000","Monday":"5000","Tuesday":"5000","Wednesday":"5000","Thursday":"5000","Friday":"5000"}', 2),
(45, 23, 21, 2, 5, '{"child-1":{"2-6":"0","6-12":"0"},"child-2":{"2-6":"0","6-12":"1900"}}', '{"Saturday":"4000","Sunday":"4000","Monday":"4000","Tuesday":"4000","Wednesday":"4000","Thursday":"4000","Friday":"4000"}', 2),
(46, 24, 16, 1, 10, '{"child-1":{"2-6":{"cost":"0","profit":"0"},"6-12":{"cost":"120","profit":"10"}},"child-2":{"2-6":{"cost":"0","profit":"0"},"6-12":{"cost":"120","profit":"10"}}}', '{"saturday":{"cost":"220","profit":"10"},"sunday":{"cost":"220","profit":"10"},"monday":{"cost":"220","profit":"10"},"tuesday":{"cost":"220","profit":"10"},"wednesday":{"cost":"220","profit":"10"},"thursday":{"cost":"220","profit":"10"},"friday":{"cost":"220","profit":"10"}}', 11),
(47, 24, 17, 1, 10, '{"child-1":{"2-6":{"cost":"0","profit":"0"},"6-12":{"cost":"120","profit":"10"}},"child-2":{"2-6":{"cost":"0","profit":"0"},"6-12":{"cost":"120","profit":"10"}}}', '{"saturday":{"cost":"220","profit":"10"},"sunday":{"cost":"220","profit":"10"},"monday":{"cost":"220","profit":"10"},"tuesday":{"cost":"220","profit":"10"},"wednesday":{"cost":"220","profit":"10"},"thursday":{"cost":"220","profit":"10"},"friday":{"cost":"220","profit":"10"}}', 11),
(48, 24, 21, 1, 10, '{"child-1":{"2-6":{"cost":"0","profit":"0"},"6-12":{"cost":"120","profit":"10"}},"child-2":{"2-6":{"cost":"0","profit":"0"},"6-12":{"cost":"120","profit":"10"}}}', '{"saturday":{"cost":"220","profit":"10"},"sunday":{"cost":"220","profit":"10"},"monday":{"cost":"220","profit":"10"},"tuesday":{"cost":"220","profit":"10"},"wednesday":{"cost":"220","profit":"10"},"thursday":{"cost":"220","profit":"10"},"friday":{"cost":"220","profit":"10"}}', 11),
(49, 25, 16, 2, 4, '{"child-1":{"2-6":{"cost":"0","profit":"0"},"6-12":{"cost":"350","profit":"10"}},"child-2":{"2-6":{"cost":"0","profit":"0"},"6-12":{"cost":"350","profit":"10"}}}', '{"saturday":{"cost":"800","profit":"30"},"sunday":{"cost":"800","profit":"30"},"monday":{"cost":"800","profit":"30"},"tuesday":{"cost":"800","profit":"30"},"wednesday":{"cost":"800","profit":"30"},"thursday":{"cost":"800","profit":"30"},"friday":{"cost":"800","profit":"30"}}', 11),
(50, 25, 20, 2, 4, '{"child-1":{"2-6":{"cost":"0","profit":"0"},"6-12":{"cost":"350","profit":"20"}},"child-2":{"2-6":{"cost":"0","profit":"0"},"6-12":{"cost":"350","profit":"20"}}}', '{"saturday":{"cost":"650","profit":"20"},"sunday":{"cost":"650","profit":"20"},"monday":{"cost":"650","profit":"20"},"tuesday":{"cost":"650","profit":"20"},"wednesday":{"cost":"650","profit":"20"},"thursday":{"cost":"650","profit":"20"},"friday":{"cost":"650","profit":"20"}}', 11),
(51, 25, 21, 2, 5, '{"child-1":{"2-6":{"cost":"0","profit":"0"},"6-12":{"cost":"350","profit":"10"}},"child-2":{"2-6":{"cost":"0","profit":"0"},"6-12":{"cost":"350","profit":"10"}}}', '{"saturday":{"cost":"650","profit":"20"},"sunday":{"cost":"650","profit":"20"},"monday":{"cost":"650","profit":"20"},"tuesday":{"cost":"650","profit":"20"},"wednesday":{"cost":"650","profit":"20"},"thursday":{"cost":"650","profit":"20"},"friday":{"cost":"650","profit":"20"}}', 11),
(52, 26, 16, 2, 6, '{"child-1":{"2-6":"0","6-12":"0"},"child-2":{"2-6":"0","6-12":"2000"}}', '{"Saturday":"4000","Sunday":"4000","Monday":"4000","Tuesday":"4000","Wednesday":"4000","Thursday":"4000","Friday":"4000"}', 2),
(53, 26, 17, 2, 5, '{"child-1":{"2-6":"0","6-12":"0"},"child-2":{"2-6":"0","6-12":"1800"}}', '{"Saturday":"3900","Sunday":"3900","Monday":"3900","Tuesday":"3900","Wednesday":"3900","Thursday":"3900","Friday":"3900"}', 2),
(54, 26, 21, 2, 5, '{"child-1":{"2-6":"0","6-12":"0"},"child-2":{"2-6":"0","6-12":"2500"}}', '{"Saturday":"5000","Sunday":"5000","Monday":"5000","Tuesday":"5000","Wednesday":"5000","Thursday":"5000","Friday":"5000"}', 2),
(55, 27, 16, 2, 6, '{"child-1":{"2-6":"0","6-12":"0"},"child-2":{"2-6":"0","6-12":"2100"}}', '{"Saturday":"4200","Sunday":"4200","Monday":"4200","Tuesday":"4200","Wednesday":"4200","Thursday":"4200","Friday":"4200"}', 2),
(56, 27, 17, 2, 6, '{"child-1":{"2-6":"0","6-12":"0"},"child-2":{"2-6":"0","6-12":"2000"}}', '{"Saturday":"4000","Sunday":"4000","Monday":"4000","Tuesday":"4000","Wednesday":"4000","Thursday":"4000","Friday":"4000"}', 2),
(57, 27, 21, 2, 6, '{"child-1":{"2-6":"0","6-12":"0"},"child-2":{"2-6":"0","6-12":"2500"}}', '{"Saturday":"5000","Sunday":"5000","Monday":"5000","Tuesday":"5000","Wednesday":"5000","Thursday":"5000","Friday":"5000"}', 2),
(58, 28, 16, 2, 6, '{"child-1":{"2-6":"0","6-12":"0"},"child-2":{"2-6":"0","6-12":"2200"}}', '{"Saturday":"4400","Sunday":"4400","Monday":"4400","Tuesday":"4400","Wednesday":"4400","Thursday":"4400","Friday":"4400"}', 2),
(59, 28, 17, 2, 6, '{"child-1":{"2-6":"0","6-12":"0"},"child-2":{"2-6":"0","6-12":"2000"}}', '{"Saturday":"4000","Sunday":"4000","Monday":"4000","Tuesday":"4000","Wednesday":"4000","Thursday":"4000","Friday":"4000"}', 2),
(60, 28, 21, 2, 6, '{"child-1":{"2-6":"0","6-12":"0"},"child-2":{"2-6":"0","6-12":"2600"}}', '{"Saturday":"6200","Sunday":"6200","Monday":"6200","Tuesday":"6200","Wednesday":"6200","Thursday":"6200","Friday":"6200"}', 2),
(61, 29, 16, 1, 10, '{"child-1":{"2-6":{"cost":"0","profit":"0"},"6-12":{"cost":"180","profit":"10"}},"child-2":{"2-6":{"cost":"0","profit":"0"},"6-12":{"cost":"180","profit":"10"}}}', '{"saturday":{"cost":"350","profit":"10"},"sunday":{"cost":"350","profit":"10"},"monday":{"cost":"350","profit":"10"},"tuesday":{"cost":"350","profit":"10"},"wednesday":{"cost":"350","profit":"10"},"thursday":{"cost":"350","profit":"10"},"friday":{"cost":"350","profit":"10"}}', 11),
(62, 29, 17, 1, 10, '{"child-1":{"2-6":{"cost":"0","profit":"0"},"6-12":{"cost":"180","profit":"10"}},"child-2":{"2-6":{"cost":"0","profit":"0"},"6-12":{"cost":"180","profit":"10"}}}', '{"saturday":{"cost":"350","profit":"10"},"sunday":{"cost":"350","profit":"10"},"monday":{"cost":"350","profit":"10"},"tuesday":{"cost":"350","profit":"10"},"wednesday":{"cost":"350","profit":"10"},"thursday":{"cost":"350","profit":"10"},"friday":{"cost":"350","profit":"10"}}', 11),
(63, 29, 21, 1, 10, '{"child-1":{"2-6":{"cost":"0","profit":"0"},"6-12":{"cost":"180","profit":"10"}},"child-2":{"2-6":{"cost":"0","profit":"0"},"6-12":{"cost":"180","profit":"10"}}}', '{"saturday":{"cost":"350","profit":"10"},"sunday":{"cost":"350","profit":"10"},"monday":{"cost":"350","profit":"10"},"tuesday":{"cost":"350","profit":"10"},"wednesday":{"cost":"350","profit":"10"},"thursday":{"cost":"350","profit":"10"},"friday":{"cost":"350","profit":"10"}}', 11),
(64, 30, 16, 2, 8, '{"child-1":{"2-6":"0","6-12":"0"},"child-2":{"2-6":"0","6-12":"1850"}}', '{"Saturday":"3600","Sunday":"3600","Monday":"3600","Tuesday":"3600","Wednesday":"3600","Thursday":"3600","Friday":"3600"}', 2),
(65, 30, 17, 1, 10, '{"child-1":{"2-6":{"cost":"0","profit":"0"},"6-12":{"cost":"110","profit":"10"}},"child-2":{"2-6":{"cost":"0","profit":"0"},"6-12":{"cost":"110","profit":"10"}}}', '{"saturday":{"cost":"230","profit":"10"},"sunday":{"cost":"230","profit":"10"},"monday":{"cost":"230","profit":"10"},"tuesday":{"cost":"230","profit":"10"},"wednesday":{"cost":"230","profit":"10"},"thursday":{"cost":"230","profit":"10"},"friday":{"cost":"230","profit":"10"}}', 11),
(66, 30, 21, 1, 10, '{"child-1":{"2-6":{"cost":"0","profit":"0"},"6-12":{"cost":"110","profit":"10"}},"child-2":{"2-6":{"cost":"0","profit":"0"},"6-12":{"cost":"110","profit":"10"}}}', '{"saturday":{"cost":"230","profit":"10"},"sunday":{"cost":"230","profit":"10"},"monday":{"cost":"230","profit":"10"},"tuesday":{"cost":"230","profit":"10"},"wednesday":{"cost":"230","profit":"10"},"thursday":{"cost":"230","profit":"10"},"friday":{"cost":"230","profit":"10"}}', 11),
(83, 31, 17, 1, 10, '{"child-1":{"2-6":{"cost":"0","profit":"0"},"6-12":{"cost":"0","profit":"0"}},"child-2":{"2-6":{"cost":"0","profit":"0"},"6-12":{"cost":"0","profit":"0"}}}', '{"saturday":{"cost":"130","profit":"10"},"sunday":{"cost":"130","profit":"10"},"monday":{"cost":"130","profit":"10"},"tuesday":{"cost":"130","profit":"10"},"wednesday":{"cost":"130","profit":"10"},"thursday":{"cost":"130","profit":"10"},"friday":{"cost":"130","profit":"10"}}', 2),
(84, 31, 20, 1, 10, '{"child-1":{"2-6":{"cost":"0","profit":"0"},"6-12":{"cost":"0","profit":"0"}},"child-2":{"2-6":{"cost":"0","profit":"0"},"6-12":{"cost":"0","profit":"0"}}}', '{"saturday":{"cost":"130","profit":"10"},"sunday":{"cost":"130","profit":"10"},"monday":{"cost":"130","profit":"10"},"tuesday":{"cost":"130","profit":"10"},"wednesday":{"cost":"130","profit":"10"},"thursday":{"cost":"130","profit":"10"},"friday":{"cost":"130","profit":"10"}}', 11),
(85, 31, 16, 1, 10, '{"child-1":{"2-6":{"cost":"0","profit":"0"},"6-12":{"cost":"0","profit":"0"}},"child-2":{"2-6":{"cost":"0","profit":"0"},"6-12":{"cost":"0","profit":"0"}}}', '{"saturday":{"cost":"130","profit":"10"},"sunday":{"cost":"130","profit":"10"},"monday":{"cost":"130","profit":"10"},"tuesday":{"cost":"130","profit":"10"},"wednesday":{"cost":"130","profit":"10"},"thursday":{"cost":"130","profit":"10"},"friday":{"cost":"130","profit":"10"}}', 11),
(86, 31, 16, 1, 10, '{"child-1":{"2-6":{"cost":"0","profit":"0"},"6-12":{"cost":"0","profit":"0"}},"child-2":{"2-6":{"cost":"0","profit":"0"},"6-12":{"cost":"0","profit":"0"}}}', '{"saturday":{"cost":"130","profit":"10"},"sunday":{"cost":"130","profit":"10"},"monday":{"cost":"130","profit":"10"},"tuesday":{"cost":"130","profit":"10"},"wednesday":{"cost":"130","profit":"10"},"thursday":{"cost":"130","profit":"10"},"friday":{"cost":"130","profit":"10"}}', 2),
(87, 32, 20, 1, 10, '{"child-1":{"2-6":{"cost":"0","profit":"0"},"6-12":{"cost":"120","profit":"10"}},"child-2":{"2-6":{"cost":"0","profit":"0"},"6-12":{"cost":"120","profit":"10"}}}', '{"saturday":{"cost":"210","profit":"10"},"sunday":{"cost":"210","profit":"10"},"monday":{"cost":"210","profit":"10"},"tuesday":{"cost":"210","profit":"10"},"wednesday":{"cost":"210","profit":"10"},"thursday":{"cost":"210","profit":"10"},"friday":{"cost":"210","profit":"10"}}', 11),
(88, 32, 21, 1, 10, '{"child-1":{"2-6":{"cost":"0","profit":"0"},"6-12":{"cost":"120","profit":"10"}},"child-2":{"2-6":{"cost":"0","profit":"0"},"6-12":{"cost":"120","profit":"10"}}}', '{"saturday":{"cost":"210","profit":"10"},"sunday":{"cost":"210","profit":"10"},"monday":{"cost":"210","profit":"10"},"tuesday":{"cost":"210","profit":"10"},"wednesday":{"cost":"210","profit":"10"},"thursday":{"cost":"210","profit":"10"},"friday":{"cost":"210","profit":"10"}}', 11),
(89, 32, 16, 1, 10, '{"child-1":{"2-6":{"cost":"0","profit":"0"},"6-12":{"cost":"120","profit":"10"}},"child-2":{"2-6":{"cost":"00","profit":"0"},"6-12":{"cost":"120","profit":"10"}}}', '{"saturday":{"cost":"210","profit":"10"},"sunday":{"cost":"210","profit":"10"},"monday":{"cost":"210","profit":"10"},"tuesday":{"cost":"210","profit":"10"},"wednesday":{"cost":"210","profit":"10"},"thursday":{"cost":"210","profit":"10"},"friday":{"cost":"210","profit":"10"}}', 11),
(90, 32, 17, 1, 10, '{"child-1":{"2-6":{"cost":"0","profit":"00"},"6-12":{"cost":"120","profit":"10"}},"child-2":{"2-6":{"cost":"0","profit":"0"},"6-12":{"cost":"120","profit":"10"}}}', '{"saturday":{"cost":"210","profit":"10"},"sunday":{"cost":"210","profit":"10"},"monday":{"cost":"210","profit":"10"},"tuesday":{"cost":"210","profit":"10"},"wednesday":{"cost":"210","profit":"10"},"thursday":{"cost":"210","profit":"10"},"friday":{"cost":"210","profit":"10"}}', 11),
(91, 33, 16, 1, 10, '{"child-1":{"2-6":{"cost":"0","profit":"0"},"6-12":{"cost":"180","profit":"10"}},"child-2":{"2-6":{"cost":"0","profit":"0"},"6-12":{"cost":"180","profit":"10"}}}', '{"saturday":{"cost":"350","profit":"10"},"sunday":{"cost":"350","profit":"10"},"monday":{"cost":"350","profit":"10"},"tuesday":{"cost":"350","profit":"10"},"wednesday":{"cost":"350","profit":"10"},"thursday":{"cost":"350","profit":"10"},"friday":{"cost":"350","profit":"10"}}', 11),
(92, 33, 20, 1, 10, '{"child-1":{"2-6":{"cost":"0","profit":"0"},"6-12":{"cost":"180","profit":"10"}},"child-2":{"2-6":{"cost":"0","profit":"0"},"6-12":{"cost":"180","profit":"10"}}}', '{"saturday":{"cost":"350","profit":"10"},"sunday":{"cost":"350","profit":"10"},"monday":{"cost":"350","profit":"10"},"tuesday":{"cost":"350","profit":"10"},"wednesday":{"cost":"350","profit":"10"},"thursday":{"cost":"350","profit":"10"},"friday":{"cost":"350","profit":"10"}}', 11),
(93, 33, 21, 1, 10, '{"child-1":{"2-6":{"cost":"0","profit":"0"},"6-12":{"cost":"180","profit":"10"}},"child-2":{"2-6":{"cost":"0","profit":"0"},"6-12":{"cost":"180","profit":"10"}}}', '{"saturday":{"cost":"350","profit":"10"},"sunday":{"cost":"350","profit":"10"},"monday":{"cost":"350","profit":"10"},"tuesday":{"cost":"350","profit":"10"},"wednesday":{"cost":"350","profit":"10"},"thursday":{"cost":"350","profit":"10"},"friday":{"cost":"350","profit":"10"}}', 11),
(94, 33, 17, 1, 10, '{"child-1":{"2-6":{"cost":"0","profit":"0"},"6-12":{"cost":"180","profit":"10"}},"child-2":{"2-6":{"cost":"0","profit":"0"},"6-12":{"cost":"180","profit":"10"}}}', '{"saturday":{"cost":"350","profit":"10"},"sunday":{"cost":"350","profit":"10"},"monday":{"cost":"350","profit":"10"},"tuesday":{"cost":"350","profit":"10"},"wednesday":{"cost":"350","profit":"10"},"thursday":{"cost":"350","profit":"10"},"friday":{"cost":"350","profit":"10"}}', 11),
(95, 34, 20, 1, 10, '{"child-1":{"2-6":{"cost":"0","profit":"0"},"6-12":{"cost":"100","profit":"10"}},"child-2":{"2-6":{"cost":"0","profit":"0"},"6-12":{"cost":"100","profit":"10"}}}', '{"saturday":{"cost":"170","profit":"10"},"sunday":{"cost":"170","profit":"10"},"monday":{"cost":"170","profit":"10"},"tuesday":{"cost":"170","profit":"10"},"wednesday":{"cost":"170","profit":"10"},"thursday":{"cost":"170","profit":"10"},"friday":{"cost":"170","profit":"10"}}', 11),
(96, 34, 21, 1, 10, '{"child-1":{"2-6":{"cost":"0","profit":"0"},"6-12":{"cost":"100","profit":"10"}},"child-2":{"2-6":{"cost":"00","profit":"0"},"6-12":{"cost":"100","profit":"10"}}}', '{"saturday":{"cost":"170","profit":"10"},"sunday":{"cost":"170","profit":"10"},"monday":{"cost":"170","profit":"10"},"tuesday":{"cost":"170","profit":"10"},"wednesday":{"cost":"170","profit":"10"},"thursday":{"cost":"170","profit":"10"},"friday":{"cost":"170","profit":"10"}}', 11),
(97, 34, 16, 1, 10, '{"child-1":{"2-6":{"cost":"0","profit":"0"},"6-12":{"cost":"100","profit":"10"}},"child-2":{"2-6":{"cost":"0","profit":"0"},"6-12":{"cost":"100","profit":"10"}}}', '{"saturday":{"cost":"170","profit":"10"},"sunday":{"cost":"170","profit":"10"},"monday":{"cost":"170","profit":"10"},"tuesday":{"cost":"170","profit":"10"},"wednesday":{"cost":"170","profit":"10"},"thursday":{"cost":"170","profit":"10"},"friday":{"cost":"170","profit":"10"}}', 11),
(98, 34, 17, 1, 10, '{"child-1":{"2-6":{"cost":"0","profit":"0"},"6-12":{"cost":"100","profit":"10"}},"child-2":{"2-6":{"cost":"0","profit":"0"},"6-12":{"cost":"100","profit":"10"}}}', '{"saturday":{"cost":"170","profit":"10"},"sunday":{"cost":"170","profit":"10"},"monday":{"cost":"170","profit":"10"},"tuesday":{"cost":"170","profit":"10"},"wednesday":{"cost":"170","profit":"10"},"thursday":{"cost":"170","profit":"10"},"friday":{"cost":"170","profit":"10"}}', 11),
(99, 35, 20, 1, 10, '{"child-1":{"2-6":{"cost":"0","profit":"0"},"6-12":{"cost":"50","profit":"10"}},"child-2":{"2-6":{"cost":"0","profit":"0"},"6-12":{"cost":"50","profit":"10"}}}', '{"saturday":{"cost":"100","profit":"10"},"sunday":{"cost":"100","profit":"10"},"monday":{"cost":"100","profit":"10"},"tuesday":{"cost":"100","profit":"10"},"wednesday":{"cost":"100","profit":"10"},"thursday":{"cost":"100","profit":"10"},"friday":{"cost":"100","profit":"10"}}', 11),
(100, 35, 21, 1, 10, '{"child-1":{"2-6":{"cost":"0","profit":"0"},"6-12":{"cost":"50","profit":"10"}},"child-2":{"2-6":{"cost":"0","profit":"0"},"6-12":{"cost":"50","profit":"10"}}}', '{"saturday":{"cost":"100","profit":"10"},"sunday":{"cost":"100","profit":"10"},"monday":{"cost":"100","profit":"10"},"tuesday":{"cost":"100","profit":"10"},"wednesday":{"cost":"100","profit":"10"},"thursday":{"cost":"100","profit":"10"},"friday":{"cost":"100","profit":"10"}}', 11),
(101, 35, 16, 1, 10, '{"child-1":{"2-6":{"cost":"0","profit":"0"},"6-12":{"cost":"50","profit":"0"}},"child-2":{"2-6":{"cost":"0","profit":"0"},"6-12":{"cost":"50","profit":"10"}}}', '{"saturday":{"cost":"100","profit":"10"},"sunday":{"cost":"100","profit":"10"},"monday":{"cost":"100","profit":"10"},"tuesday":{"cost":"100","profit":"10"},"wednesday":{"cost":"100","profit":"10"},"thursday":{"cost":"100","profit":"10"},"friday":{"cost":"100","profit":"10"}}', 11),
(102, 35, 17, 1, 10, '{"child-1":{"2-6":{"cost":"0","profit":"0"},"6-12":{"cost":"50","profit":"10"}},"child-2":{"2-6":{"cost":"0","profit":"0"},"6-12":{"cost":"50","profit":"10"}}}', '{"saturday":{"cost":"100","profit":"10"},"sunday":{"cost":"100","profit":"10"},"monday":{"cost":"100","profit":"10"},"tuesday":{"cost":"100","profit":"10"},"wednesday":{"cost":"100","profit":"10"},"thursday":{"cost":"100","profit":"10"},"friday":{"cost":"100","profit":"10"}}', 11),
(103, 36, 20, 1, 10, '{"child-1":{"2-6":{"cost":"0","profit":"0"},"6-12":{"cost":"120","profit":"10"}},"child-2":{"2-6":{"cost":"0","profit":"0"},"6-12":{"cost":"120","profit":"10"}}}', '{"saturday":{"cost":"240","profit":"10"},"sunday":{"cost":"240","profit":"10"},"monday":{"cost":"240","profit":"10"},"tuesday":{"cost":"240","profit":"10"},"wednesday":{"cost":"240","profit":"10"},"thursday":{"cost":"240","profit":"10"},"friday":{"cost":"240","profit":"10"}}', 11),
(104, 36, 21, 1, 10, '{"child-1":{"2-6":{"cost":"0","profit":"0"},"6-12":{"cost":"120","profit":"10"}},"child-2":{"2-6":{"cost":"0","profit":"0"},"6-12":{"cost":"120","profit":"10"}}}', '{"saturday":{"cost":"240","profit":"10"},"sunday":{"cost":"240","profit":"10"},"monday":{"cost":"240","profit":"10"},"tuesday":{"cost":"240","profit":"10"},"wednesday":{"cost":"240","profit":"10"},"thursday":{"cost":"240","profit":"10"},"friday":{"cost":"240","profit":"10"}}', 11),
(105, 36, 16, 1, 10, '{"child-1":{"2-6":{"cost":"0","profit":"0"},"6-12":{"cost":"120","profit":"10"}},"child-2":{"2-6":{"cost":"0","profit":"0"},"6-12":{"cost":"120","profit":"10"}}}', '{"saturday":{"cost":"240","profit":"10"},"sunday":{"cost":"240","profit":"10"},"monday":{"cost":"240","profit":"10"},"tuesday":{"cost":"240","profit":"10"},"wednesday":{"cost":"240","profit":"10"},"thursday":{"cost":"240","profit":"10"},"friday":{"cost":"240","profit":"10"}}', 11),
(106, 36, 17, 1, 10, '{"child-1":{"2-6":{"cost":"0","profit":"0"},"6-12":{"cost":"120","profit":"10"}},"child-2":{"2-6":{"cost":"0","profit":"0"},"6-12":{"cost":"120","profit":"10"}}}', '{"saturday":{"cost":"240","profit":"10"},"sunday":{"cost":"240","profit":"10"},"monday":{"cost":"240","profit":"10"},"tuesday":{"cost":"240","profit":"10"},"wednesday":{"cost":"240","profit":"10"},"thursday":{"cost":"240","profit":"10"},"friday":{"cost":"240","profit":"10"}}', 11),
(107, 30, 20, 1, 10, '{"child-1":{"2-6":{"cost":"0","profit":"0"},"6-12":{"cost":"110","profit":"10"}},"child-2":{"2-6":{"cost":"0","profit":"0"},"6-12":{"cost":"110","profit":"10"}}}', '{"saturday":{"cost":"230","profit":"10"},"sunday":{"cost":"230","profit":"10"},"monday":{"cost":"230","profit":"10"},"tuesday":{"cost":"230","profit":"10"},"wednesday":{"cost":"230","profit":"10"},"thursday":{"cost":"230","profit":"10"},"friday":{"cost":"230","profit":"10"}}', 11),
(108, 29, 20, 1, 10, '{"child-1":{"2-6":{"cost":"0","profit":"0"},"6-12":{"cost":"180","profit":"10"}},"child-2":{"2-6":{"cost":"0","profit":"0"},"6-12":{"cost":"180","profit":"10"}}}', '{"saturday":{"cost":"350","profit":"10"},"sunday":{"cost":"350","profit":"10"},"monday":{"cost":"350","profit":"10"},"tuesday":{"cost":"350","profit":"10"},"wednesday":{"cost":"350","profit":"10"},"thursday":{"cost":"350","profit":"10"},"friday":{"cost":"350","profit":"10"}}', 11),
(109, 24, 20, 1, 10, '{"child-1":{"2-6":{"cost":"0","profit":"0"},"6-12":{"cost":"120","profit":"10"}},"child-2":{"2-6":{"cost":"0","profit":"0"},"6-12":{"cost":"120","profit":"10"}}}', '{"saturday":{"cost":"220","profit":"10"},"sunday":{"cost":"220","profit":"10"},"monday":{"cost":"220","profit":"10"},"tuesday":{"cost":"220","profit":"10"},"wednesday":{"cost":"220","profit":"10"},"thursday":{"cost":"220","profit":"10"},"friday":{"cost":"220","profit":"10"}}', 11),
(110, 22, 20, 1, 10, '{"child-1":{"2-6":{"cost":"0","profit":"0"},"6-12":{"cost":"180","profit":"10"}},"child-2":{"2-6":{"cost":"0","profit":"0"},"6-12":{"cost":"180","profit":"10"}}}', '{"saturday":{"cost":"325","profit":"10"},"sunday":{"cost":"325","profit":"10"},"monday":{"cost":"325","profit":"10"},"tuesday":{"cost":"325","profit":"10"},"wednesday":{"cost":"325","profit":"10"},"thursday":{"cost":"325","profit":"10"},"friday":{"cost":"325","profit":"10"}}', 11),
(111, 21, 20, 2, 10, '{"child-1":{"2-6":{"cost":"0","profit":"0"},"6-12":{"cost":"250","profit":"10"}},"child-2":{"2-6":{"cost":"0","profit":"0"},"6-12":{"cost":"250","profit":"10"}}}', '{"saturday":{"cost":"550","profit":"20"},"sunday":{"cost":"550","profit":"20"},"monday":{"cost":"550","profit":"20"},"tuesday":{"cost":"550","profit":"20"},"wednesday":{"cost":"550","profit":"20"},"thursday":{"cost":"550","profit":"20"},"friday":{"cost":"550","profit":"20"}}', 11),
(112, 19, 20, 2, 10, '{"child-1":{"2-6":{"cost":"0","profit":"0"},"6-12":{"cost":"400","profit":"10"}},"child-2":{"2-6":{"cost":"0","profit":"0"},"6-12":{"cost":"400","profit":"10"}}}', '{"saturday":{"cost":"800","profit":"20"},"sunday":{"cost":"800","profit":"20"},"monday":{"cost":"800","profit":"20"},"tuesday":{"cost":"800","profit":"20"},"wednesday":{"cost":"800","profit":"20"},"thursday":{"cost":"800","profit":"20"},"friday":{"cost":"800","profit":"20"}}', 11),
(113, 18, 20, 1, 10, '{"child-1":{"2-6":{"cost":"0","profit":"0"},"6-12":{"cost":"170","profit":"10"}},"child-2":{"2-6":{"cost":"0","profit":"0"},"6-12":{"cost":"170","profit":"10"}}}', '{"saturday":{"cost":"325","profit":"10"},"sunday":{"cost":"325","profit":"10"},"monday":{"cost":"325","profit":"10"},"tuesday":{"cost":"325","profit":"10"},"wednesday":{"cost":"325","profit":"10"},"thursday":{"cost":"325","profit":"10"},"friday":{"cost":"325","profit":"10"}}', 11),
(114, 17, 20, 2, 10, '{"child-1":{"2-6":{"cost":"0","profit":"0"},"6-12":{"cost":"450","profit":"10"}},"child-2":{"2-6":{"cost":"0","profit":"0"},"6-12":{"cost":"450","profit":"10"}}}', '{"saturday":{"cost":"850","profit":"20"},"sunday":{"cost":"850","profit":"20"},"monday":{"cost":"850","profit":"20"},"tuesday":{"cost":"850","profit":"20"},"wednesday":{"cost":"850","profit":"20"},"thursday":{"cost":"850","profit":"20"},"friday":{"cost":"850","profit":"20"}}', 11),
(115, 37, 20, 2, 10, '{"child-1":{"2-6":{"cost":"0","profit":"0"},"6-12":{"cost":"300","profit":"10"}},"child-2":{"2-6":{"cost":"0","profit":"0"},"6-12":{"cost":"300","profit":"10"}}}', '{"saturday":{"cost":"500","profit":"10"},"sunday":{"cost":"500","profit":"10"},"monday":{"cost":"500","profit":"10"},"tuesday":{"cost":"500","profit":"10"},"wednesday":{"cost":"500","profit":"10"},"thursday":{"cost":"500","profit":"10"},"friday":{"cost":"500","profit":"10"}}', 11),
(116, 37, 21, 2, 10, '{"child-1":{"2-6":{"cost":"0","profit":"0"},"6-12":{"cost":"300","profit":"10"}},"child-2":{"2-6":{"cost":"0","profit":"0"},"6-12":{"cost":"300","profit":"10"}}}', '{"saturday":{"cost":"500","profit":"10"},"sunday":{"cost":"500","profit":"10"},"monday":{"cost":"500","profit":"10"},"tuesday":{"cost":"500","profit":"10"},"wednesday":{"cost":"500","profit":"10"},"thursday":{"cost":"500","profit":"10"},"friday":{"cost":"500","profit":"10"}}', 11),
(117, 37, 16, 2, 10, '{"child-1":{"2-6":{"cost":"0","profit":"0"},"6-12":{"cost":"300","profit":"10"}},"child-2":{"2-6":{"cost":"0","profit":"0"},"6-12":{"cost":"300","profit":"10"}}}', '{"saturday":{"cost":"600","profit":"20"},"sunday":{"cost":"600","profit":"20"},"monday":{"cost":"600","profit":"20"},"tuesday":{"cost":"600","profit":"20"},"wednesday":{"cost":"600","profit":"20"},"thursday":{"cost":"600","profit":"20"},"friday":{"cost":"600","profit":"20"}}', 11),
(118, 37, 17, 2, 10, '{"child-1":{"2-6":{"cost":"0","profit":"0"},"6-12":{"cost":"300","profit":"10"}},"child-2":{"2-6":{"cost":"0","profit":"0"},"6-12":{"cost":"300","profit":"10"}}}', '{"saturday":{"cost":"700","profit":"20"},"sunday":{"cost":"700","profit":"20"},"monday":{"cost":"700","profit":"20"},"tuesday":{"cost":"700","profit":"20"},"wednesday":{"cost":"700","profit":"20"},"thursday":{"cost":"700","profit":"20"},"friday":{"cost":"700","profit":"20"}}', 11),
(119, 15, 20, 2, 10, '{"child-1":{"2-6":{"cost":"0","profit":"0"},"6-12":{"cost":"140","profit":"10"}},"child-2":{"2-6":{"cost":"0","profit":"0"},"6-12":{"cost":"140","profit":"10"}}}', '{"saturday":{"cost":"550","profit":"10"},"sunday":{"cost":"550","profit":"10"},"monday":{"cost":"550","profit":"10"},"tuesday":{"cost":"550","profit":"10"},"wednesday":{"cost":"550","profit":"10"},"thursday":{"cost":"550","profit":"10"},"friday":{"cost":"550","profit":"10"}}', 11),
(120, 38, 20, 2, 10, '{"child-1":{"2-6":{"cost":"0","profit":"0"},"6-12":{"cost":"120","profit":"10"}},"child-2":{"2-6":{"cost":"0","profit":"0"},"6-12":{"cost":"120","profit":"10"}}}', '{"saturday":{"cost":"480","profit":"10"},"sunday":{"cost":"480","profit":"10"},"monday":{"cost":"480","profit":"10"},"tuesday":{"cost":"480","profit":"10"},"wednesday":{"cost":"480","profit":"10"},"thursday":{"cost":"480","profit":"10"},"friday":{"cost":"480","profit":"10"}}', 11),
(121, 38, 21, 2, 10, '{"child-1":{"2-6":{"cost":"0","profit":"0"},"6-12":{"cost":"120","profit":"10"}},"child-2":{"2-6":{"cost":"0","profit":"0"},"6-12":{"cost":"120","profit":"10"}}}', '{"saturday":{"cost":"480","profit":"10"},"sunday":{"cost":"480","profit":"10"},"monday":{"cost":"480","profit":"10"},"tuesday":{"cost":"480","profit":"10"},"wednesday":{"cost":"480","profit":"10"},"thursday":{"cost":"480","profit":"10"},"friday":{"cost":"480","profit":"10"}}', 11),
(122, 38, 16, 2, 10, '{"child-1":{"2-6":{"cost":"0","profit":"0"},"6-12":{"cost":"120","profit":"10"}},"child-2":{"2-6":{"cost":"0","profit":"0"},"6-12":{"cost":"120","profit":"10"}}}', '{"saturday":{"cost":"580","profit":"10"},"sunday":{"cost":"580","profit":"10"},"monday":{"cost":"580","profit":"10"},"tuesday":{"cost":"580","profit":"10"},"wednesday":{"cost":"580","profit":"10"},"thursday":{"cost":"580","profit":"10"},"friday":{"cost":"580","profit":"10"}}', 11),
(123, 38, 17, 2, 10, '{"child-1":{"2-6":{"cost":"0","profit":"0"},"6-12":{"cost":"120","profit":"10"}},"child-2":{"2-6":{"cost":"0","profit":"0"},"6-12":{"cost":"120","profit":"10"}}}', '{"saturday":{"cost":"680","profit":"10"},"sunday":{"cost":"680","profit":"10"},"monday":{"cost":"680","profit":"10"},"tuesday":{"cost":"680","profit":"10"},"wednesday":{"cost":"680","profit":"10"},"thursday":{"cost":"680","profit":"10"},"friday":{"cost":"680","profit":"10"}}', 11),
(124, 13, 20, 2, 10, '{"child-1":{"2-6":{"cost":"0","profit":"0"},"6-12":{"cost":"100","profit":"10"}},"child-2":{"2-6":{"cost":"0","profit":"0"},"6-12":{"cost":"100","profit":"10"}}}', '{"saturday":{"cost":"400","profit":"10"},"sunday":{"cost":"400","profit":"10"},"monday":{"cost":"400","profit":"10"},"tuesday":{"cost":"400","profit":"10"},"wednesday":{"cost":"400","profit":"10"},"thursday":{"cost":"400","profit":"10"},"friday":{"cost":"400","profit":"10"}}', 11),
(125, 11, 20, 2, 10, '{"child-1":{"2-6":{"cost":"0","profit":"0"},"6-12":{"cost":"90","profit":"10"}},"child-2":{"2-6":{"cost":"0","profit":"0"},"6-12":{"cost":"90","profit":"10"}}}', '{"saturday":{"cost":"350","profit":"10"},"sunday":{"cost":"350","profit":"10"},"monday":{"cost":"350","profit":"10"},"tuesday":{"cost":"350","profit":"10"},"wednesday":{"cost":"350","profit":"10"},"thursday":{"cost":"350","profit":"10"},"friday":{"cost":"350","profit":"10"}}', 11);

-- --------------------------------------------------------

--
-- Table structure for table `maka_madina_hotels_rooms_prices_dates`
--

CREATE TABLE `maka_madina_hotels_rooms_prices_dates` (
  `id` int(11) NOT NULL,
  `maka_madina_hotels_rooms_prices_id` int(11) NOT NULL,
  `hotel_room_types_id` int(11) NOT NULL,
  `date` date NOT NULL,
  `cost` decimal(11,0) NOT NULL,
  `profit` decimal(10,0) NOT NULL,
  `available_of_room` int(11) NOT NULL,
  `number_of_room_reserved` int(11) NOT NULL
) ENGINE=InnoDB DEFAULT CHARSET=utf8;

--
-- Dumping data for table `maka_madina_hotels_rooms_prices_dates`
--

INSERT INTO `maka_madina_hotels_rooms_prices_dates` (`id`, `maka_madina_hotels_rooms_prices_id`, `hotel_room_types_id`, `date`, `cost`, `profit`, `available_of_room`, `number_of_room_reserved`) VALUES
(1, 1, 0, '2017-04-01', '3631', '0', 8, 0),
(2, 1, 0, '2017-04-02', '3631', '0', 8, 0),
(3, 1, 0, '2017-04-03', '3631', '0', 8, 0),
(4, 1, 0, '2017-04-04', '3631', '0', 8, 0),
(5, 1, 0, '2017-04-05', '3631', '0', 8, 0),
(6, 1, 0, '2017-04-06', '3631', '0', 8, 0),
(7, 1, 0, '2017-04-07', '3631', '0', 8, 0),
(8, 1, 0, '2017-04-08', '3631', '0', 8, 0),
(9, 1, 0, '2017-04-09', '3631', '0', 8, 0),
(10, 1, 0, '2017-04-10', '3631', '0', 8, 0),
(11, 1, 0, '2017-04-11', '3631', '0', 8, 0),
(12, 1, 0, '2017-04-12', '3631', '0', 8, 0),
(13, 1, 0, '2017-04-13', '3631', '0', 8, 0),
(14, 1, 0, '2017-04-14', '3631', '0', 8, 0),
(15, 1, 0, '2017-04-15', '3631', '0', 8, 0),
(16, 1, 0, '2017-04-16', '3631', '0', 8, 0),
(17, 1, 0, '2017-04-17', '3631', '0', 8, 0),
(18, 1, 0, '2017-04-18', '3631', '0', 8, 0),
(19, 1, 0, '2017-04-19', '3631', '0', 8, 0),
(20, 1, 0, '2017-04-20', '3631', '0', 8, 0),
(21, 1, 0, '2017-04-21', '3631', '0', 8, 0),
(22, 1, 0, '2017-04-22', '3631', '0', 8, 0),
(23, 1, 0, '2017-04-23', '3631', '0', 8, 0),
(24, 1, 0, '2017-04-24', '3631', '0', 8, 0),
(25, 1, 0, '2017-04-25', '3631', '0', 8, 0),
(26, 1, 0, '2017-04-26', '3631', '0', 8, 0),
(27, 1, 0, '2017-04-27', '3631', '0', 8, 0),
(28, 1, 0, '2017-04-28', '3631', '0', 8, 0),
(29, 1, 0, '2017-04-29', '3631', '0', 8, 0),
(30, 1, 0, '2017-04-30', '3631', '0', 8, 0),
(31, 2, 0, '2017-04-01', '4357', '0', 8, 0),
(32, 2, 0, '2017-04-02', '4357', '0', 8, 0),
(33, 2, 0, '2017-04-03', '4357', '0', 8, 0),
(34, 2, 0, '2017-04-04', '4357', '0', 8, 0),
(35, 2, 0, '2017-04-05', '4357', '0', 8, 0),
(36, 2, 0, '2017-04-06', '4357', '0', 8, 0),
(37, 2, 0, '2017-04-07', '4357', '0', 8, 0),
(38, 2, 0, '2017-04-08', '4357', '0', 8, 0),
(39, 2, 0, '2017-04-09', '4357', '0', 8, 0),
(40, 2, 0, '2017-04-10', '4357', '0', 8, 0),
(41, 2, 0, '2017-04-11', '4357', '0', 8, 0),
(42, 2, 0, '2017-04-12', '4357', '0', 8, 0),
(43, 2, 0, '2017-04-13', '4357', '0', 8, 0),
(44, 2, 0, '2017-04-14', '4357', '0', 8, 0),
(45, 2, 0, '2017-04-15', '4357', '0', 8, 0),
(46, 2, 0, '2017-04-16', '4357', '0', 8, 0),
(47, 2, 0, '2017-04-17', '4357', '0', 8, 0),
(48, 2, 0, '2017-04-18', '4357', '0', 8, 0),
(49, 2, 0, '2017-04-19', '4357', '0', 8, 0),
(50, 2, 0, '2017-04-20', '4357', '0', 8, 0),
(51, 2, 0, '2017-04-21', '4357', '0', 8, 0),
(52, 2, 0, '2017-04-22', '4357', '0', 8, 0),
(53, 2, 0, '2017-04-23', '4357', '0', 8, 0),
(54, 2, 0, '2017-04-24', '4357', '0', 8, 0),
(55, 2, 0, '2017-04-25', '4357', '0', 8, 0),
(56, 2, 0, '2017-04-26', '4357', '0', 8, 0),
(57, 2, 0, '2017-04-27', '4357', '0', 8, 0),
(58, 2, 0, '2017-04-28', '4357', '0', 8, 0),
(59, 2, 0, '2017-04-29', '4357', '0', 8, 0),
(60, 2, 0, '2017-04-30', '4357', '0', 8, 0),
(61, 3, 0, '2017-04-01', '3115', '0', 8, 0),
(62, 3, 0, '2017-04-02', '3115', '0', 8, 0),
(63, 3, 0, '2017-04-03', '3115', '0', 8, 0),
(64, 3, 0, '2017-04-04', '3115', '0', 8, 0),
(65, 3, 0, '2017-04-05', '3115', '0', 8, 0),
(66, 3, 0, '2017-04-06', '3115', '0', 8, 0),
(67, 3, 0, '2017-04-07', '3115', '0', 8, 0),
(68, 3, 0, '2017-04-08', '3115', '0', 8, 0),
(69, 3, 0, '2017-04-09', '3115', '0', 8, 0),
(70, 3, 0, '2017-04-10', '3115', '0', 8, 0),
(71, 3, 0, '2017-04-11', '3115', '0', 8, 0),
(72, 3, 0, '2017-04-12', '3115', '0', 8, 0),
(73, 3, 0, '2017-04-13', '3115', '0', 8, 0),
(74, 3, 0, '2017-04-14', '3115', '0', 8, 0),
(75, 3, 0, '2017-04-15', '3115', '0', 8, 0),
(76, 3, 0, '2017-04-16', '3115', '0', 8, 0),
(77, 3, 0, '2017-04-17', '3115', '0', 8, 0),
(78, 3, 0, '2017-04-18', '3115', '0', 8, 0),
(79, 3, 0, '2017-04-19', '3115', '0', 8, 0),
(80, 3, 0, '2017-04-20', '3115', '0', 8, 0),
(81, 3, 0, '2017-04-21', '3115', '0', 8, 0),
(82, 3, 0, '2017-04-22', '3115', '0', 8, 0),
(83, 3, 0, '2017-04-23', '3115', '0', 8, 0),
(84, 3, 0, '2017-04-24', '3115', '0', 8, 0),
(85, 3, 0, '2017-04-25', '3115', '0', 8, 0),
(86, 3, 0, '2017-04-26', '3115', '0', 8, 0),
(87, 3, 0, '2017-04-27', '3115', '0', 8, 0),
(88, 3, 0, '2017-04-28', '3115', '0', 8, 0),
(89, 3, 0, '2017-04-29', '3115', '0', 8, 0),
(90, 3, 0, '2017-04-30', '3115', '0', 8, 0),
(91, 4, 0, '2017-04-01', '5316', '0', 5, 0),
(92, 4, 0, '2017-04-02', '5316', '0', 5, 0),
(93, 4, 0, '2017-04-03', '5316', '0', 5, 0),
(94, 4, 0, '2017-04-04', '5316', '0', 5, 0),
(95, 4, 0, '2017-04-05', '5316', '0', 5, 0),
(96, 4, 0, '2017-04-06', '5316', '0', 5, 0),
(97, 4, 0, '2017-04-07', '5316', '0', 5, 0),
(98, 4, 0, '2017-04-08', '5316', '0', 5, 0),
(99, 4, 0, '2017-04-09', '5316', '0', 5, 0),
(100, 4, 0, '2017-04-10', '5316', '0', 5, 0),
(101, 4, 0, '2017-04-11', '5316', '0', 5, 0),
(102, 4, 0, '2017-04-12', '5316', '0', 5, 0),
(103, 4, 0, '2017-04-13', '5316', '0', 5, 0),
(104, 4, 0, '2017-04-14', '5316', '0', 5, 0),
(105, 4, 0, '2017-04-15', '5316', '0', 5, 0),
(106, 4, 0, '2017-04-16', '5316', '0', 5, 0),
(107, 4, 0, '2017-04-17', '5316', '0', 5, 0),
(108, 4, 0, '2017-04-18', '5316', '0', 5, 0),
(109, 4, 0, '2017-04-19', '5316', '0', 5, 0),
(110, 4, 0, '2017-04-20', '5316', '0', 5, 0),
(111, 4, 0, '2017-04-21', '5316', '0', 5, 0),
(112, 4, 0, '2017-04-22', '5316', '0', 5, 0),
(113, 4, 0, '2017-04-23', '5316', '0', 5, 0),
(114, 4, 0, '2017-04-24', '5316', '0', 5, 0),
(115, 4, 0, '2017-04-25', '5316', '0', 5, 0),
(116, 4, 0, '2017-04-26', '5316', '0', 5, 0),
(117, 4, 0, '2017-04-27', '5316', '0', 5, 0),
(118, 4, 0, '2017-04-28', '5316', '0', 5, 0),
(119, 4, 0, '2017-04-29', '5316', '0', 5, 0),
(120, 4, 0, '2017-04-30', '5316', '0', 5, 0),
(121, 4, 0, '2017-05-01', '5316', '0', 5, 0),
(122, 4, 0, '2017-05-02', '5316', '0', 5, 0),
(123, 4, 0, '2017-05-03', '5316', '0', 5, 0),
(124, 4, 0, '2017-05-04', '5316', '0', 5, 0),
(125, 4, 0, '2017-05-05', '5316', '0', 5, 0),
(126, 4, 0, '2017-05-06', '5316', '0', 5, 0),
(127, 4, 0, '2017-05-07', '5316', '0', 5, 0),
(128, 5, 0, '2017-04-01', '6100', '0', 5, 0),
(129, 5, 0, '2017-04-02', '6100', '0', 5, 0),
(130, 5, 0, '2017-04-03', '6100', '0', 5, 0),
(131, 5, 0, '2017-04-04', '6100', '0', 5, 0),
(132, 5, 0, '2017-04-05', '6100', '0', 5, 0),
(133, 5, 0, '2017-04-06', '6100', '0', 5, 0),
(134, 5, 0, '2017-04-07', '6100', '0', 5, 0),
(135, 5, 0, '2017-04-08', '6100', '0', 5, 0),
(136, 5, 0, '2017-04-09', '6100', '0', 5, 0),
(137, 5, 0, '2017-04-10', '6100', '0', 5, 0),
(138, 5, 0, '2017-04-11', '6100', '0', 5, 0),
(139, 5, 0, '2017-04-12', '6100', '0', 5, 0),
(140, 5, 0, '2017-04-13', '6100', '0', 5, 0),
(141, 5, 0, '2017-04-14', '6100', '0', 5, 0),
(142, 5, 0, '2017-04-15', '6100', '0', 5, 0),
(143, 5, 0, '2017-04-16', '6100', '0', 5, 0),
(144, 5, 0, '2017-04-17', '6100', '0', 5, 0),
(145, 5, 0, '2017-04-18', '6100', '0', 5, 0),
(146, 5, 0, '2017-04-19', '6100', '0', 5, 0),
(147, 5, 0, '2017-04-20', '6100', '0', 5, 0),
(148, 5, 0, '2017-04-21', '6100', '0', 5, 0),
(149, 5, 0, '2017-04-22', '6100', '0', 5, 0),
(150, 5, 0, '2017-04-23', '6100', '0', 5, 0),
(151, 5, 0, '2017-04-24', '6100', '0', 5, 0),
(152, 5, 0, '2017-04-25', '6100', '0', 5, 0),
(153, 5, 0, '2017-04-26', '6100', '0', 5, 0),
(154, 5, 0, '2017-04-27', '6100', '0', 5, 0),
(155, 5, 0, '2017-04-28', '6100', '0', 5, 0),
(156, 5, 0, '2017-04-29', '6100', '0', 5, 0),
(157, 5, 0, '2017-04-30', '6100', '0', 5, 0),
(158, 5, 0, '2017-05-01', '6100', '0', 5, 0),
(159, 5, 0, '2017-05-02', '6100', '0', 5, 0),
(160, 5, 0, '2017-05-03', '6100', '0', 5, 0),
(161, 5, 0, '2017-05-04', '6100', '0', 5, 0),
(162, 5, 0, '2017-05-05', '6100', '0', 5, 0),
(163, 5, 0, '2017-05-06', '6100', '0', 5, 0),
(164, 5, 0, '2017-05-07', '6100', '0', 5, 0),
(165, 6, 0, '2017-04-01', '4510', '0', 5, 0),
(166, 6, 0, '2017-04-02', '4510', '0', 5, 0),
(167, 6, 0, '2017-04-03', '4510', '0', 5, 0),
(168, 6, 0, '2017-04-04', '4510', '0', 5, 0),
(169, 6, 0, '2017-04-05', '4510', '0', 5, 0),
(170, 6, 0, '2017-04-06', '4510', '0', 5, 0),
(171, 6, 0, '2017-04-07', '4510', '0', 5, 0),
(172, 6, 0, '2017-04-08', '4510', '0', 5, 0),
(173, 6, 0, '2017-04-09', '4510', '0', 5, 0),
(174, 6, 0, '2017-04-10', '4510', '0', 5, 0),
(175, 6, 0, '2017-04-11', '4510', '0', 5, 0),
(176, 6, 0, '2017-04-12', '4510', '0', 5, 0),
(177, 6, 0, '2017-04-13', '4510', '0', 5, 0),
(178, 6, 0, '2017-04-14', '4510', '0', 5, 0),
(179, 6, 0, '2017-04-15', '4510', '0', 5, 0),
(180, 6, 0, '2017-04-16', '4510', '0', 5, 0),
(181, 6, 0, '2017-04-17', '4510', '0', 5, 0),
(182, 6, 0, '2017-04-18', '4510', '0', 5, 0),
(183, 6, 0, '2017-04-19', '4510', '0', 5, 0),
(184, 6, 0, '2017-04-20', '4510', '0', 5, 0),
(185, 6, 0, '2017-04-21', '4510', '0', 5, 0),
(186, 6, 0, '2017-04-22', '4510', '0', 5, 0),
(187, 6, 0, '2017-04-23', '4510', '0', 5, 0),
(188, 6, 0, '2017-04-24', '4510', '0', 5, 0),
(189, 6, 0, '2017-04-25', '4510', '0', 5, 0),
(190, 6, 0, '2017-04-26', '4510', '0', 5, 0),
(191, 6, 0, '2017-04-27', '4510', '0', 5, 0),
(192, 6, 0, '2017-04-28', '4510', '0', 5, 0),
(193, 6, 0, '2017-04-29', '4510', '0', 5, 0),
(194, 6, 0, '2017-04-30', '4510', '0', 5, 0),
(195, 6, 0, '2017-05-01', '4510', '0', 5, 0),
(196, 6, 0, '2017-05-02', '4510', '0', 5, 0),
(197, 6, 0, '2017-05-03', '4510', '0', 5, 0),
(198, 6, 0, '2017-05-04', '4510', '0', 5, 0),
(199, 6, 0, '2017-05-05', '4510', '0', 5, 0),
(200, 6, 0, '2017-05-06', '4510', '0', 5, 0),
(201, 6, 0, '2017-05-07', '4510', '0', 5, 0),
(382, 12, 0, '2017-04-02', '3600', '0', 6, 0),
(383, 12, 0, '2017-04-03', '3600', '0', 6, 0),
(384, 12, 0, '2017-04-04', '3600', '0', 6, 0),
(385, 12, 0, '2017-04-05', '3600', '0', 6, 0),
(386, 12, 0, '2017-04-06', '3600', '0', 6, 0),
(387, 12, 0, '2017-04-07', '3600', '0', 6, 0),
(388, 12, 0, '2017-04-08', '3600', '0', 6, 0),
(389, 12, 0, '2017-04-09', '3600', '0', 6, 0),
(390, 12, 0, '2017-04-10', '3600', '0', 6, 0),
(391, 12, 0, '2017-04-11', '3600', '0', 6, 0),
(392, 12, 0, '2017-04-12', '3600', '0', 6, 0),
(393, 12, 0, '2017-04-13', '3600', '0', 6, 0),
(394, 12, 0, '2017-04-14', '3600', '0', 6, 0),
(395, 12, 0, '2017-04-15', '3600', '0', 6, 0),
(396, 12, 0, '2017-04-16', '3600', '0', 6, 0),
(397, 12, 0, '2017-04-17', '3600', '0', 6, 0),
(398, 12, 0, '2017-04-18', '3600', '0', 6, 0),
(399, 12, 0, '2017-04-19', '3600', '0', 6, 0),
(400, 12, 0, '2017-04-20', '3600', '0', 6, 0),
(401, 12, 0, '2017-04-21', '3600', '0', 6, 0),
(402, 12, 0, '2017-04-22', '3600', '0', 6, 0),
(403, 12, 0, '2017-04-23', '3600', '0', 6, 0),
(404, 12, 0, '2017-04-24', '3600', '0', 6, 0),
(405, 12, 0, '2017-04-25', '3600', '0', 6, 0),
(406, 12, 0, '2017-04-26', '3600', '0', 6, 0),
(407, 12, 0, '2017-04-27', '3600', '0', 6, 0),
(408, 12, 0, '2017-04-28', '3600', '0', 6, 0),
(409, 12, 0, '2017-04-29', '3600', '0', 6, 0),
(410, 12, 0, '2017-04-30', '3600', '0', 6, 0),
(411, 12, 0, '2017-05-01', '3600', '0', 6, 0),
(412, 12, 0, '2017-05-02', '3600', '0', 6, 0),
(413, 12, 0, '2017-05-03', '3600', '0', 6, 0),
(414, 12, 0, '2017-05-04', '3600', '0', 6, 0),
(415, 12, 0, '2017-05-05', '3600', '0', 6, 0),
(416, 12, 0, '2017-05-06', '3600', '0', 6, 0),
(417, 12, 0, '2017-05-07', '3600', '0', 6, 0),
(526, 16, 0, '2017-04-09', '4522', '0', 6, 0),
(527, 16, 0, '2017-04-10', '4522', '0', 6, 0),
(528, 16, 0, '2017-04-11', '4522', '0', 6, 0),
(529, 16, 0, '2017-04-12', '4522', '0', 6, 0),
(530, 16, 0, '2017-04-13', '4522', '0', 6, 0),
(531, 16, 0, '2017-04-14', '4522', '0', 6, 0),
(532, 16, 0, '2017-04-15', '4522', '0', 6, 0),
(533, 16, 0, '2017-04-16', '4522', '0', 6, 0),
(534, 16, 0, '2017-04-17', '4522', '0', 6, 0),
(535, 16, 0, '2017-04-18', '4522', '0', 6, 0),
(536, 16, 0, '2017-04-19', '4522', '0', 6, 0),
(537, 16, 0, '2017-04-20', '4522', '0', 6, 0),
(538, 16, 0, '2017-04-21', '4522', '0', 6, 0),
(539, 16, 0, '2017-04-22', '4522', '0', 6, 0),
(540, 16, 0, '2017-04-23', '4522', '0', 6, 0),
(541, 16, 0, '2017-04-24', '4522', '0', 6, 0),
(542, 16, 0, '2017-04-25', '4522', '0', 6, 0),
(543, 16, 0, '2017-04-26', '4522', '0', 6, 0),
(544, 16, 0, '2017-04-27', '4522', '0', 6, 0),
(545, 16, 0, '2017-04-28', '4522', '0', 6, 0),
(546, 16, 0, '2017-04-29', '4522', '0', 6, 0),
(547, 16, 0, '2017-04-30', '4522', '0', 6, 0),
(548, 16, 0, '2017-05-01', '4522', '0', 6, 0),
(549, 16, 0, '2017-05-02', '4522', '0', 6, 0),
(550, 16, 0, '2017-05-03', '4522', '0', 6, 0),
(551, 16, 0, '2017-05-04', '4522', '0', 6, 0),
(552, 16, 0, '2017-05-05', '4522', '0', 6, 0),
(553, 16, 0, '2017-05-06', '4522', '0', 6, 0),
(554, 16, 0, '2017-05-07', '4522', '0', 6, 0),
(555, 16, 0, '2017-05-08', '4522', '0', 6, 0),
(556, 16, 0, '2017-05-09', '4522', '0', 6, 0),
(557, 16, 0, '2017-05-10', '4522', '0', 6, 0),
(558, 16, 0, '2017-05-11', '4522', '0', 6, 0),
(559, 16, 0, '2017-05-12', '4522', '0', 6, 0),
(560, 16, 0, '2017-05-13', '4522', '0', 6, 0),
(561, 16, 0, '2017-05-14', '4522', '0', 6, 0),
(562, 17, 0, '2017-04-09', '5100', '0', 6, 0),
(563, 17, 0, '2017-04-10', '5100', '0', 6, 0),
(564, 17, 0, '2017-04-11', '5100', '0', 6, 0),
(565, 17, 0, '2017-04-12', '5100', '0', 6, 0),
(566, 17, 0, '2017-04-13', '5100', '0', 6, 0),
(567, 17, 0, '2017-04-14', '5100', '0', 6, 0),
(568, 17, 0, '2017-04-15', '5100', '0', 6, 0),
(569, 17, 0, '2017-04-16', '5100', '0', 6, 0),
(570, 17, 0, '2017-04-17', '5100', '0', 6, 0),
(571, 17, 0, '2017-04-18', '5100', '0', 6, 0),
(572, 17, 0, '2017-04-19', '5100', '0', 6, 0),
(573, 17, 0, '2017-04-20', '5100', '0', 6, 0),
(574, 17, 0, '2017-04-21', '5100', '0', 6, 0),
(575, 17, 0, '2017-04-22', '5100', '0', 6, 0),
(576, 17, 0, '2017-04-23', '5100', '0', 6, 0),
(577, 17, 0, '2017-04-24', '5100', '0', 6, 0),
(578, 17, 0, '2017-04-25', '5100', '0', 6, 0),
(579, 17, 0, '2017-04-26', '5100', '0', 6, 0),
(580, 17, 0, '2017-04-27', '5100', '0', 6, 0),
(581, 17, 0, '2017-04-28', '5100', '0', 6, 0),
(582, 17, 0, '2017-04-29', '5100', '0', 6, 0),
(583, 17, 0, '2017-04-30', '5100', '0', 6, 0),
(584, 17, 0, '2017-05-01', '5100', '0', 6, 0),
(585, 17, 0, '2017-05-02', '5100', '0', 6, 0),
(586, 17, 0, '2017-05-03', '5100', '0', 6, 0),
(587, 17, 0, '2017-05-04', '5100', '0', 6, 0),
(588, 17, 0, '2017-05-05', '5100', '0', 6, 0),
(589, 17, 0, '2017-05-06', '5100', '0', 6, 0),
(590, 17, 0, '2017-05-07', '5100', '0', 6, 0),
(591, 17, 0, '2017-05-08', '5100', '0', 6, 0),
(592, 17, 0, '2017-05-09', '5100', '0', 6, 0),
(593, 17, 0, '2017-05-10', '5100', '0', 6, 0),
(594, 17, 0, '2017-05-11', '5100', '0', 6, 0),
(595, 17, 0, '2017-05-12', '5100', '0', 6, 0),
(596, 17, 0, '2017-05-13', '5100', '0', 6, 0),
(597, 17, 0, '2017-05-14', '5100', '0', 6, 0),
(598, 18, 0, '2017-04-09', '3910', '0', 6, 0),
(599, 18, 0, '2017-04-10', '3910', '0', 6, 0),
(600, 18, 0, '2017-04-11', '3910', '0', 6, 0),
(601, 18, 0, '2017-04-12', '3910', '0', 6, 0),
(602, 18, 0, '2017-04-13', '3910', '0', 6, 0),
(603, 18, 0, '2017-04-14', '3910', '0', 6, 0),
(604, 18, 0, '2017-04-15', '3910', '0', 6, 0),
(605, 18, 0, '2017-04-16', '3910', '0', 6, 0),
(606, 18, 0, '2017-04-17', '3910', '0', 6, 0),
(607, 18, 0, '2017-04-18', '3910', '0', 6, 0),
(608, 18, 0, '2017-04-19', '3910', '0', 6, 0),
(609, 18, 0, '2017-04-20', '3910', '0', 6, 0),
(610, 18, 0, '2017-04-21', '3910', '0', 6, 0),
(611, 18, 0, '2017-04-22', '3910', '0', 6, 0),
(612, 18, 0, '2017-04-23', '3910', '0', 6, 0),
(613, 18, 0, '2017-04-24', '3910', '0', 6, 0),
(614, 18, 0, '2017-04-25', '3910', '0', 6, 0),
(615, 18, 0, '2017-04-26', '3910', '0', 6, 0),
(616, 18, 0, '2017-04-27', '3910', '0', 6, 0),
(617, 18, 0, '2017-04-28', '3910', '0', 6, 0),
(618, 18, 0, '2017-04-29', '3910', '0', 6, 0),
(619, 18, 0, '2017-04-30', '3910', '0', 6, 0),
(620, 18, 0, '2017-05-01', '3910', '0', 6, 0),
(621, 18, 0, '2017-05-02', '3910', '0', 6, 0),
(622, 18, 0, '2017-05-03', '3910', '0', 6, 0),
(623, 18, 0, '2017-05-04', '3910', '0', 6, 0),
(624, 18, 0, '2017-05-05', '3910', '0', 6, 0),
(625, 18, 0, '2017-05-06', '3910', '0', 6, 0),
(626, 18, 0, '2017-05-07', '3910', '0', 6, 0),
(627, 18, 0, '2017-05-08', '3910', '0', 6, 0),
(628, 18, 0, '2017-05-09', '3910', '0', 6, 0),
(629, 18, 0, '2017-05-10', '3910', '0', 6, 0),
(630, 18, 0, '2017-05-11', '3910', '0', 6, 0),
(631, 18, 0, '2017-05-12', '3910', '0', 6, 0),
(632, 18, 0, '2017-05-13', '3910', '0', 6, 0),
(633, 18, 0, '2017-05-14', '3910', '0', 6, 0),
(763, 22, 0, '2017-04-09', '4220', '0', 6, 0),
(764, 22, 0, '2017-04-10', '4220', '0', 6, 0),
(765, 22, 0, '2017-04-11', '4220', '0', 6, 0),
(766, 22, 0, '2017-04-12', '4220', '0', 6, 0),
(767, 22, 0, '2017-04-13', '4220', '0', 6, 0),
(768, 22, 0, '2017-04-14', '4220', '0', 6, 0),
(769, 22, 0, '2017-04-15', '4220', '0', 6, 0),
(770, 22, 0, '2017-04-16', '4220', '0', 6, 0),
(771, 22, 0, '2017-04-17', '4220', '0', 6, 0),
(772, 22, 0, '2017-04-18', '4220', '0', 6, 0),
(773, 22, 0, '2017-04-19', '4220', '0', 6, 0),
(774, 22, 0, '2017-04-20', '4220', '0', 6, 0),
(775, 22, 0, '2017-04-21', '4220', '0', 6, 0),
(776, 22, 0, '2017-04-22', '4220', '0', 6, 0),
(777, 22, 0, '2017-04-23', '4220', '0', 6, 0),
(778, 22, 0, '2017-04-24', '4220', '0', 6, 0),
(779, 22, 0, '2017-04-25', '4220', '0', 6, 0),
(780, 22, 0, '2017-04-26', '4220', '0', 6, 0),
(781, 22, 0, '2017-04-27', '4220', '0', 6, 0),
(782, 22, 0, '2017-04-28', '4220', '0', 6, 0),
(783, 22, 0, '2017-04-29', '4220', '0', 6, 0),
(784, 22, 0, '2017-04-30', '4220', '0', 6, 0),
(785, 22, 0, '2017-05-01', '4220', '0', 6, 0),
(786, 22, 0, '2017-05-02', '4220', '0', 6, 0),
(787, 22, 0, '2017-05-03', '4220', '0', 6, 0),
(788, 22, 0, '2017-05-04', '4220', '0', 6, 0),
(789, 22, 0, '2017-05-05', '4220', '0', 6, 0),
(790, 22, 0, '2017-05-06', '4220', '0', 6, 0),
(791, 22, 0, '2017-05-07', '4220', '0', 6, 0),
(792, 22, 0, '2017-05-08', '4220', '0', 6, 0),
(793, 22, 0, '2017-05-09', '4220', '0', 6, 0),
(794, 22, 0, '2017-05-10', '4220', '0', 6, 0),
(795, 22, 0, '2017-05-11', '4220', '0', 6, 0),
(796, 22, 0, '2017-05-12', '4220', '0', 6, 0),
(797, 22, 0, '2017-05-13', '4220', '0', 6, 0),
(798, 22, 0, '2017-05-14', '4220', '0', 6, 0),
(799, 23, 0, '2017-04-09', '4820', '0', 5, 0),
(800, 23, 0, '2017-04-10', '4820', '0', 5, 0),
(801, 23, 0, '2017-04-11', '0', '0', 5, 0),
(802, 23, 0, '2017-04-12', '4820', '0', 5, 0),
(803, 23, 0, '2017-04-13', '4820', '0', 5, 0),
(804, 23, 0, '2017-04-14', '4820', '0', 5, 0),
(805, 23, 0, '2017-04-15', '4820', '0', 5, 0),
(806, 23, 0, '2017-04-16', '4820', '0', 5, 0),
(807, 23, 0, '2017-04-17', '4820', '0', 5, 0),
(808, 23, 0, '2017-04-18', '0', '0', 5, 0),
(809, 23, 0, '2017-04-19', '4820', '0', 5, 0),
(810, 23, 0, '2017-04-20', '4820', '0', 5, 0),
(811, 23, 0, '2017-04-21', '4820', '0', 5, 0),
(812, 23, 0, '2017-04-22', '4820', '0', 5, 0),
(813, 23, 0, '2017-04-23', '4820', '0', 5, 0),
(814, 23, 0, '2017-04-24', '4820', '0', 5, 0),
(815, 23, 0, '2017-04-25', '0', '0', 5, 0),
(816, 23, 0, '2017-04-26', '4820', '0', 5, 0),
(817, 23, 0, '2017-04-27', '4820', '0', 5, 0),
(818, 23, 0, '2017-04-28', '4820', '0', 5, 0),
(819, 23, 0, '2017-04-29', '4820', '0', 5, 0),
(820, 23, 0, '2017-04-30', '4820', '0', 5, 0),
(821, 23, 0, '2017-05-01', '4820', '0', 5, 0),
(822, 23, 0, '2017-05-02', '0', '0', 5, 0),
(823, 23, 0, '2017-05-03', '4820', '0', 5, 0),
(824, 23, 0, '2017-05-04', '4820', '0', 5, 0),
(825, 23, 0, '2017-05-05', '4820', '0', 5, 0),
(826, 23, 0, '2017-05-06', '4820', '0', 5, 0),
(827, 23, 0, '2017-05-07', '4820', '0', 5, 0),
(828, 23, 0, '2017-05-08', '4820', '0', 5, 0),
(829, 23, 0, '2017-05-09', '0', '0', 5, 0),
(830, 23, 0, '2017-05-10', '4820', '0', 5, 0),
(831, 23, 0, '2017-05-11', '4820', '0', 5, 0),
(832, 23, 0, '2017-05-12', '4820', '0', 5, 0),
(833, 23, 0, '2017-05-13', '4820', '0', 5, 0),
(834, 23, 0, '2017-05-14', '4820', '0', 5, 0),
(835, 24, 0, '2017-04-09', '4115', '0', 5, 0),
(836, 24, 0, '2017-04-10', '4115', '0', 5, 0),
(837, 24, 0, '2017-04-11', '4115', '0', 5, 0),
(838, 24, 0, '2017-04-12', '4115', '0', 5, 0),
(839, 24, 0, '2017-04-13', '4115', '0', 5, 0),
(840, 24, 0, '2017-04-14', '4115', '0', 5, 0),
(841, 24, 0, '2017-04-15', '4115', '0', 5, 0),
(842, 24, 0, '2017-04-16', '4115', '0', 5, 0),
(843, 24, 0, '2017-04-17', '4115', '0', 5, 0),
(844, 24, 0, '2017-04-18', '4115', '0', 5, 0),
(845, 24, 0, '2017-04-19', '4115', '0', 5, 0),
(846, 24, 0, '2017-04-20', '4115', '0', 5, 0),
(847, 24, 0, '2017-04-21', '4115', '0', 5, 0),
(848, 24, 0, '2017-04-22', '4115', '0', 5, 0),
(849, 24, 0, '2017-04-23', '4115', '0', 5, 0),
(850, 24, 0, '2017-04-24', '4115', '0', 5, 0),
(851, 24, 0, '2017-04-25', '4115', '0', 5, 0),
(852, 24, 0, '2017-04-26', '4115', '0', 5, 0),
(853, 24, 0, '2017-04-27', '4115', '0', 5, 0),
(854, 24, 0, '2017-04-28', '4115', '0', 5, 0),
(855, 24, 0, '2017-04-29', '4115', '0', 5, 0),
(856, 24, 0, '2017-04-30', '4115', '0', 5, 0),
(857, 24, 0, '2017-05-01', '4115', '0', 5, 0),
(858, 24, 0, '2017-05-02', '4115', '0', 5, 0),
(859, 24, 0, '2017-05-03', '4115', '0', 5, 0),
(860, 24, 0, '2017-05-04', '4115', '0', 5, 0),
(861, 24, 0, '2017-05-05', '4115', '0', 5, 0),
(862, 24, 0, '2017-05-06', '4115', '0', 5, 0),
(863, 24, 0, '2017-05-07', '4115', '0', 5, 0),
(864, 24, 0, '2017-05-08', '4115', '0', 5, 0),
(865, 24, 0, '2017-05-09', '4115', '0', 5, 0),
(866, 24, 0, '2017-05-10', '4115', '0', 5, 0),
(867, 24, 0, '2017-05-11', '4115', '0', 5, 0),
(868, 24, 0, '2017-05-12', '4115', '0', 5, 0),
(869, 24, 0, '2017-05-13', '4115', '0', 5, 0),
(870, 24, 0, '2017-05-14', '4115', '0', 5, 0),
(1216, 34, 0, '2017-04-10', '6000', '0', 5, 0),
(1217, 34, 0, '2017-04-11', '6000', '0', 5, 0),
(1218, 34, 0, '2017-04-12', '6000', '0', 5, 0),
(1219, 34, 0, '2017-04-13', '6000', '0', 5, 0),
(1220, 34, 0, '2017-04-14', '6000', '0', 5, 0),
(1221, 34, 0, '2017-04-15', '6000', '0', 5, 0),
(1222, 34, 0, '2017-04-16', '6000', '0', 5, 0),
(1223, 34, 0, '2017-04-17', '6000', '0', 5, 0),
(1224, 34, 0, '2017-04-18', '6000', '0', 5, 0),
(1225, 34, 0, '2017-04-19', '6000', '0', 5, 0),
(1226, 34, 0, '2017-04-20', '6000', '0', 5, 0),
(1227, 34, 0, '2017-04-21', '6000', '0', 5, 0),
(1228, 34, 0, '2017-04-22', '6000', '0', 5, 0),
(1229, 34, 0, '2017-04-23', '6000', '0', 5, 0),
(1230, 34, 0, '2017-04-24', '6000', '0', 5, 0),
(1231, 34, 0, '2017-04-25', '6000', '0', 5, 0),
(1232, 34, 0, '2017-04-26', '6000', '0', 5, 0),
(1233, 34, 0, '2017-04-27', '6000', '0', 5, 0),
(1234, 34, 0, '2017-04-28', '6000', '0', 5, 0),
(1235, 34, 0, '2017-04-29', '6000', '0', 5, 0),
(1236, 34, 0, '2017-04-30', '6000', '0', 5, 0),
(1237, 34, 0, '2017-05-01', '6000', '0', 5, 0),
(1238, 34, 0, '2017-05-02', '6000', '0', 5, 0),
(1239, 34, 0, '2017-05-03', '6000', '0', 5, 0),
(1240, 34, 0, '2017-05-04', '6000', '0', 5, 0),
(1241, 34, 0, '2017-05-05', '6000', '0', 5, 0),
(1242, 34, 0, '2017-05-06', '6000', '0', 5, 0),
(1243, 34, 0, '2017-05-07', '6000', '0', 5, 0),
(1244, 34, 0, '2017-05-08', '6000', '0', 5, 0),
(1245, 34, 0, '2017-05-09', '6000', '0', 5, 0),
(1246, 34, 0, '2017-05-10', '6000', '0', 5, 0),
(1247, 34, 0, '2017-05-11', '6000', '0', 5, 0),
(1248, 34, 0, '2017-05-12', '6000', '0', 5, 0),
(1249, 34, 0, '2017-05-13', '6000', '0', 5, 0),
(1250, 34, 0, '2017-05-14', '6000', '0', 5, 0),
(1251, 34, 0, '2017-05-15', '6000', '0', 5, 0),
(1252, 34, 0, '2017-05-16', '6000', '0', 5, 0),
(1253, 34, 0, '2017-05-17', '6000', '0', 5, 0),
(1254, 34, 0, '2017-05-18', '6000', '0', 5, 0),
(1255, 34, 0, '2017-05-19', '6000', '0', 5, 0),
(1256, 34, 0, '2017-05-20', '6000', '0', 5, 0),
(1257, 34, 0, '2017-05-21', '6000', '0', 5, 0),
(1258, 34, 0, '2017-05-22', '6000', '0', 5, 0),
(1259, 34, 0, '2017-05-23', '6000', '0', 5, 0),
(1260, 34, 0, '2017-05-24', '6000', '0', 5, 0),
(1261, 35, 0, '2017-04-10', '6400', '0', 5, 0),
(1262, 35, 0, '2017-04-11', '6400', '0', 5, 0),
(1263, 35, 0, '2017-04-12', '6400', '0', 5, 0),
(1264, 35, 0, '2017-04-13', '6400', '0', 5, 0),
(1265, 35, 0, '2017-04-14', '6400', '0', 5, 0),
(1266, 35, 0, '2017-04-15', '6400', '0', 5, 0),
(1267, 35, 0, '2017-04-16', '6400', '0', 5, 0),
(1268, 35, 0, '2017-04-17', '6400', '0', 5, 0),
(1269, 35, 0, '2017-04-18', '6400', '0', 5, 0),
(1270, 35, 0, '2017-04-19', '6400', '0', 5, 0),
(1271, 35, 0, '2017-04-20', '6400', '0', 5, 0),
(1272, 35, 0, '2017-04-21', '6400', '0', 5, 0),
(1273, 35, 0, '2017-04-22', '6400', '0', 5, 0),
(1274, 35, 0, '2017-04-23', '6400', '0', 5, 0),
(1275, 35, 0, '2017-04-24', '6400', '0', 5, 0),
(1276, 35, 0, '2017-04-25', '6400', '0', 5, 0),
(1277, 35, 0, '2017-04-26', '6400', '0', 5, 0),
(1278, 35, 0, '2017-04-27', '6400', '0', 5, 0),
(1279, 35, 0, '2017-04-28', '6400', '0', 5, 0),
(1280, 35, 0, '2017-04-29', '6400', '0', 5, 0),
(1281, 35, 0, '2017-04-30', '6400', '0', 5, 0),
(1282, 35, 0, '2017-05-01', '6400', '0', 5, 0),
(1283, 35, 0, '2017-05-02', '6400', '0', 5, 0),
(1284, 35, 0, '2017-05-03', '6400', '0', 5, 0),
(1285, 35, 0, '2017-05-04', '6400', '0', 5, 0),
(1286, 35, 0, '2017-05-05', '6400', '0', 5, 0),
(1287, 35, 0, '2017-05-06', '6400', '0', 5, 0),
(1288, 35, 0, '2017-05-07', '6400', '0', 5, 0),
(1289, 35, 0, '2017-05-08', '6400', '0', 5, 0),
(1290, 35, 0, '2017-05-09', '6400', '0', 5, 0),
(1291, 35, 0, '2017-05-10', '6400', '0', 5, 0),
(1292, 35, 0, '2017-05-11', '6400', '0', 5, 0),
(1293, 35, 0, '2017-05-12', '6400', '0', 5, 0),
(1294, 35, 0, '2017-05-13', '6400', '0', 5, 0),
(1295, 35, 0, '2017-05-14', '6400', '0', 5, 0),
(1296, 35, 0, '2017-05-15', '6400', '0', 5, 0),
(1297, 35, 0, '2017-05-16', '6400', '0', 5, 0),
(1298, 35, 0, '2017-05-17', '6400', '0', 5, 0),
(1299, 35, 0, '2017-05-18', '6400', '0', 5, 0),
(1300, 35, 0, '2017-05-19', '6400', '0', 5, 0),
(1301, 35, 0, '2017-05-20', '6400', '0', 5, 0),
(1302, 35, 0, '2017-05-21', '6400', '0', 5, 0),
(1303, 35, 0, '2017-05-22', '6400', '0', 5, 0),
(1304, 35, 0, '2017-05-23', '6400', '0', 5, 0),
(1305, 35, 0, '2017-05-24', '6400', '0', 5, 0),
(1306, 36, 0, '2017-04-10', '5000', '0', 5, 0),
(1307, 36, 0, '2017-04-11', '5000', '0', 5, 0),
(1308, 36, 0, '2017-04-12', '5000', '0', 5, 0),
(1309, 36, 0, '2017-04-13', '5000', '0', 5, 0),
(1310, 36, 0, '2017-04-14', '5000', '0', 5, 0),
(1311, 36, 0, '2017-04-15', '5000', '0', 5, 0),
(1312, 36, 0, '2017-04-16', '5000', '0', 5, 0),
(1313, 36, 0, '2017-04-17', '5000', '0', 5, 0),
(1314, 36, 0, '2017-04-18', '5000', '0', 5, 0),
(1315, 36, 0, '2017-04-19', '5000', '0', 5, 0),
(1316, 36, 0, '2017-04-20', '5000', '0', 5, 0),
(1317, 36, 0, '2017-04-21', '5000', '0', 5, 0),
(1318, 36, 0, '2017-04-22', '5000', '0', 5, 0),
(1319, 36, 0, '2017-04-23', '5000', '0', 5, 0),
(1320, 36, 0, '2017-04-24', '5000', '0', 5, 0),
(1321, 36, 0, '2017-04-25', '5000', '0', 5, 0),
(1322, 36, 0, '2017-04-26', '5000', '0', 5, 0),
(1323, 36, 0, '2017-04-27', '5000', '0', 5, 0),
(1324, 36, 0, '2017-04-28', '5000', '0', 5, 0),
(1325, 36, 0, '2017-04-29', '5000', '0', 5, 0),
(1326, 36, 0, '2017-04-30', '5000', '0', 5, 0),
(1327, 36, 0, '2017-05-01', '5000', '0', 5, 0),
(1328, 36, 0, '2017-05-02', '5000', '0', 5, 0),
(1329, 36, 0, '2017-05-03', '5000', '0', 5, 0),
(1330, 36, 0, '2017-05-04', '5000', '0', 5, 0),
(1331, 36, 0, '2017-05-05', '5000', '0', 5, 0),
(1332, 36, 0, '2017-05-06', '5000', '0', 5, 0),
(1333, 36, 0, '2017-05-07', '5000', '0', 5, 0),
(1334, 36, 0, '2017-05-08', '5000', '0', 5, 0),
(1335, 36, 0, '2017-05-09', '5000', '0', 5, 0),
(1336, 36, 0, '2017-05-10', '5000', '0', 5, 0),
(1337, 36, 0, '2017-05-11', '5000', '0', 5, 0),
(1338, 36, 0, '2017-05-12', '5000', '0', 5, 0),
(1339, 36, 0, '2017-05-13', '5000', '0', 5, 0),
(1340, 36, 0, '2017-05-14', '5000', '0', 5, 0),
(1341, 36, 0, '2017-05-15', '5000', '0', 5, 0),
(1342, 36, 0, '2017-05-16', '5000', '0', 5, 0),
(1343, 36, 0, '2017-05-17', '5000', '0', 5, 0),
(1344, 36, 0, '2017-05-18', '5000', '0', 5, 0),
(1345, 36, 0, '2017-05-19', '5000', '0', 5, 0),
(1346, 36, 0, '2017-05-20', '5000', '0', 5, 0),
(1347, 36, 0, '2017-05-21', '5000', '0', 5, 0),
(1348, 36, 0, '2017-05-22', '5000', '0', 5, 0),
(1349, 36, 0, '2017-05-23', '5000', '0', 5, 0),
(1350, 36, 0, '2017-05-24', '5000', '0', 5, 0),
(1570, 43, 0, '2017-04-08', '4700', '0', 1, 0),
(1571, 43, 0, '2017-04-09', '4700', '0', 1, 0),
(1572, 43, 0, '2017-04-10', '4700', '0', 1, 0),
(1573, 43, 0, '2017-04-11', '4700', '0', 1, 0),
(1574, 43, 0, '2017-04-12', '4700', '0', 1, 0),
(1575, 43, 0, '2017-04-13', '4700', '0', 1, 0),
(1576, 43, 0, '2017-04-14', '4700', '0', 1, 0),
(1577, 43, 0, '2017-04-15', '4700', '0', 1, 0),
(1578, 43, 0, '2017-04-16', '4700', '0', 1, 0),
(1579, 43, 0, '2017-04-17', '4700', '0', 1, 0),
(1580, 43, 0, '2017-04-18', '4700', '0', 1, 0),
(1581, 43, 0, '2017-04-19', '4700', '0', 1, 0),
(1582, 43, 0, '2017-04-20', '4700', '0', 1, 0),
(1583, 43, 0, '2017-04-21', '4700', '0', 1, 0),
(1584, 43, 0, '2017-04-22', '4700', '0', 1, 0),
(1585, 43, 0, '2017-04-23', '4700', '0', 1, 0),
(1586, 43, 0, '2017-04-24', '4700', '0', 1, 0),
(1587, 43, 0, '2017-04-25', '4700', '0', 1, 0),
(1588, 43, 0, '2017-04-26', '4700', '0', 1, 0),
(1589, 43, 0, '2017-04-27', '4700', '0', 1, 0),
(1590, 43, 0, '2017-04-28', '4700', '0', 1, 0),
(1591, 43, 0, '2017-04-29', '4700', '0', 1, 0),
(1592, 43, 0, '2017-04-30', '4700', '0', 1, 0),
(1593, 43, 0, '2017-05-01', '4700', '0', 1, 0),
(1594, 43, 0, '2017-05-02', '4700', '0', 1, 0),
(1595, 43, 0, '2017-05-03', '4700', '0', 1, 0),
(1596, 43, 0, '2017-05-04', '4700', '0', 1, 0),
(1597, 43, 0, '2017-05-05', '4700', '0', 1, 0),
(1598, 43, 0, '2017-05-06', '4700', '0', 1, 0),
(1599, 43, 0, '2017-05-07', '4700', '0', 1, 0),
(1600, 43, 0, '2017-05-08', '4700', '0', 1, 0),
(1601, 43, 0, '2017-05-09', '4700', '0', 1, 0),
(1602, 43, 0, '2017-05-10', '4700', '0', 1, 0),
(1603, 43, 0, '2017-05-11', '4700', '0', 1, 0),
(1604, 43, 0, '2017-05-12', '4700', '0', 1, 0),
(1605, 43, 0, '2017-05-13', '4700', '0', 1, 0),
(1606, 43, 0, '2017-05-14', '4700', '0', 1, 0),
(1607, 43, 0, '2017-05-15', '4700', '0', 1, 0),
(1608, 43, 0, '2017-05-16', '4700', '0', 1, 0),
(1609, 43, 0, '2017-05-17', '4700', '0', 1, 0),
(1610, 43, 0, '2017-05-18', '4700', '0', 1, 0),
(1611, 43, 0, '2017-05-19', '4700', '0', 1, 0),
(1612, 43, 0, '2017-05-20', '4700', '0', 1, 0),
(1613, 44, 0, '2017-04-08', '5000', '0', 5, 0),
(1614, 44, 0, '2017-04-09', '5000', '0', 5, 0),
(1615, 44, 0, '2017-04-10', '5000', '0', 5, 0),
(1616, 44, 0, '2017-04-11', '5000', '0', 5, 0),
(1617, 44, 0, '2017-04-12', '5000', '0', 5, 0),
(1618, 44, 0, '2017-04-13', '5000', '0', 5, 0),
(1619, 44, 0, '2017-04-14', '5000', '0', 5, 0),
(1620, 44, 0, '2017-04-15', '5000', '0', 5, 0),
(1621, 44, 0, '2017-04-16', '5000', '0', 5, 0),
(1622, 44, 0, '2017-04-17', '5000', '0', 5, 0),
(1623, 44, 0, '2017-04-18', '5000', '0', 5, 0),
(1624, 44, 0, '2017-04-19', '5000', '0', 5, 0),
(1625, 44, 0, '2017-04-20', '5000', '0', 5, 0),
(1626, 44, 0, '2017-04-21', '5000', '0', 5, 0),
(1627, 44, 0, '2017-04-22', '5000', '0', 5, 0),
(1628, 44, 0, '2017-04-23', '5000', '0', 5, 0),
(1629, 44, 0, '2017-04-24', '5000', '0', 5, 0),
(1630, 44, 0, '2017-04-25', '5000', '0', 5, 0),
(1631, 44, 0, '2017-04-26', '5000', '0', 5, 0),
(1632, 44, 0, '2017-04-27', '5000', '0', 5, 0),
(1633, 44, 0, '2017-04-28', '5000', '0', 5, 0),
(1634, 44, 0, '2017-04-29', '5000', '0', 5, 0),
(1635, 44, 0, '2017-04-30', '5000', '0', 5, 0),
(1636, 44, 0, '2017-05-01', '5000', '0', 5, 0),
(1637, 44, 0, '2017-05-02', '5000', '0', 5, 0),
(1638, 44, 0, '2017-05-03', '5000', '0', 5, 0),
(1639, 44, 0, '2017-05-04', '5000', '0', 5, 0),
(1640, 44, 0, '2017-05-05', '5000', '0', 5, 0),
(1641, 44, 0, '2017-05-06', '5000', '0', 5, 0),
(1642, 44, 0, '2017-05-07', '5000', '0', 5, 0),
(1643, 44, 0, '2017-05-08', '5000', '0', 5, 0),
(1644, 44, 0, '2017-05-09', '5000', '0', 5, 0),
(1645, 44, 0, '2017-05-10', '5000', '0', 5, 0),
(1646, 44, 0, '2017-05-11', '5000', '0', 5, 0),
(1647, 44, 0, '2017-05-12', '5000', '0', 5, 0),
(1648, 44, 0, '2017-05-13', '5000', '0', 5, 0),
(1649, 44, 0, '2017-05-14', '5000', '0', 5, 0),
(1650, 44, 0, '2017-05-15', '5000', '0', 5, 0),
(1651, 44, 0, '2017-05-16', '5000', '0', 5, 0),
(1652, 44, 0, '2017-05-17', '5000', '0', 5, 0),
(1653, 44, 0, '2017-05-18', '5000', '0', 5, 0),
(1654, 44, 0, '2017-05-19', '5000', '0', 5, 0),
(1655, 44, 0, '2017-05-20', '5000', '0', 5, 0),
(1656, 45, 0, '2017-04-08', '4000', '0', 5, 0),
(1657, 45, 0, '2017-04-09', '4000', '0', 5, 0),
(1658, 45, 0, '2017-04-10', '4000', '0', 5, 0),
(1659, 45, 0, '2017-04-11', '4000', '0', 5, 0),
(1660, 45, 0, '2017-04-12', '4000', '0', 5, 0),
(1661, 45, 0, '2017-04-13', '4000', '0', 5, 0),
(1662, 45, 0, '2017-04-14', '4000', '0', 5, 0),
(1663, 45, 0, '2017-04-15', '4000', '0', 5, 0),
(1664, 45, 0, '2017-04-16', '4000', '0', 5, 0),
(1665, 45, 0, '2017-04-17', '4000', '0', 5, 0),
(1666, 45, 0, '2017-04-18', '4000', '0', 5, 0),
(1667, 45, 0, '2017-04-19', '4000', '0', 5, 0),
(1668, 45, 0, '2017-04-20', '4000', '0', 5, 0),
(1669, 45, 0, '2017-04-21', '4000', '0', 5, 0),
(1670, 45, 0, '2017-04-22', '4000', '0', 5, 0),
(1671, 45, 0, '2017-04-23', '4000', '0', 5, 0),
(1672, 45, 0, '2017-04-24', '4000', '0', 5, 0),
(1673, 45, 0, '2017-04-25', '4000', '0', 5, 0),
(1674, 45, 0, '2017-04-26', '4000', '0', 5, 0),
(1675, 45, 0, '2017-04-27', '4000', '0', 5, 0),
(1676, 45, 0, '2017-04-28', '4000', '0', 5, 0),
(1677, 45, 0, '2017-04-29', '4000', '0', 5, 0),
(1678, 45, 0, '2017-04-30', '4000', '0', 5, 0),
(1679, 45, 0, '2017-05-01', '4000', '0', 5, 0),
(1680, 45, 0, '2017-05-02', '4000', '0', 5, 0),
(1681, 45, 0, '2017-05-03', '4000', '0', 5, 0),
(1682, 45, 0, '2017-05-04', '4000', '0', 5, 0),
(1683, 45, 0, '2017-05-05', '4000', '0', 5, 0),
(1684, 45, 0, '2017-05-06', '4000', '0', 5, 0),
(1685, 45, 0, '2017-05-07', '4000', '0', 5, 0),
(1686, 45, 0, '2017-05-08', '4000', '0', 5, 0),
(1687, 45, 0, '2017-05-09', '4000', '0', 5, 0),
(1688, 45, 0, '2017-05-10', '4000', '0', 5, 0),
(1689, 45, 0, '2017-05-11', '4000', '0', 5, 0),
(1690, 45, 0, '2017-05-12', '4000', '0', 5, 0),
(1691, 45, 0, '2017-05-13', '4000', '0', 5, 0),
(1692, 45, 0, '2017-05-14', '4000', '0', 5, 0),
(1693, 45, 0, '2017-05-15', '4000', '0', 5, 0),
(1694, 45, 0, '2017-05-16', '4000', '0', 5, 0),
(1695, 45, 0, '2017-05-17', '4000', '0', 5, 0),
(1696, 45, 0, '2017-05-18', '4000', '0', 5, 0),
(1697, 45, 0, '2017-05-19', '4000', '0', 5, 0),
(1698, 45, 0, '2017-05-20', '4000', '0', 5, 0),
(1960, 52, 0, '2017-04-10', '4000', '0', 6, 0),
(1961, 52, 0, '2017-04-11', '4000', '0', 6, 0),
(1962, 52, 0, '2017-04-12', '4000', '0', 6, 0),
(1963, 52, 0, '2017-04-13', '4000', '0', 6, 0),
(1964, 52, 0, '2017-04-14', '4000', '0', 6, 0),
(1965, 52, 0, '2017-04-15', '4000', '0', 6, 0),
(1966, 52, 0, '2017-04-16', '4000', '0', 6, 0),
(1967, 52, 0, '2017-04-17', '4000', '0', 6, 0),
(1968, 52, 0, '2017-04-18', '4000', '0', 6, 0),
(1969, 52, 0, '2017-04-19', '4000', '0', 6, 0),
(1970, 52, 0, '2017-04-20', '4000', '0', 6, 0),
(1971, 52, 0, '2017-04-21', '4000', '0', 6, 0),
(1972, 52, 0, '2017-04-22', '4000', '0', 6, 0),
(1973, 52, 0, '2017-04-23', '4000', '0', 6, 0),
(1974, 52, 0, '2017-04-24', '4000', '0', 6, 0),
(1975, 52, 0, '2017-04-25', '4000', '0', 6, 0),
(1976, 52, 0, '2017-04-26', '4000', '0', 6, 0),
(1977, 52, 0, '2017-04-27', '4000', '0', 6, 0),
(1978, 52, 0, '2017-04-28', '4000', '0', 6, 0),
(1979, 52, 0, '2017-04-29', '4000', '0', 6, 0),
(1980, 52, 0, '2017-04-30', '4000', '0', 6, 0),
(1981, 52, 0, '2017-05-01', '4000', '0', 6, 0),
(1982, 52, 0, '2017-05-02', '4000', '0', 6, 0),
(1983, 52, 0, '2017-05-03', '4000', '0', 6, 0),
(1984, 52, 0, '2017-05-04', '4000', '0', 6, 0),
(1985, 52, 0, '2017-05-05', '4000', '0', 6, 0),
(1986, 52, 0, '2017-05-06', '4000', '0', 6, 0),
(1987, 52, 0, '2017-05-07', '4000', '0', 6, 0),
(1988, 52, 0, '2017-05-08', '4000', '0', 6, 0),
(1989, 52, 0, '2017-05-09', '4000', '0', 6, 0),
(1990, 52, 0, '2017-05-10', '4000', '0', 6, 0),
(1991, 52, 0, '2017-05-11', '4000', '0', 6, 0),
(1992, 52, 0, '2017-05-12', '4000', '0', 6, 0),
(1993, 52, 0, '2017-05-13', '4000', '0', 6, 0),
(1994, 52, 0, '2017-05-14', '4000', '0', 6, 0),
(1995, 52, 0, '2017-05-15', '4000', '0', 6, 0),
(1996, 52, 0, '2017-05-16', '4000', '0', 6, 0),
(1997, 52, 0, '2017-05-17', '4000', '0', 6, 0),
(1998, 52, 0, '2017-05-18', '4000', '0', 6, 0),
(1999, 52, 0, '2017-05-19', '4000', '0', 6, 0),
(2000, 52, 0, '2017-05-20', '4000', '0', 6, 0),
(2001, 52, 0, '2017-05-21', '4000', '0', 6, 0),
(2002, 52, 0, '2017-05-22', '4000', '0', 6, 0),
(2003, 53, 0, '2017-04-10', '3900', '0', 5, 0),
(2004, 53, 0, '2017-04-11', '3900', '0', 5, 0),
(2005, 53, 0, '2017-04-12', '3900', '0', 5, 0),
(2006, 53, 0, '2017-04-13', '3900', '0', 5, 0),
(2007, 53, 0, '2017-04-14', '3900', '0', 5, 0),
(2008, 53, 0, '2017-04-15', '3900', '0', 5, 0),
(2009, 53, 0, '2017-04-16', '3900', '0', 5, 0),
(2010, 53, 0, '2017-04-17', '3900', '0', 5, 0),
(2011, 53, 0, '2017-04-18', '3900', '0', 5, 0),
(2012, 53, 0, '2017-04-19', '3900', '0', 5, 0),
(2013, 53, 0, '2017-04-20', '3900', '0', 5, 0),
(2014, 53, 0, '2017-04-21', '3900', '0', 5, 0),
(2015, 53, 0, '2017-04-22', '3900', '0', 5, 0),
(2016, 53, 0, '2017-04-23', '3900', '0', 5, 0),
(2017, 53, 0, '2017-04-24', '3900', '0', 5, 0),
(2018, 53, 0, '2017-04-25', '3900', '0', 5, 0),
(2019, 53, 0, '2017-04-26', '3900', '0', 5, 0),
(2020, 53, 0, '2017-04-27', '3900', '0', 5, 0),
(2021, 53, 0, '2017-04-28', '3900', '0', 5, 0),
(2022, 53, 0, '2017-04-29', '3900', '0', 5, 0),
(2023, 53, 0, '2017-04-30', '3900', '0', 5, 0),
(2024, 53, 0, '2017-05-01', '3900', '0', 5, 0),
(2025, 53, 0, '2017-05-02', '3900', '0', 5, 0),
(2026, 53, 0, '2017-05-03', '3900', '0', 5, 0),
(2027, 53, 0, '2017-05-04', '3900', '0', 5, 0),
(2028, 53, 0, '2017-05-05', '3900', '0', 5, 0),
(2029, 53, 0, '2017-05-06', '3900', '0', 5, 0),
(2030, 53, 0, '2017-05-07', '3900', '0', 5, 0),
(2031, 53, 0, '2017-05-08', '3900', '0', 5, 0),
(2032, 53, 0, '2017-05-09', '3900', '0', 5, 0),
(2033, 53, 0, '2017-05-10', '3900', '0', 5, 0),
(2034, 53, 0, '2017-05-11', '3900', '0', 5, 0),
(2035, 53, 0, '2017-05-12', '3900', '0', 5, 0),
(2036, 53, 0, '2017-05-13', '3900', '0', 5, 0),
(2037, 53, 0, '2017-05-14', '3900', '0', 5, 0),
(2038, 53, 0, '2017-05-15', '3900', '0', 5, 0),
(2039, 53, 0, '2017-05-16', '3900', '0', 5, 0),
(2040, 53, 0, '2017-05-17', '3900', '0', 5, 0),
(2041, 53, 0, '2017-05-18', '3900', '0', 5, 0),
(2042, 53, 0, '2017-05-19', '3900', '0', 5, 0),
(2043, 53, 0, '2017-05-20', '3900', '0', 5, 0),
(2044, 53, 0, '2017-05-21', '3900', '0', 5, 0),
(2045, 53, 0, '2017-05-22', '3900', '0', 5, 0),
(2046, 54, 0, '2017-04-10', '5000', '0', 5, 0),
(2047, 54, 0, '2017-04-11', '5000', '0', 5, 0),
(2048, 54, 0, '2017-04-12', '5000', '0', 5, 0),
(2049, 54, 0, '2017-04-13', '5000', '0', 5, 0),
(2050, 54, 0, '2017-04-14', '5000', '0', 5, 0),
(2051, 54, 0, '2017-04-15', '5000', '0', 5, 0),
(2052, 54, 0, '2017-04-16', '5000', '0', 5, 0),
(2053, 54, 0, '2017-04-17', '5000', '0', 5, 0),
(2054, 54, 0, '2017-04-18', '5000', '0', 5, 0),
(2055, 54, 0, '2017-04-19', '5000', '0', 5, 0),
(2056, 54, 0, '2017-04-20', '5000', '0', 5, 0),
(2057, 54, 0, '2017-04-21', '5000', '0', 5, 0),
(2058, 54, 0, '2017-04-22', '5000', '0', 5, 0),
(2059, 54, 0, '2017-04-23', '5000', '0', 5, 0),
(2060, 54, 0, '2017-04-24', '5000', '0', 5, 0),
(2061, 54, 0, '2017-04-25', '5000', '0', 5, 0),
(2062, 54, 0, '2017-04-26', '5000', '0', 5, 0),
(2063, 54, 0, '2017-04-27', '5000', '0', 5, 0),
(2064, 54, 0, '2017-04-28', '5000', '0', 5, 0),
(2065, 54, 0, '2017-04-29', '5000', '0', 5, 0),
(2066, 54, 0, '2017-04-30', '5000', '0', 5, 0),
(2067, 54, 0, '2017-05-01', '5000', '0', 5, 0),
(2068, 54, 0, '2017-05-02', '5000', '0', 5, 0),
(2069, 54, 0, '2017-05-03', '5000', '0', 5, 0),
(2070, 54, 0, '2017-05-04', '5000', '0', 5, 0),
(2071, 54, 0, '2017-05-05', '5000', '0', 5, 0),
(2072, 54, 0, '2017-05-06', '5000', '0', 5, 0),
(2073, 54, 0, '2017-05-07', '5000', '0', 5, 0),
(2074, 54, 0, '2017-05-08', '5000', '0', 5, 0),
(2075, 54, 0, '2017-05-09', '5000', '0', 5, 0),
(2076, 54, 0, '2017-05-10', '5000', '0', 5, 0),
(2077, 54, 0, '2017-05-11', '5000', '0', 5, 0),
(2078, 54, 0, '2017-05-12', '5000', '0', 5, 0),
(2079, 54, 0, '2017-05-13', '5000', '0', 5, 0),
(2080, 54, 0, '2017-05-14', '5000', '0', 5, 0),
(2081, 54, 0, '2017-05-15', '5000', '0', 5, 0),
(2082, 54, 0, '2017-05-16', '5000', '0', 5, 0),
(2083, 54, 0, '2017-05-17', '5000', '0', 5, 0),
(2084, 54, 0, '2017-05-18', '5000', '0', 5, 0),
(2085, 54, 0, '2017-05-19', '5000', '0', 5, 0),
(2086, 54, 0, '2017-05-20', '5000', '0', 5, 0),
(2087, 54, 0, '2017-05-21', '5000', '0', 5, 0),
(2088, 54, 0, '2017-05-22', '5000', '0', 5, 0),
(2089, 55, 0, '2017-04-10', '4200', '0', 6, 0),
(2090, 55, 0, '2017-04-11', '4200', '0', 6, 0),
(2091, 55, 0, '2017-04-12', '4200', '0', 6, 0),
(2092, 55, 0, '2017-04-13', '4200', '0', 6, 0),
(2093, 55, 0, '2017-04-14', '4200', '0', 6, 0),
(2094, 55, 0, '2017-04-15', '4200', '0', 6, 0),
(2095, 55, 0, '2017-04-16', '4200', '0', 6, 0),
(2096, 55, 0, '2017-04-17', '4200', '0', 6, 0),
(2097, 55, 0, '2017-04-18', '4200', '0', 6, 0),
(2098, 55, 0, '2017-04-19', '4200', '0', 6, 0),
(2099, 55, 0, '2017-04-20', '4200', '0', 6, 0),
(2100, 55, 0, '2017-04-21', '4200', '0', 6, 0),
(2101, 55, 0, '2017-04-22', '4200', '0', 6, 0),
(2102, 55, 0, '2017-04-23', '4200', '0', 6, 0),
(2103, 55, 0, '2017-04-24', '4200', '0', 6, 0),
(2104, 55, 0, '2017-04-25', '4200', '0', 6, 0),
(2105, 55, 0, '2017-04-26', '4200', '0', 6, 0),
(2106, 55, 0, '2017-04-27', '4200', '0', 6, 0),
(2107, 55, 0, '2017-04-28', '4200', '0', 6, 0),
(2108, 55, 0, '2017-04-29', '4200', '0', 6, 0),
(2109, 55, 0, '2017-04-30', '4200', '0', 6, 0),
(2110, 55, 0, '2017-05-01', '4200', '0', 6, 0),
(2111, 55, 0, '2017-05-02', '4200', '0', 6, 0),
(2112, 55, 0, '2017-05-03', '4200', '0', 6, 0),
(2113, 55, 0, '2017-05-04', '4200', '0', 6, 0),
(2114, 55, 0, '2017-05-05', '4200', '0', 6, 0),
(2115, 55, 0, '2017-05-06', '4200', '0', 6, 0),
(2116, 55, 0, '2017-05-07', '4200', '0', 6, 0),
(2117, 55, 0, '2017-05-08', '4200', '0', 6, 0),
(2118, 55, 0, '2017-05-09', '4200', '0', 6, 0),
(2119, 55, 0, '2017-05-10', '4200', '0', 6, 0),
(2120, 55, 0, '2017-05-11', '4200', '0', 6, 0),
(2121, 55, 0, '2017-05-12', '4200', '0', 6, 0),
(2122, 55, 0, '2017-05-13', '4200', '0', 6, 0),
(2123, 55, 0, '2017-05-14', '4200', '0', 6, 0),
(2124, 55, 0, '2017-05-15', '4200', '0', 6, 0),
(2125, 55, 0, '2017-05-16', '4200', '0', 6, 0),
(2126, 56, 0, '2017-04-10', '4000', '0', 6, 0),
(2127, 56, 0, '2017-04-11', '4000', '0', 6, 0),
(2128, 56, 0, '2017-04-12', '4000', '0', 6, 0),
(2129, 56, 0, '2017-04-13', '4000', '0', 6, 0),
(2130, 56, 0, '2017-04-14', '4000', '0', 6, 0),
(2131, 56, 0, '2017-04-15', '4000', '0', 6, 0),
(2132, 56, 0, '2017-04-16', '4000', '0', 6, 0),
(2133, 56, 0, '2017-04-17', '4000', '0', 6, 0),
(2134, 56, 0, '2017-04-18', '4000', '0', 6, 0),
(2135, 56, 0, '2017-04-19', '4000', '0', 6, 0),
(2136, 56, 0, '2017-04-20', '4000', '0', 6, 0),
(2137, 56, 0, '2017-04-21', '4000', '0', 6, 0),
(2138, 56, 0, '2017-04-22', '4000', '0', 6, 0),
(2139, 56, 0, '2017-04-23', '4000', '0', 6, 0),
(2140, 56, 0, '2017-04-24', '4000', '0', 6, 0),
(2141, 56, 0, '2017-04-25', '4000', '0', 6, 0),
(2142, 56, 0, '2017-04-26', '4000', '0', 6, 0),
(2143, 56, 0, '2017-04-27', '4000', '0', 6, 0),
(2144, 56, 0, '2017-04-28', '4000', '0', 6, 0),
(2145, 56, 0, '2017-04-29', '4000', '0', 6, 0),
(2146, 56, 0, '2017-04-30', '4000', '0', 6, 0),
(2147, 56, 0, '2017-05-01', '4000', '0', 6, 0),
(2148, 56, 0, '2017-05-02', '4000', '0', 6, 0),
(2149, 56, 0, '2017-05-03', '4000', '0', 6, 0),
(2150, 56, 0, '2017-05-04', '4000', '0', 6, 0),
(2151, 56, 0, '2017-05-05', '4000', '0', 6, 0),
(2152, 56, 0, '2017-05-06', '4000', '0', 6, 0),
(2153, 56, 0, '2017-05-07', '4000', '0', 6, 0),
(2154, 56, 0, '2017-05-08', '4000', '0', 6, 0),
(2155, 56, 0, '2017-05-09', '4000', '0', 6, 0),
(2156, 56, 0, '2017-05-10', '4000', '0', 6, 0),
(2157, 56, 0, '2017-05-11', '4000', '0', 6, 0),
(2158, 56, 0, '2017-05-12', '4000', '0', 6, 0),
(2159, 56, 0, '2017-05-13', '4000', '0', 6, 0),
(2160, 56, 0, '2017-05-14', '4000', '0', 6, 0),
(2161, 56, 0, '2017-05-15', '4000', '0', 6, 0),
(2162, 56, 0, '2017-05-16', '4000', '0', 6, 0),
(2163, 57, 0, '2017-04-10', '5000', '0', 6, 0),
(2164, 57, 0, '2017-04-11', '5000', '0', 6, 0),
(2165, 57, 0, '2017-04-12', '5000', '0', 6, 0),
(2166, 57, 0, '2017-04-13', '5000', '0', 6, 0),
(2167, 57, 0, '2017-04-14', '5000', '0', 6, 0),
(2168, 57, 0, '2017-04-15', '5000', '0', 6, 0),
(2169, 57, 0, '2017-04-16', '5000', '0', 6, 0),
(2170, 57, 0, '2017-04-17', '5000', '0', 6, 0),
(2171, 57, 0, '2017-04-18', '5000', '0', 6, 0),
(2172, 57, 0, '2017-04-19', '5000', '0', 6, 0),
(2173, 57, 0, '2017-04-20', '5000', '0', 6, 0),
(2174, 57, 0, '2017-04-21', '5000', '0', 6, 0),
(2175, 57, 0, '2017-04-22', '5000', '0', 6, 0),
(2176, 57, 0, '2017-04-23', '5000', '0', 6, 0),
(2177, 57, 0, '2017-04-24', '5000', '0', 6, 0),
(2178, 57, 0, '2017-04-25', '5000', '0', 6, 0),
(2179, 57, 0, '2017-04-26', '5000', '0', 6, 0),
(2180, 57, 0, '2017-04-27', '5000', '0', 6, 0),
(2181, 57, 0, '2017-04-28', '5000', '0', 6, 0),
(2182, 57, 0, '2017-04-29', '5000', '0', 6, 0),
(2183, 57, 0, '2017-04-30', '5000', '0', 6, 0),
(2184, 57, 0, '2017-05-01', '5000', '0', 6, 0),
(2185, 57, 0, '2017-05-02', '5000', '0', 6, 0),
(2186, 57, 0, '2017-05-03', '5000', '0', 6, 0),
(2187, 57, 0, '2017-05-04', '5000', '0', 6, 0),
(2188, 57, 0, '2017-05-05', '5000', '0', 6, 0),
(2189, 57, 0, '2017-05-06', '5000', '0', 6, 0),
(2190, 57, 0, '2017-05-07', '5000', '0', 6, 0),
(2191, 57, 0, '2017-05-08', '5000', '0', 6, 0),
(2192, 57, 0, '2017-05-09', '5000', '0', 6, 0),
(2193, 57, 0, '2017-05-10', '5000', '0', 6, 0),
(2194, 57, 0, '2017-05-11', '5000', '0', 6, 0),
(2195, 57, 0, '2017-05-12', '5000', '0', 6, 0),
(2196, 57, 0, '2017-05-13', '5000', '0', 6, 0),
(2197, 57, 0, '2017-05-14', '5000', '0', 6, 0),
(2198, 57, 0, '2017-05-15', '5000', '0', 6, 0),
(2199, 57, 0, '2017-05-16', '5000', '0', 6, 0),
(2200, 58, 0, '2017-04-10', '4400', '0', 6, 0),
(2201, 58, 0, '2017-04-11', '4400', '0', 6, 0),
(2202, 58, 0, '2017-04-12', '4400', '0', 6, 0),
(2203, 58, 0, '2017-04-13', '4400', '0', 6, 0),
(2204, 58, 0, '2017-04-14', '4400', '0', 6, 0),
(2205, 58, 0, '2017-04-15', '4400', '0', 6, 0),
(2206, 58, 0, '2017-04-16', '4400', '0', 6, 0),
(2207, 58, 0, '2017-04-17', '4400', '0', 6, 0),
(2208, 58, 0, '2017-04-18', '4400', '0', 6, 0),
(2209, 58, 0, '2017-04-19', '4400', '0', 6, 0),
(2210, 58, 0, '2017-04-20', '4400', '0', 6, 0),
(2211, 58, 0, '2017-04-21', '4400', '0', 6, 0),
(2212, 58, 0, '2017-04-22', '4400', '0', 6, 0),
(2213, 58, 0, '2017-04-23', '4400', '0', 6, 0),
(2214, 58, 0, '2017-04-24', '4400', '0', 6, 0),
(2215, 58, 0, '2017-04-25', '4400', '0', 6, 0),
(2216, 58, 0, '2017-04-26', '4400', '0', 6, 0),
(2217, 58, 0, '2017-04-27', '4400', '0', 6, 0),
(2218, 58, 0, '2017-04-28', '4400', '0', 6, 0),
(2219, 58, 0, '2017-04-29', '4400', '0', 6, 0),
(2220, 58, 0, '2017-04-30', '4400', '0', 6, 0),
(2221, 58, 0, '2017-05-01', '4400', '0', 6, 0),
(2222, 58, 0, '2017-05-02', '4400', '0', 6, 0),
(2223, 58, 0, '2017-05-03', '4400', '0', 6, 0),
(2224, 58, 0, '2017-05-04', '4400', '0', 6, 0),
(2225, 58, 0, '2017-05-05', '4400', '0', 6, 0),
(2226, 58, 0, '2017-05-06', '4400', '0', 6, 0),
(2227, 58, 0, '2017-05-07', '4400', '0', 6, 0),
(2228, 58, 0, '2017-05-08', '4400', '0', 6, 0),
(2229, 58, 0, '2017-05-09', '4400', '0', 6, 0),
(2230, 58, 0, '2017-05-10', '4400', '0', 6, 0),
(2231, 58, 0, '2017-05-11', '4400', '0', 6, 0),
(2232, 58, 0, '2017-05-12', '4400', '0', 6, 0),
(2233, 58, 0, '2017-05-13', '4400', '0', 6, 0),
(2234, 58, 0, '2017-05-14', '4400', '0', 6, 0),
(2235, 58, 0, '2017-05-15', '4400', '0', 6, 0),
(2236, 58, 0, '2017-05-16', '4400', '0', 6, 0),
(2237, 59, 0, '2017-04-10', '4000', '0', 6, 0),
(2238, 59, 0, '2017-04-11', '4000', '0', 6, 0),
(2239, 59, 0, '2017-04-12', '4000', '0', 6, 0),
(2240, 59, 0, '2017-04-13', '4000', '0', 6, 0),
(2241, 59, 0, '2017-04-14', '4000', '0', 6, 0),
(2242, 59, 0, '2017-04-15', '4000', '0', 6, 0),
(2243, 59, 0, '2017-04-16', '4000', '0', 6, 0),
(2244, 59, 0, '2017-04-17', '4000', '0', 6, 0),
(2245, 59, 0, '2017-04-18', '4000', '0', 6, 0),
(2246, 59, 0, '2017-04-19', '4000', '0', 6, 0),
(2247, 59, 0, '2017-04-20', '4000', '0', 6, 0),
(2248, 59, 0, '2017-04-21', '4000', '0', 6, 0),
(2249, 59, 0, '2017-04-22', '4000', '0', 6, 0),
(2250, 59, 0, '2017-04-23', '4000', '0', 6, 0),
(2251, 59, 0, '2017-04-24', '4000', '0', 6, 0),
(2252, 59, 0, '2017-04-25', '4000', '0', 6, 0),
(2253, 59, 0, '2017-04-26', '4000', '0', 6, 0),
(2254, 59, 0, '2017-04-27', '4000', '0', 6, 0),
(2255, 59, 0, '2017-04-28', '4000', '0', 6, 0),
(2256, 59, 0, '2017-04-29', '4000', '0', 6, 0),
(2257, 59, 0, '2017-04-30', '4000', '0', 6, 0),
(2258, 59, 0, '2017-05-01', '4000', '0', 6, 0),
(2259, 59, 0, '2017-05-02', '4000', '0', 6, 0),
(2260, 59, 0, '2017-05-03', '4000', '0', 6, 0),
(2261, 59, 0, '2017-05-04', '4000', '0', 6, 0),
(2262, 59, 0, '2017-05-05', '4000', '0', 6, 0),
(2263, 59, 0, '2017-05-06', '4000', '0', 6, 0),
(2264, 59, 0, '2017-05-07', '4000', '0', 6, 0),
(2265, 59, 0, '2017-05-08', '4000', '0', 6, 0),
(2266, 59, 0, '2017-05-09', '4000', '0', 6, 0),
(2267, 59, 0, '2017-05-10', '4000', '0', 6, 0),
(2268, 59, 0, '2017-05-11', '4000', '0', 6, 0),
(2269, 59, 0, '2017-05-12', '4000', '0', 6, 0),
(2270, 59, 0, '2017-05-13', '4000', '0', 6, 0),
(2271, 59, 0, '2017-05-14', '4000', '0', 6, 0),
(2272, 59, 0, '2017-05-15', '4000', '0', 6, 0),
(2273, 59, 0, '2017-05-16', '4000', '0', 6, 0),
(2274, 60, 0, '2017-04-10', '6200', '0', 6, 0),
(2275, 60, 0, '2017-04-11', '6200', '0', 6, 0),
(2276, 60, 0, '2017-04-12', '6200', '0', 6, 0),
(2277, 60, 0, '2017-04-13', '6200', '0', 6, 0),
(2278, 60, 0, '2017-04-14', '6200', '0', 6, 0),
(2279, 60, 0, '2017-04-15', '6200', '0', 6, 0),
(2280, 60, 0, '2017-04-16', '6200', '0', 6, 0),
(2281, 60, 0, '2017-04-17', '6200', '0', 6, 0),
(2282, 60, 0, '2017-04-18', '6200', '0', 6, 0),
(2283, 60, 0, '2017-04-19', '6200', '0', 6, 0),
(2284, 60, 0, '2017-04-20', '6200', '0', 6, 0),
(2285, 60, 0, '2017-04-21', '6200', '0', 6, 0),
(2286, 60, 0, '2017-04-22', '6200', '0', 6, 0),
(2287, 60, 0, '2017-04-23', '6200', '0', 6, 0),
(2288, 60, 0, '2017-04-24', '6200', '0', 6, 0),
(2289, 60, 0, '2017-04-25', '6200', '0', 6, 0),
(2290, 60, 0, '2017-04-26', '6200', '0', 6, 0),
(2291, 60, 0, '2017-04-27', '6200', '0', 6, 0),
(2292, 60, 0, '2017-04-28', '6200', '0', 6, 0),
(2293, 60, 0, '2017-04-29', '6200', '0', 6, 0),
(2294, 60, 0, '2017-04-30', '6200', '0', 6, 0),
(2295, 60, 0, '2017-05-01', '6200', '0', 6, 0),
(2296, 60, 0, '2017-05-02', '6200', '0', 6, 0),
(2297, 60, 0, '2017-05-03', '6200', '0', 6, 0),
(2298, 60, 0, '2017-05-04', '6200', '0', 6, 0),
(2299, 60, 0, '2017-05-05', '6200', '0', 6, 0),
(2300, 60, 0, '2017-05-06', '6200', '0', 6, 0),
(2301, 60, 0, '2017-05-07', '6200', '0', 6, 0),
(2302, 60, 0, '2017-05-08', '6200', '0', 6, 0),
(2303, 60, 0, '2017-05-09', '6200', '0', 6, 0),
(2304, 60, 0, '2017-05-10', '6200', '0', 6, 0),
(2305, 60, 0, '2017-05-11', '6200', '0', 6, 0),
(2306, 60, 0, '2017-05-12', '6200', '0', 6, 0),
(2307, 60, 0, '2017-05-13', '6200', '0', 6, 0),
(2308, 60, 0, '2017-05-14', '6200', '0', 6, 0),
(2309, 60, 0, '2017-05-15', '6200', '0', 6, 0),
(2310, 60, 0, '2017-05-16', '6200', '0', 6, 0),
(2446, 64, 0, '2017-04-04', '3600', '0', 8, 0),
(2447, 64, 0, '2017-04-05', '3600', '0', 8, 0),
(2448, 64, 0, '2017-04-06', '3600', '0', 8, 0),
(2449, 64, 0, '2017-04-07', '3600', '0', 8, 0),
(2450, 64, 0, '2017-04-08', '3600', '0', 8, 0),
(2451, 64, 0, '2017-04-09', '3600', '0', 8, 0),
(2452, 64, 0, '2017-04-10', '3600', '0', 8, 0),
(2453, 64, 0, '2017-04-11', '3600', '0', 8, 0),
(2454, 64, 0, '2017-04-12', '3600', '0', 8, 0),
(2455, 64, 0, '2017-04-13', '3600', '0', 8, 0),
(2456, 64, 0, '2017-04-14', '3600', '0', 8, 0),
(2457, 64, 0, '2017-04-15', '3600', '0', 8, 0),
(2458, 64, 0, '2017-04-16', '3600', '0', 8, 0),
(2459, 64, 0, '2017-04-17', '3600', '0', 8, 0),
(2460, 64, 0, '2017-04-18', '3600', '0', 8, 0),
(2461, 64, 0, '2017-04-19', '3600', '0', 8, 0),
(2462, 64, 0, '2017-04-20', '3600', '0', 8, 0),
(2463, 64, 0, '2017-04-21', '3600', '0', 8, 0),
(2464, 64, 0, '2017-04-22', '3600', '0', 8, 0),
(2465, 64, 0, '2017-04-23', '3600', '0', 8, 0),
(2466, 64, 0, '2017-04-24', '3600', '0', 8, 0),
(2467, 64, 0, '2017-04-25', '3600', '0', 8, 0),
(2468, 64, 0, '2017-04-26', '3600', '0', 8, 0),
(2469, 64, 0, '2017-04-27', '3600', '0', 8, 0),
(2470, 64, 0, '2017-04-28', '3600', '0', 8, 0),
(2471, 64, 0, '2017-04-29', '3600', '0', 8, 0),
(2472, 64, 0, '2017-04-30', '3600', '0', 8, 0),
(2473, 64, 0, '2017-05-01', '3600', '0', 8, 0),
(2474, 64, 0, '2017-05-02', '3600', '0', 8, 0),
(2475, 64, 0, '2017-05-03', '3600', '0', 8, 0),
(2476, 64, 0, '2017-05-04', '3600', '0', 8, 0);
INSERT INTO `maka_madina_hotels_rooms_prices_dates` (`id`, `maka_madina_hotels_rooms_prices_id`, `hotel_room_types_id`, `date`, `cost`, `profit`, `available_of_room`, `number_of_room_reserved`) VALUES
(2477, 64, 0, '2017-05-05', '3600', '0', 8, 0),
(2478, 64, 0, '2017-05-06', '3600', '0', 8, 0),
(2479, 64, 0, '2017-05-07', '3600', '0', 8, 0),
(2480, 64, 0, '2017-05-08', '3600', '0', 8, 0),
(2481, 64, 0, '2017-05-09', '3600', '0', 8, 0),
(2482, 64, 0, '2017-05-10', '3600', '0', 8, 0),
(2483, 64, 0, '2017-05-11', '3600', '0', 8, 0),
(2484, 64, 0, '2017-05-12', '3600', '0', 8, 0),
(2485, 64, 0, '2017-05-13', '3600', '0', 8, 0),
(2486, 64, 0, '2017-05-14', '3600', '0', 8, 0),
(2487, 64, 0, '2017-05-15', '3600', '0', 8, 0),
(2488, 64, 0, '2017-05-16', '3600', '0', 8, 0),
(2869, 10, 0, '2017-04-02', '500', '100', 6, 0),
(2870, 10, 0, '2017-04-03', '500', '100', 6, 0),
(2871, 10, 0, '2017-04-04', '500', '100', 6, 0),
(2872, 10, 0, '2017-04-05', '500', '100', 6, 0),
(2873, 10, 0, '2017-04-06', '500', '100', 6, 0),
(2874, 10, 0, '2017-04-07', '500', '100', 6, 0),
(2875, 10, 0, '2017-04-08', '500', '100', 6, 0),
(2876, 10, 0, '2017-04-09', '500', '100', 6, 0),
(2877, 10, 0, '2017-04-10', '500', '100', 6, 0),
(2878, 10, 0, '2017-04-11', '500', '100', 6, 0),
(2879, 10, 0, '2017-04-12', '500', '100', 6, 0),
(2880, 10, 0, '2017-04-13', '500', '100', 6, 0),
(2881, 10, 0, '2017-04-14', '500', '100', 6, 0),
(2882, 10, 0, '2017-04-15', '500', '100', 6, 0),
(2883, 10, 0, '2017-04-16', '500', '100', 6, 0),
(2884, 10, 0, '2017-04-17', '500', '100', 6, 0),
(2885, 10, 0, '2017-04-18', '500', '100', 6, 0),
(2886, 10, 0, '2017-04-19', '500', '100', 6, 0),
(2887, 10, 0, '2017-04-20', '500', '100', 6, 0),
(2888, 10, 0, '2017-04-21', '500', '100', 6, 0),
(2889, 10, 0, '2017-04-22', '500', '100', 6, 0),
(2890, 10, 0, '2017-04-23', '500', '100', 6, 0),
(2891, 10, 0, '2017-04-24', '500', '100', 6, 0),
(2892, 10, 0, '2017-04-25', '500', '100', 6, 0),
(2893, 10, 0, '2017-04-26', '500', '100', 6, 0),
(2894, 10, 0, '2017-04-27', '500', '100', 6, 0),
(2895, 10, 0, '2017-04-28', '500', '100', 6, 0),
(2896, 10, 0, '2017-04-29', '500', '100', 6, 0),
(2897, 10, 0, '2017-04-30', '500', '100', 6, 0),
(2898, 10, 0, '2017-05-01', '500', '100', 6, 0),
(2899, 10, 0, '2017-05-02', '500', '100', 6, 0),
(2900, 10, 0, '2017-05-03', '500', '100', 6, 0),
(2901, 10, 0, '2017-05-04', '500', '100', 6, 0),
(2902, 10, 0, '2017-05-05', '500', '100', 6, 0),
(2903, 10, 0, '2017-05-06', '500', '100', 6, 0),
(2904, 10, 0, '2017-05-07', '500', '100', 6, 0),
(2905, 11, 0, '2017-04-02', '500', '100', 6, 0),
(2906, 11, 0, '2017-04-03', '500', '100', 6, 0),
(2907, 11, 0, '2017-04-04', '500', '100', 6, 0),
(2908, 11, 0, '2017-04-05', '500', '100', 6, 0),
(2909, 11, 0, '2017-04-06', '500', '100', 6, 0),
(2910, 11, 0, '2017-04-07', '500', '100', 6, 0),
(2911, 11, 0, '2017-04-08', '500', '100', 6, 0),
(2912, 11, 0, '2017-04-09', '500', '100', 6, 0),
(2913, 11, 0, '2017-04-10', '500', '100', 6, 0),
(2914, 11, 0, '2017-04-11', '500', '100', 6, 0),
(2915, 11, 0, '2017-04-12', '500', '100', 6, 0),
(2916, 11, 0, '2017-04-13', '500', '100', 6, 0),
(2917, 11, 0, '2017-04-14', '500', '100', 6, 0),
(2918, 11, 0, '2017-04-15', '500', '100', 6, 0),
(2919, 11, 0, '2017-04-16', '500', '100', 6, 0),
(2920, 11, 0, '2017-04-17', '500', '100', 6, 0),
(2921, 11, 0, '2017-04-18', '500', '100', 6, 0),
(2922, 11, 0, '2017-04-19', '500', '100', 6, 0),
(2923, 11, 0, '2017-04-20', '500', '100', 6, 0),
(2924, 11, 0, '2017-04-21', '500', '100', 6, 0),
(2925, 11, 0, '2017-04-22', '500', '100', 6, 0),
(2926, 11, 0, '2017-04-23', '500', '100', 6, 0),
(2927, 11, 0, '2017-04-24', '500', '100', 6, 0),
(2928, 11, 0, '2017-04-25', '500', '100', 6, 0),
(2929, 11, 0, '2017-04-26', '500', '100', 6, 0),
(2930, 11, 0, '2017-04-27', '500', '100', 6, 0),
(2931, 11, 0, '2017-04-28', '500', '100', 6, 0),
(2932, 11, 0, '2017-04-29', '500', '100', 6, 0),
(2933, 11, 0, '2017-04-30', '500', '100', 6, 0),
(2934, 11, 0, '2017-05-01', '500', '100', 6, 0),
(2935, 11, 0, '2017-05-02', '500', '100', 6, 0),
(2936, 11, 0, '2017-05-03', '500', '100', 6, 0),
(2937, 11, 0, '2017-05-04', '500', '100', 6, 0),
(2938, 11, 0, '2017-05-05', '500', '100', 6, 0),
(2939, 11, 0, '2017-05-06', '500', '100', 6, 0),
(2940, 11, 0, '2017-05-07', '500', '100', 6, 0),
(2977, 85, 0, '2017-04-09', '130', '10', 10, 0),
(2978, 85, 0, '2017-04-10', '130', '10', 10, 0),
(2979, 85, 0, '2017-04-11', '130', '10', 10, 0),
(2980, 85, 0, '2017-04-12', '130', '10', 10, 0),
(2981, 85, 0, '2017-04-13', '130', '10', 10, 0),
(2982, 85, 0, '2017-04-14', '130', '10', 10, 0),
(2983, 85, 0, '2017-04-15', '130', '10', 10, 0),
(2984, 85, 0, '2017-04-16', '130', '10', 10, 0),
(2985, 85, 0, '2017-04-17', '130', '10', 10, 0),
(2986, 85, 0, '2017-04-18', '130', '10', 10, 0),
(2987, 85, 0, '2017-04-19', '130', '10', 10, 0),
(2988, 85, 0, '2017-04-20', '130', '10', 10, 0),
(2989, 85, 0, '2017-04-21', '130', '10', 10, 0),
(2990, 85, 0, '2017-04-22', '130', '10', 10, 0),
(2991, 85, 0, '2017-04-23', '130', '10', 10, 0),
(2992, 85, 0, '2017-04-24', '130', '10', 10, 0),
(2993, 85, 0, '2017-04-25', '130', '10', 10, 0),
(2994, 85, 0, '2017-04-26', '130', '10', 10, 0),
(2995, 85, 0, '2017-04-27', '130', '10', 10, 0),
(2996, 85, 0, '2017-04-28', '130', '10', 10, 0),
(2997, 85, 0, '2017-04-29', '130', '10', 10, 0),
(2998, 85, 0, '2017-04-30', '130', '10', 10, 0),
(2999, 85, 0, '2017-05-01', '130', '10', 10, 0),
(3000, 85, 0, '2017-05-02', '130', '10', 10, 0),
(3001, 85, 0, '2017-05-03', '130', '10', 10, 0),
(3002, 85, 0, '2017-05-04', '130', '10', 10, 0),
(3003, 85, 0, '2017-05-05', '130', '10', 10, 0),
(3004, 85, 0, '2017-05-06', '130', '10', 10, 0),
(3005, 85, 0, '2017-05-07', '130', '10', 10, 0),
(3006, 85, 0, '2017-05-08', '130', '10', 10, 0),
(3007, 85, 0, '2017-05-09', '130', '10', 10, 0),
(3008, 85, 0, '2017-05-10', '130', '10', 10, 0),
(3009, 85, 0, '2017-05-11', '130', '10', 10, 0),
(3010, 85, 0, '2017-05-12', '130', '10', 10, 0),
(3011, 85, 0, '2017-05-13', '130', '10', 10, 0),
(3012, 85, 0, '2017-05-14', '130', '10', 10, 0),
(3013, 85, 0, '2017-05-15', '130', '10', 10, 0),
(3014, 85, 0, '2017-05-16', '130', '10', 10, 0),
(3015, 85, 0, '2017-05-17', '130', '10', 10, 0),
(3016, 85, 0, '2017-05-18', '130', '10', 10, 0),
(3017, 85, 0, '2017-05-19', '130', '10', 10, 0),
(3018, 85, 0, '2017-05-20', '130', '10', 10, 0),
(3019, 85, 0, '2017-05-21', '130', '10', 10, 0),
(3020, 85, 0, '2017-05-22', '130', '10', 10, 0),
(3021, 85, 0, '2017-05-23', '130', '10', 10, 0),
(3022, 85, 0, '2017-05-24', '130', '10', 10, 0),
(3023, 85, 0, '2017-05-25', '130', '10', 10, 0),
(3024, 85, 0, '2017-05-26', '130', '10', 10, 0),
(3025, 85, 0, '2017-05-27', '130', '10', 10, 0),
(3026, 84, 0, '2017-04-09', '130', '10', 10, 0),
(3027, 84, 0, '2017-04-10', '130', '10', 10, 0),
(3028, 84, 0, '2017-04-11', '130', '10', 10, 0),
(3029, 84, 0, '2017-04-12', '130', '10', 10, 0),
(3030, 84, 0, '2017-04-13', '130', '10', 10, 0),
(3031, 84, 0, '2017-04-14', '130', '10', 10, 0),
(3032, 84, 0, '2017-04-15', '130', '10', 10, 0),
(3033, 84, 0, '2017-04-16', '130', '10', 10, 0),
(3034, 84, 0, '2017-04-17', '130', '10', 10, 0),
(3035, 84, 0, '2017-04-18', '130', '10', 10, 0),
(3036, 84, 0, '2017-04-19', '130', '10', 10, 0),
(3037, 84, 0, '2017-04-20', '130', '10', 10, 0),
(3038, 84, 0, '2017-04-21', '130', '10', 10, 0),
(3039, 84, 0, '2017-04-22', '130', '10', 10, 0),
(3040, 84, 0, '2017-04-23', '130', '10', 10, 0),
(3041, 84, 0, '2017-04-24', '130', '10', 10, 0),
(3042, 84, 0, '2017-04-25', '130', '10', 10, 0),
(3043, 84, 0, '2017-04-26', '130', '10', 10, 0),
(3044, 84, 0, '2017-04-27', '130', '10', 10, 0),
(3045, 84, 0, '2017-04-28', '130', '10', 10, 0),
(3046, 84, 0, '2017-04-29', '130', '10', 10, 0),
(3047, 84, 0, '2017-04-30', '130', '10', 10, 0),
(3048, 84, 0, '2017-05-01', '130', '10', 10, 0),
(3049, 84, 0, '2017-05-02', '130', '10', 10, 0),
(3050, 84, 0, '2017-05-03', '130', '10', 10, 0),
(3051, 84, 0, '2017-05-04', '130', '10', 10, 0),
(3052, 84, 0, '2017-05-05', '130', '10', 10, 0),
(3053, 84, 0, '2017-05-06', '130', '10', 10, 0),
(3054, 84, 0, '2017-05-07', '130', '10', 10, 0),
(3055, 84, 0, '2017-05-08', '130', '10', 10, 0),
(3056, 84, 0, '2017-05-09', '130', '10', 10, 0),
(3057, 84, 0, '2017-05-10', '130', '10', 10, 0),
(3058, 84, 0, '2017-05-11', '130', '10', 10, 0),
(3059, 84, 0, '2017-05-12', '130', '10', 10, 0),
(3060, 84, 0, '2017-05-13', '130', '10', 10, 0),
(3061, 84, 0, '2017-05-14', '130', '10', 10, 0),
(3062, 84, 0, '2017-05-15', '130', '10', 10, 0),
(3063, 84, 0, '2017-05-16', '130', '10', 10, 0),
(3064, 84, 0, '2017-05-17', '130', '10', 10, 0),
(3065, 84, 0, '2017-05-18', '130', '10', 10, 0),
(3066, 84, 0, '2017-05-19', '130', '10', 10, 0),
(3067, 84, 0, '2017-05-20', '130', '10', 10, 0),
(3068, 84, 0, '2017-05-21', '130', '10', 10, 0),
(3069, 84, 0, '2017-05-22', '130', '10', 10, 0),
(3070, 84, 0, '2017-05-23', '130', '10', 10, 0),
(3071, 84, 0, '2017-05-24', '130', '10', 10, 0),
(3072, 84, 0, '2017-05-25', '130', '10', 10, 0),
(3073, 84, 0, '2017-05-26', '130', '10', 10, 0),
(3074, 84, 0, '2017-05-27', '130', '10', 10, 0),
(3075, 83, 0, '2017-04-09', '130', '10', 10, 0),
(3076, 83, 0, '2017-04-10', '130', '10', 10, 0),
(3077, 83, 0, '2017-04-11', '130', '10', 10, 0),
(3078, 83, 0, '2017-04-12', '130', '10', 10, 0),
(3079, 83, 0, '2017-04-13', '130', '10', 10, 0),
(3080, 83, 0, '2017-04-14', '130', '10', 10, 0),
(3081, 83, 0, '2017-04-15', '130', '10', 10, 0),
(3082, 83, 0, '2017-04-16', '130', '10', 10, 0),
(3083, 83, 0, '2017-04-17', '130', '10', 10, 0),
(3084, 83, 0, '2017-04-18', '130', '10', 10, 0),
(3085, 83, 0, '2017-04-19', '130', '10', 10, 0),
(3086, 83, 0, '2017-04-20', '130', '10', 10, 0),
(3087, 83, 0, '2017-04-21', '130', '10', 10, 0),
(3088, 83, 0, '2017-04-22', '130', '10', 10, 0),
(3089, 83, 0, '2017-04-23', '130', '10', 10, 0),
(3090, 83, 0, '2017-04-24', '130', '10', 10, 0),
(3091, 83, 0, '2017-04-25', '130', '10', 10, 0),
(3092, 83, 0, '2017-04-26', '130', '10', 10, 0),
(3093, 83, 0, '2017-04-27', '130', '10', 10, 0),
(3094, 83, 0, '2017-04-28', '130', '10', 10, 0),
(3095, 83, 0, '2017-04-29', '130', '10', 10, 0),
(3096, 83, 0, '2017-04-30', '130', '10', 10, 0),
(3097, 83, 0, '2017-05-01', '130', '10', 10, 0),
(3098, 83, 0, '2017-05-02', '130', '10', 10, 0),
(3099, 83, 0, '2017-05-03', '130', '10', 10, 0),
(3100, 83, 0, '2017-05-04', '130', '10', 10, 0),
(3101, 83, 0, '2017-05-05', '130', '10', 10, 0),
(3102, 83, 0, '2017-05-06', '130', '10', 10, 0),
(3103, 83, 0, '2017-05-07', '130', '10', 10, 0),
(3104, 83, 0, '2017-05-08', '130', '10', 10, 0),
(3105, 83, 0, '2017-05-09', '130', '10', 10, 0),
(3106, 83, 0, '2017-05-10', '130', '10', 10, 0),
(3107, 83, 0, '2017-05-11', '130', '10', 10, 0),
(3108, 83, 0, '2017-05-12', '130', '10', 10, 0),
(3109, 83, 0, '2017-05-13', '130', '10', 10, 0),
(3110, 83, 0, '2017-05-14', '130', '10', 10, 0),
(3111, 83, 0, '2017-05-15', '130', '10', 10, 0),
(3112, 83, 0, '2017-05-16', '130', '10', 10, 0),
(3113, 83, 0, '2017-05-17', '130', '10', 10, 0),
(3114, 83, 0, '2017-05-18', '130', '10', 10, 0),
(3115, 83, 0, '2017-05-19', '130', '10', 10, 0),
(3116, 83, 0, '2017-05-20', '130', '10', 10, 0),
(3117, 83, 0, '2017-05-21', '130', '10', 10, 0),
(3118, 83, 0, '2017-05-22', '130', '10', 10, 0),
(3119, 83, 0, '2017-05-23', '130', '10', 10, 0),
(3120, 83, 0, '2017-05-24', '130', '10', 10, 0),
(3121, 83, 0, '2017-05-25', '130', '10', 10, 0),
(3122, 83, 0, '2017-05-26', '130', '10', 10, 0),
(3123, 83, 0, '2017-05-27', '130', '10', 10, 0),
(3173, 87, 0, '2017-04-09', '210', '10', 10, 0),
(3174, 87, 0, '2017-04-10', '210', '10', 10, 0),
(3175, 87, 0, '2017-04-11', '210', '10', 10, 0),
(3176, 87, 0, '2017-04-12', '210', '10', 10, 0),
(3177, 87, 0, '2017-04-13', '210', '10', 10, 0),
(3178, 87, 0, '2017-04-14', '210', '10', 10, 0),
(3179, 87, 0, '2017-04-15', '210', '10', 10, 0),
(3180, 87, 0, '2017-04-16', '210', '10', 10, 0),
(3181, 87, 0, '2017-04-17', '210', '10', 10, 0),
(3182, 87, 0, '2017-04-18', '210', '10', 10, 0),
(3183, 87, 0, '2017-04-19', '210', '10', 10, 0),
(3184, 87, 0, '2017-04-20', '210', '10', 10, 0),
(3185, 87, 0, '2017-04-21', '210', '10', 10, 0),
(3186, 87, 0, '2017-04-22', '210', '10', 10, 0),
(3187, 87, 0, '2017-04-23', '210', '10', 10, 0),
(3188, 87, 0, '2017-04-24', '210', '10', 10, 0),
(3189, 87, 0, '2017-04-25', '210', '10', 10, 0),
(3190, 87, 0, '2017-04-26', '210', '10', 10, 0),
(3191, 87, 0, '2017-04-27', '210', '10', 10, 0),
(3192, 87, 0, '2017-04-28', '210', '10', 10, 0),
(3193, 87, 0, '2017-04-29', '210', '10', 10, 0),
(3194, 87, 0, '2017-04-30', '210', '10', 10, 0),
(3195, 87, 0, '2017-05-01', '210', '10', 10, 0),
(3196, 87, 0, '2017-05-02', '210', '10', 10, 0),
(3197, 87, 0, '2017-05-03', '210', '10', 10, 0),
(3198, 87, 0, '2017-05-04', '210', '10', 10, 0),
(3199, 87, 0, '2017-05-05', '210', '10', 10, 0),
(3200, 87, 0, '2017-05-06', '210', '10', 10, 0),
(3201, 87, 0, '2017-05-07', '210', '10', 10, 0),
(3202, 87, 0, '2017-05-08', '210', '10', 10, 0),
(3203, 87, 0, '2017-05-09', '210', '10', 10, 0),
(3204, 87, 0, '2017-05-10', '210', '10', 10, 0),
(3205, 87, 0, '2017-05-11', '210', '10', 10, 0),
(3206, 87, 0, '2017-05-12', '210', '10', 10, 0),
(3207, 87, 0, '2017-05-13', '210', '10', 10, 0),
(3208, 87, 0, '2017-05-14', '210', '10', 10, 0),
(3209, 87, 0, '2017-05-15', '210', '10', 10, 0),
(3210, 87, 0, '2017-05-16', '210', '10', 10, 0),
(3211, 87, 0, '2017-05-17', '210', '10', 10, 0),
(3212, 87, 0, '2017-05-18', '210', '10', 10, 0),
(3213, 87, 0, '2017-05-19', '210', '10', 10, 0),
(3214, 87, 0, '2017-05-20', '210', '10', 10, 0),
(3215, 87, 0, '2017-05-21', '210', '10', 10, 0),
(3216, 87, 0, '2017-05-22', '210', '10', 10, 0),
(3217, 87, 0, '2017-05-23', '210', '10', 10, 0),
(3218, 87, 0, '2017-05-24', '210', '10', 10, 0),
(3219, 87, 0, '2017-05-25', '210', '10', 10, 0),
(3220, 87, 0, '2017-05-26', '210', '10', 10, 0),
(3221, 87, 0, '2017-05-27', '210', '10', 10, 0),
(3222, 88, 0, '2017-04-09', '210', '10', 10, 0),
(3223, 88, 0, '2017-04-10', '210', '10', 10, 0),
(3224, 88, 0, '2017-04-11', '210', '10', 10, 0),
(3225, 88, 0, '2017-04-12', '210', '10', 10, 0),
(3226, 88, 0, '2017-04-13', '210', '10', 10, 0),
(3227, 88, 0, '2017-04-14', '210', '10', 10, 0),
(3228, 88, 0, '2017-04-15', '210', '10', 10, 0),
(3229, 88, 0, '2017-04-16', '210', '10', 10, 0),
(3230, 88, 0, '2017-04-17', '210', '10', 10, 0),
(3231, 88, 0, '2017-04-18', '210', '10', 10, 0),
(3232, 88, 0, '2017-04-19', '210', '10', 10, 0),
(3233, 88, 0, '2017-04-20', '210', '10', 10, 0),
(3234, 88, 0, '2017-04-21', '210', '10', 10, 0),
(3235, 88, 0, '2017-04-22', '210', '10', 10, 0),
(3236, 88, 0, '2017-04-23', '210', '10', 10, 0),
(3237, 88, 0, '2017-04-24', '210', '10', 10, 0),
(3238, 88, 0, '2017-04-25', '210', '10', 10, 0),
(3239, 88, 0, '2017-04-26', '210', '10', 10, 0),
(3240, 88, 0, '2017-04-27', '210', '10', 10, 0),
(3241, 88, 0, '2017-04-28', '210', '10', 10, 0),
(3242, 88, 0, '2017-04-29', '210', '10', 10, 0),
(3243, 88, 0, '2017-04-30', '210', '10', 10, 0),
(3244, 88, 0, '2017-05-01', '210', '10', 10, 0),
(3245, 88, 0, '2017-05-02', '210', '10', 10, 0),
(3246, 88, 0, '2017-05-03', '210', '10', 10, 0),
(3247, 88, 0, '2017-05-04', '210', '10', 10, 0),
(3248, 88, 0, '2017-05-05', '210', '10', 10, 0),
(3249, 88, 0, '2017-05-06', '210', '10', 10, 0),
(3250, 88, 0, '2017-05-07', '210', '10', 10, 0),
(3251, 88, 0, '2017-05-08', '210', '10', 10, 0),
(3252, 88, 0, '2017-05-09', '210', '10', 10, 0),
(3253, 88, 0, '2017-05-10', '210', '10', 10, 0),
(3254, 88, 0, '2017-05-11', '210', '10', 10, 0),
(3255, 88, 0, '2017-05-12', '210', '10', 10, 0),
(3256, 88, 0, '2017-05-13', '210', '10', 10, 0),
(3257, 88, 0, '2017-05-14', '210', '10', 10, 0),
(3258, 88, 0, '2017-05-15', '210', '10', 10, 0),
(3259, 88, 0, '2017-05-16', '210', '10', 10, 0),
(3260, 88, 0, '2017-05-17', '210', '10', 10, 0),
(3261, 88, 0, '2017-05-18', '210', '10', 10, 0),
(3262, 88, 0, '2017-05-19', '210', '10', 10, 0),
(3263, 88, 0, '2017-05-20', '210', '10', 10, 0),
(3264, 88, 0, '2017-05-21', '210', '10', 10, 0),
(3265, 88, 0, '2017-05-22', '210', '10', 10, 0),
(3266, 88, 0, '2017-05-23', '210', '10', 10, 0),
(3267, 88, 0, '2017-05-24', '210', '10', 10, 0),
(3268, 88, 0, '2017-05-25', '210', '10', 10, 0),
(3269, 88, 0, '2017-05-26', '210', '10', 10, 0),
(3270, 88, 0, '2017-05-27', '210', '10', 10, 0),
(3271, 89, 0, '2017-04-09', '210', '10', 10, 0),
(3272, 89, 0, '2017-04-10', '210', '10', 10, 0),
(3273, 89, 0, '2017-04-11', '210', '10', 10, 0),
(3274, 89, 0, '2017-04-12', '210', '10', 10, 0),
(3275, 89, 0, '2017-04-13', '210', '10', 10, 0),
(3276, 89, 0, '2017-04-14', '210', '10', 10, 0),
(3277, 89, 0, '2017-04-15', '210', '10', 10, 0),
(3278, 89, 0, '2017-04-16', '210', '10', 10, 0),
(3279, 89, 0, '2017-04-17', '210', '10', 10, 0),
(3280, 89, 0, '2017-04-18', '210', '10', 10, 0),
(3281, 89, 0, '2017-04-19', '210', '10', 10, 0),
(3282, 89, 0, '2017-04-20', '210', '10', 10, 0),
(3283, 89, 0, '2017-04-21', '210', '10', 10, 0),
(3284, 89, 0, '2017-04-22', '210', '10', 10, 0),
(3285, 89, 0, '2017-04-23', '210', '10', 10, 0),
(3286, 89, 0, '2017-04-24', '210', '10', 10, 0),
(3287, 89, 0, '2017-04-25', '210', '10', 10, 0),
(3288, 89, 0, '2017-04-26', '210', '10', 10, 0),
(3289, 89, 0, '2017-04-27', '210', '10', 10, 0),
(3290, 89, 0, '2017-04-28', '210', '10', 10, 0),
(3291, 89, 0, '2017-04-29', '210', '10', 10, 0),
(3292, 89, 0, '2017-04-30', '210', '10', 10, 0),
(3293, 89, 0, '2017-05-01', '210', '10', 10, 0),
(3294, 89, 0, '2017-05-02', '210', '10', 10, 0),
(3295, 89, 0, '2017-05-03', '210', '10', 10, 0),
(3296, 89, 0, '2017-05-04', '210', '10', 10, 0),
(3297, 89, 0, '2017-05-05', '210', '10', 10, 0),
(3298, 89, 0, '2017-05-06', '210', '10', 10, 0),
(3299, 89, 0, '2017-05-07', '210', '10', 10, 0),
(3300, 89, 0, '2017-05-08', '210', '10', 10, 0),
(3301, 89, 0, '2017-05-09', '210', '10', 10, 0),
(3302, 89, 0, '2017-05-10', '210', '10', 10, 0),
(3303, 89, 0, '2017-05-11', '210', '10', 10, 0),
(3304, 89, 0, '2017-05-12', '210', '10', 10, 0),
(3305, 89, 0, '2017-05-13', '210', '10', 10, 0),
(3306, 89, 0, '2017-05-14', '210', '10', 10, 0),
(3307, 89, 0, '2017-05-15', '210', '10', 10, 0),
(3308, 89, 0, '2017-05-16', '210', '10', 10, 0),
(3309, 89, 0, '2017-05-17', '210', '10', 10, 0),
(3310, 89, 0, '2017-05-18', '210', '10', 10, 0),
(3311, 89, 0, '2017-05-19', '210', '10', 10, 0),
(3312, 89, 0, '2017-05-20', '210', '10', 10, 0),
(3313, 89, 0, '2017-05-21', '210', '10', 10, 0),
(3314, 89, 0, '2017-05-22', '210', '10', 10, 0),
(3315, 89, 0, '2017-05-23', '210', '10', 10, 0),
(3316, 89, 0, '2017-05-24', '210', '10', 10, 0),
(3317, 89, 0, '2017-05-25', '210', '10', 10, 0),
(3318, 89, 0, '2017-05-26', '210', '10', 10, 0),
(3319, 89, 0, '2017-05-27', '210', '10', 10, 0),
(3320, 90, 0, '2017-04-09', '210', '10', 10, 0),
(3321, 90, 0, '2017-04-10', '210', '10', 10, 0),
(3322, 90, 0, '2017-04-11', '210', '10', 10, 0),
(3323, 90, 0, '2017-04-12', '210', '10', 10, 0),
(3324, 90, 0, '2017-04-13', '210', '10', 10, 0),
(3325, 90, 0, '2017-04-14', '210', '10', 10, 0),
(3326, 90, 0, '2017-04-15', '210', '10', 10, 0),
(3327, 90, 0, '2017-04-16', '210', '10', 10, 0),
(3328, 90, 0, '2017-04-17', '210', '10', 10, 0),
(3329, 90, 0, '2017-04-18', '210', '10', 10, 0),
(3330, 90, 0, '2017-04-19', '210', '10', 10, 0),
(3331, 90, 0, '2017-04-20', '210', '10', 10, 0),
(3332, 90, 0, '2017-04-21', '210', '10', 10, 0),
(3333, 90, 0, '2017-04-22', '210', '10', 10, 0),
(3334, 90, 0, '2017-04-23', '210', '10', 10, 0),
(3335, 90, 0, '2017-04-24', '210', '10', 10, 0),
(3336, 90, 0, '2017-04-25', '210', '10', 10, 0),
(3337, 90, 0, '2017-04-26', '210', '10', 10, 0),
(3338, 90, 0, '2017-04-27', '210', '10', 10, 0),
(3339, 90, 0, '2017-04-28', '210', '10', 10, 0),
(3340, 90, 0, '2017-04-29', '210', '10', 10, 0),
(3341, 90, 0, '2017-04-30', '210', '10', 10, 0),
(3342, 90, 0, '2017-05-01', '210', '10', 10, 0),
(3343, 90, 0, '2017-05-02', '210', '10', 10, 0),
(3344, 90, 0, '2017-05-03', '210', '10', 10, 0),
(3345, 90, 0, '2017-05-04', '210', '10', 10, 0),
(3346, 90, 0, '2017-05-05', '210', '10', 10, 0),
(3347, 90, 0, '2017-05-06', '210', '10', 10, 0),
(3348, 90, 0, '2017-05-07', '210', '10', 10, 0),
(3349, 90, 0, '2017-05-08', '210', '10', 10, 0),
(3350, 90, 0, '2017-05-09', '210', '10', 10, 0),
(3351, 90, 0, '2017-05-10', '210', '10', 10, 0),
(3352, 90, 0, '2017-05-11', '210', '10', 10, 0),
(3353, 90, 0, '2017-05-12', '210', '10', 10, 0),
(3354, 90, 0, '2017-05-13', '210', '10', 10, 0),
(3355, 90, 0, '2017-05-14', '210', '10', 10, 0),
(3356, 90, 0, '2017-05-15', '210', '10', 10, 0),
(3357, 90, 0, '2017-05-16', '210', '10', 10, 0),
(3358, 90, 0, '2017-05-17', '210', '10', 10, 0),
(3359, 90, 0, '2017-05-18', '210', '10', 10, 0),
(3360, 90, 0, '2017-05-19', '210', '10', 10, 0),
(3361, 90, 0, '2017-05-20', '210', '10', 10, 0),
(3362, 90, 0, '2017-05-21', '210', '10', 10, 0),
(3363, 90, 0, '2017-05-22', '210', '10', 10, 0),
(3364, 90, 0, '2017-05-23', '210', '10', 10, 0),
(3365, 90, 0, '2017-05-24', '210', '10', 10, 0),
(3366, 90, 0, '2017-05-25', '210', '10', 10, 0),
(3367, 90, 0, '2017-05-26', '210', '10', 10, 0),
(3368, 90, 0, '2017-05-27', '210', '10', 10, 0),
(3369, 91, 0, '2017-04-09', '350', '10', 10, 0),
(3370, 91, 0, '2017-04-10', '350', '10', 10, 0),
(3371, 91, 0, '2017-04-11', '350', '10', 10, 0),
(3372, 91, 0, '2017-04-12', '350', '10', 10, 0),
(3373, 91, 0, '2017-04-13', '350', '10', 10, 0),
(3374, 91, 0, '2017-04-14', '350', '10', 10, 0),
(3375, 91, 0, '2017-04-15', '350', '10', 10, 0),
(3376, 91, 0, '2017-04-16', '350', '10', 10, 0),
(3377, 91, 0, '2017-04-17', '350', '10', 10, 0),
(3378, 91, 0, '2017-04-18', '350', '10', 10, 0),
(3379, 91, 0, '2017-04-19', '350', '10', 10, 0),
(3380, 91, 0, '2017-04-20', '350', '10', 10, 0),
(3381, 91, 0, '2017-04-21', '350', '10', 10, 0),
(3382, 91, 0, '2017-04-22', '350', '10', 10, 0),
(3383, 91, 0, '2017-04-23', '350', '10', 10, 0),
(3384, 91, 0, '2017-04-24', '350', '10', 10, 0),
(3385, 91, 0, '2017-04-25', '350', '10', 10, 0),
(3386, 91, 0, '2017-04-26', '350', '10', 10, 0),
(3387, 91, 0, '2017-04-27', '350', '10', 10, 0),
(3388, 91, 0, '2017-04-28', '350', '10', 10, 0),
(3389, 91, 0, '2017-04-29', '350', '10', 10, 0),
(3390, 91, 0, '2017-04-30', '350', '10', 10, 0),
(3391, 91, 0, '2017-05-01', '350', '10', 10, 0),
(3392, 91, 0, '2017-05-02', '350', '10', 10, 0),
(3393, 91, 0, '2017-05-03', '350', '10', 10, 0),
(3394, 91, 0, '2017-05-04', '350', '10', 10, 0),
(3395, 91, 0, '2017-05-05', '350', '10', 10, 0),
(3396, 91, 0, '2017-05-06', '350', '10', 10, 0),
(3397, 91, 0, '2017-05-07', '350', '10', 10, 0),
(3398, 91, 0, '2017-05-08', '350', '10', 10, 0),
(3399, 91, 0, '2017-05-09', '350', '10', 10, 0),
(3400, 91, 0, '2017-05-10', '350', '10', 10, 0),
(3401, 91, 0, '2017-05-11', '350', '10', 10, 0),
(3402, 91, 0, '2017-05-12', '350', '10', 10, 0),
(3403, 91, 0, '2017-05-13', '350', '10', 10, 0),
(3404, 91, 0, '2017-05-14', '350', '10', 10, 0),
(3405, 91, 0, '2017-05-15', '350', '10', 10, 0),
(3406, 91, 0, '2017-05-16', '350', '10', 10, 0),
(3407, 91, 0, '2017-05-17', '350', '10', 10, 0),
(3408, 91, 0, '2017-05-18', '350', '10', 10, 0),
(3409, 91, 0, '2017-05-19', '350', '10', 10, 0),
(3410, 91, 0, '2017-05-20', '350', '10', 10, 0),
(3411, 91, 0, '2017-05-21', '350', '10', 10, 0),
(3412, 91, 0, '2017-05-22', '350', '10', 10, 0),
(3413, 91, 0, '2017-05-23', '350', '10', 10, 0),
(3414, 91, 0, '2017-05-24', '350', '10', 10, 0),
(3415, 91, 0, '2017-05-25', '350', '10', 10, 0),
(3416, 91, 0, '2017-05-26', '350', '10', 10, 0),
(3417, 91, 0, '2017-05-27', '350', '10', 10, 0),
(3418, 92, 0, '2017-04-09', '350', '10', 10, 0),
(3419, 92, 0, '2017-04-10', '350', '10', 10, 0),
(3420, 92, 0, '2017-04-11', '350', '10', 10, 0),
(3421, 92, 0, '2017-04-12', '350', '10', 10, 0),
(3422, 92, 0, '2017-04-13', '350', '10', 10, 0),
(3423, 92, 0, '2017-04-14', '350', '10', 10, 0),
(3424, 92, 0, '2017-04-15', '350', '10', 10, 0),
(3425, 92, 0, '2017-04-16', '350', '10', 10, 0),
(3426, 92, 0, '2017-04-17', '350', '10', 10, 0),
(3427, 92, 0, '2017-04-18', '350', '10', 10, 0),
(3428, 92, 0, '2017-04-19', '350', '10', 10, 0),
(3429, 92, 0, '2017-04-20', '350', '10', 10, 0),
(3430, 92, 0, '2017-04-21', '350', '10', 10, 0),
(3431, 92, 0, '2017-04-22', '350', '10', 10, 0),
(3432, 92, 0, '2017-04-23', '350', '10', 10, 0),
(3433, 92, 0, '2017-04-24', '350', '10', 10, 0),
(3434, 92, 0, '2017-04-25', '350', '10', 10, 0),
(3435, 92, 0, '2017-04-26', '350', '10', 10, 0),
(3436, 92, 0, '2017-04-27', '350', '10', 10, 0),
(3437, 92, 0, '2017-04-28', '350', '10', 10, 0),
(3438, 92, 0, '2017-04-29', '350', '10', 10, 0),
(3439, 92, 0, '2017-04-30', '350', '10', 10, 0),
(3440, 92, 0, '2017-05-01', '350', '10', 10, 0),
(3441, 92, 0, '2017-05-02', '350', '10', 10, 0),
(3442, 92, 0, '2017-05-03', '350', '10', 10, 0),
(3443, 92, 0, '2017-05-04', '350', '10', 10, 0),
(3444, 92, 0, '2017-05-05', '350', '10', 10, 0),
(3445, 92, 0, '2017-05-06', '350', '10', 10, 0),
(3446, 92, 0, '2017-05-07', '350', '10', 10, 0),
(3447, 92, 0, '2017-05-08', '350', '10', 10, 0),
(3448, 92, 0, '2017-05-09', '350', '10', 10, 0),
(3449, 92, 0, '2017-05-10', '350', '10', 10, 0),
(3450, 92, 0, '2017-05-11', '350', '10', 10, 0),
(3451, 92, 0, '2017-05-12', '350', '10', 10, 0),
(3452, 92, 0, '2017-05-13', '350', '10', 10, 0),
(3453, 92, 0, '2017-05-14', '350', '10', 10, 0),
(3454, 92, 0, '2017-05-15', '350', '10', 10, 0),
(3455, 92, 0, '2017-05-16', '350', '10', 10, 0),
(3456, 92, 0, '2017-05-17', '350', '10', 10, 0),
(3457, 92, 0, '2017-05-18', '350', '10', 10, 0),
(3458, 92, 0, '2017-05-19', '350', '10', 10, 0),
(3459, 92, 0, '2017-05-20', '350', '10', 10, 0),
(3460, 92, 0, '2017-05-21', '350', '10', 10, 0),
(3461, 92, 0, '2017-05-22', '350', '10', 10, 0),
(3462, 92, 0, '2017-05-23', '350', '10', 10, 0),
(3463, 92, 0, '2017-05-24', '350', '10', 10, 0),
(3464, 92, 0, '2017-05-25', '350', '10', 10, 0),
(3465, 92, 0, '2017-05-26', '350', '10', 10, 0),
(3466, 92, 0, '2017-05-27', '350', '10', 10, 0),
(3467, 93, 0, '2017-04-09', '350', '10', 10, 0),
(3468, 93, 0, '2017-04-10', '350', '10', 10, 0),
(3469, 93, 0, '2017-04-11', '350', '10', 10, 0),
(3470, 93, 0, '2017-04-12', '350', '10', 10, 0),
(3471, 93, 0, '2017-04-13', '350', '10', 10, 0),
(3472, 93, 0, '2017-04-14', '350', '10', 10, 0),
(3473, 93, 0, '2017-04-15', '350', '10', 10, 0),
(3474, 93, 0, '2017-04-16', '350', '10', 10, 0),
(3475, 93, 0, '2017-04-17', '350', '10', 10, 0),
(3476, 93, 0, '2017-04-18', '350', '10', 10, 0),
(3477, 93, 0, '2017-04-19', '350', '10', 10, 0),
(3478, 93, 0, '2017-04-20', '350', '10', 10, 0),
(3479, 93, 0, '2017-04-21', '350', '10', 10, 0),
(3480, 93, 0, '2017-04-22', '350', '10', 10, 0),
(3481, 93, 0, '2017-04-23', '350', '10', 10, 0),
(3482, 93, 0, '2017-04-24', '350', '10', 10, 0),
(3483, 93, 0, '2017-04-25', '350', '10', 10, 0),
(3484, 93, 0, '2017-04-26', '350', '10', 10, 0),
(3485, 93, 0, '2017-04-27', '350', '10', 10, 0),
(3486, 93, 0, '2017-04-28', '350', '10', 10, 0),
(3487, 93, 0, '2017-04-29', '350', '10', 10, 0),
(3488, 93, 0, '2017-04-30', '350', '10', 10, 0),
(3489, 93, 0, '2017-05-01', '350', '10', 10, 0),
(3490, 93, 0, '2017-05-02', '350', '10', 10, 0),
(3491, 93, 0, '2017-05-03', '350', '10', 10, 0),
(3492, 93, 0, '2017-05-04', '350', '10', 10, 0),
(3493, 93, 0, '2017-05-05', '350', '10', 10, 0),
(3494, 93, 0, '2017-05-06', '350', '10', 10, 0),
(3495, 93, 0, '2017-05-07', '350', '10', 10, 0),
(3496, 93, 0, '2017-05-08', '350', '10', 10, 0),
(3497, 93, 0, '2017-05-09', '350', '10', 10, 0),
(3498, 93, 0, '2017-05-10', '350', '10', 10, 0),
(3499, 93, 0, '2017-05-11', '350', '10', 10, 0),
(3500, 93, 0, '2017-05-12', '350', '10', 10, 0),
(3501, 93, 0, '2017-05-13', '350', '10', 10, 0),
(3502, 93, 0, '2017-05-14', '350', '10', 10, 0),
(3503, 93, 0, '2017-05-15', '350', '10', 10, 0),
(3504, 93, 0, '2017-05-16', '350', '10', 10, 0),
(3505, 93, 0, '2017-05-17', '350', '10', 10, 0),
(3506, 93, 0, '2017-05-18', '350', '10', 10, 0),
(3507, 93, 0, '2017-05-19', '350', '10', 10, 0),
(3508, 93, 0, '2017-05-20', '350', '10', 10, 0),
(3509, 93, 0, '2017-05-21', '350', '10', 10, 0),
(3510, 93, 0, '2017-05-22', '350', '10', 10, 0),
(3511, 93, 0, '2017-05-23', '350', '10', 10, 0),
(3512, 93, 0, '2017-05-24', '350', '10', 10, 0),
(3513, 93, 0, '2017-05-25', '350', '10', 10, 0),
(3514, 93, 0, '2017-05-26', '350', '10', 10, 0),
(3515, 93, 0, '2017-05-27', '350', '10', 10, 0),
(3516, 94, 0, '2017-04-09', '350', '10', 10, 0),
(3517, 94, 0, '2017-04-10', '350', '10', 10, 0),
(3518, 94, 0, '2017-04-11', '350', '10', 10, 0),
(3519, 94, 0, '2017-04-12', '350', '10', 10, 0),
(3520, 94, 0, '2017-04-13', '350', '10', 10, 0),
(3521, 94, 0, '2017-04-14', '350', '10', 10, 0),
(3522, 94, 0, '2017-04-15', '350', '10', 10, 0),
(3523, 94, 0, '2017-04-16', '350', '10', 10, 0),
(3524, 94, 0, '2017-04-17', '350', '10', 10, 0),
(3525, 94, 0, '2017-04-18', '350', '10', 10, 0),
(3526, 94, 0, '2017-04-19', '350', '10', 10, 0),
(3527, 94, 0, '2017-04-20', '350', '10', 10, 0),
(3528, 94, 0, '2017-04-21', '350', '10', 10, 0),
(3529, 94, 0, '2017-04-22', '350', '10', 10, 0),
(3530, 94, 0, '2017-04-23', '350', '10', 10, 0),
(3531, 94, 0, '2017-04-24', '350', '10', 10, 0),
(3532, 94, 0, '2017-04-25', '350', '10', 10, 0),
(3533, 94, 0, '2017-04-26', '350', '10', 10, 0),
(3534, 94, 0, '2017-04-27', '350', '10', 10, 0),
(3535, 94, 0, '2017-04-28', '350', '10', 10, 0),
(3536, 94, 0, '2017-04-29', '350', '10', 10, 0),
(3537, 94, 0, '2017-04-30', '350', '10', 10, 0),
(3538, 94, 0, '2017-05-01', '350', '10', 10, 0),
(3539, 94, 0, '2017-05-02', '350', '10', 10, 0),
(3540, 94, 0, '2017-05-03', '350', '10', 10, 0),
(3541, 94, 0, '2017-05-04', '350', '10', 10, 0),
(3542, 94, 0, '2017-05-05', '350', '10', 10, 0),
(3543, 94, 0, '2017-05-06', '350', '10', 10, 0),
(3544, 94, 0, '2017-05-07', '350', '10', 10, 0),
(3545, 94, 0, '2017-05-08', '350', '10', 10, 0),
(3546, 94, 0, '2017-05-09', '350', '10', 10, 0),
(3547, 94, 0, '2017-05-10', '350', '10', 10, 0),
(3548, 94, 0, '2017-05-11', '350', '10', 10, 0),
(3549, 94, 0, '2017-05-12', '350', '10', 10, 0),
(3550, 94, 0, '2017-05-13', '350', '10', 10, 0),
(3551, 94, 0, '2017-05-14', '350', '10', 10, 0),
(3552, 94, 0, '2017-05-15', '350', '10', 10, 0),
(3553, 94, 0, '2017-05-16', '350', '10', 10, 0),
(3554, 94, 0, '2017-05-17', '350', '10', 10, 0),
(3555, 94, 0, '2017-05-18', '350', '10', 10, 0),
(3556, 94, 0, '2017-05-19', '350', '10', 10, 0),
(3557, 94, 0, '2017-05-20', '350', '10', 10, 0),
(3558, 94, 0, '2017-05-21', '350', '10', 10, 0),
(3559, 94, 0, '2017-05-22', '350', '10', 10, 0),
(3560, 94, 0, '2017-05-23', '350', '10', 10, 0),
(3561, 94, 0, '2017-05-24', '350', '10', 10, 0),
(3562, 94, 0, '2017-05-25', '350', '10', 10, 0),
(3563, 94, 0, '2017-05-26', '350', '10', 10, 0),
(3564, 94, 0, '2017-05-27', '350', '10', 10, 0),
(3565, 95, 0, '2017-04-09', '170', '10', 10, 0),
(3566, 95, 0, '2017-04-10', '170', '10', 10, 0),
(3567, 95, 0, '2017-04-11', '170', '10', 10, 0),
(3568, 95, 0, '2017-04-12', '170', '10', 10, 0),
(3569, 95, 0, '2017-04-13', '170', '10', 10, 0),
(3570, 95, 0, '2017-04-14', '170', '10', 10, 0),
(3571, 95, 0, '2017-04-15', '170', '10', 10, 0),
(3572, 95, 0, '2017-04-16', '170', '10', 10, 0),
(3573, 95, 0, '2017-04-17', '170', '10', 10, 0),
(3574, 95, 0, '2017-04-18', '170', '10', 10, 0),
(3575, 95, 0, '2017-04-19', '170', '10', 10, 0),
(3576, 95, 0, '2017-04-20', '170', '10', 10, 0),
(3577, 95, 0, '2017-04-21', '170', '10', 10, 0),
(3578, 95, 0, '2017-04-22', '170', '10', 10, 0),
(3579, 95, 0, '2017-04-23', '170', '10', 10, 0),
(3580, 95, 0, '2017-04-24', '170', '10', 10, 0),
(3581, 95, 0, '2017-04-25', '170', '10', 10, 0),
(3582, 95, 0, '2017-04-26', '170', '10', 10, 0),
(3583, 95, 0, '2017-04-27', '170', '10', 10, 0),
(3584, 95, 0, '2017-04-28', '170', '10', 10, 0),
(3585, 95, 0, '2017-04-29', '170', '10', 10, 0),
(3586, 95, 0, '2017-04-30', '170', '10', 10, 0),
(3587, 95, 0, '2017-05-01', '170', '10', 10, 0),
(3588, 95, 0, '2017-05-02', '170', '10', 10, 0),
(3589, 95, 0, '2017-05-03', '170', '10', 10, 0),
(3590, 95, 0, '2017-05-04', '170', '10', 10, 0),
(3591, 95, 0, '2017-05-05', '170', '10', 10, 0),
(3592, 95, 0, '2017-05-06', '170', '10', 10, 0),
(3593, 95, 0, '2017-05-07', '170', '10', 10, 0),
(3594, 95, 0, '2017-05-08', '170', '10', 10, 0),
(3595, 95, 0, '2017-05-09', '170', '10', 10, 0),
(3596, 95, 0, '2017-05-10', '170', '10', 10, 0),
(3597, 95, 0, '2017-05-11', '170', '10', 10, 0),
(3598, 95, 0, '2017-05-12', '170', '10', 10, 0),
(3599, 95, 0, '2017-05-13', '170', '10', 10, 0),
(3600, 95, 0, '2017-05-14', '170', '10', 10, 0),
(3601, 95, 0, '2017-05-15', '170', '10', 10, 0),
(3602, 95, 0, '2017-05-16', '170', '10', 10, 0),
(3603, 95, 0, '2017-05-17', '170', '10', 10, 0),
(3604, 95, 0, '2017-05-18', '170', '10', 10, 0),
(3605, 95, 0, '2017-05-19', '170', '10', 10, 0),
(3606, 95, 0, '2017-05-20', '170', '10', 10, 0),
(3607, 95, 0, '2017-05-21', '170', '10', 10, 0),
(3608, 95, 0, '2017-05-22', '170', '10', 10, 0),
(3609, 95, 0, '2017-05-23', '170', '10', 10, 0),
(3610, 95, 0, '2017-05-24', '170', '10', 10, 0),
(3611, 95, 0, '2017-05-25', '170', '10', 10, 0),
(3612, 95, 0, '2017-05-26', '170', '10', 10, 0),
(3613, 95, 0, '2017-05-27', '170', '10', 10, 0),
(3614, 96, 0, '2017-04-09', '170', '10', 10, 0),
(3615, 96, 0, '2017-04-10', '170', '10', 10, 0),
(3616, 96, 0, '2017-04-11', '170', '10', 10, 0),
(3617, 96, 0, '2017-04-12', '170', '10', 10, 0),
(3618, 96, 0, '2017-04-13', '170', '10', 10, 0),
(3619, 96, 0, '2017-04-14', '170', '10', 10, 0),
(3620, 96, 0, '2017-04-15', '170', '10', 10, 0),
(3621, 96, 0, '2017-04-16', '170', '10', 10, 0),
(3622, 96, 0, '2017-04-17', '170', '10', 10, 0),
(3623, 96, 0, '2017-04-18', '170', '10', 10, 0),
(3624, 96, 0, '2017-04-19', '170', '10', 10, 0),
(3625, 96, 0, '2017-04-20', '170', '10', 10, 0),
(3626, 96, 0, '2017-04-21', '170', '10', 10, 0),
(3627, 96, 0, '2017-04-22', '170', '10', 10, 0),
(3628, 96, 0, '2017-04-23', '170', '10', 10, 0),
(3629, 96, 0, '2017-04-24', '170', '10', 10, 0),
(3630, 96, 0, '2017-04-25', '170', '10', 10, 0),
(3631, 96, 0, '2017-04-26', '170', '10', 10, 0),
(3632, 96, 0, '2017-04-27', '170', '10', 10, 0),
(3633, 96, 0, '2017-04-28', '170', '10', 10, 0),
(3634, 96, 0, '2017-04-29', '170', '10', 10, 0),
(3635, 96, 0, '2017-04-30', '170', '10', 10, 0),
(3636, 96, 0, '2017-05-01', '170', '10', 10, 0),
(3637, 96, 0, '2017-05-02', '170', '10', 10, 0),
(3638, 96, 0, '2017-05-03', '170', '10', 10, 0),
(3639, 96, 0, '2017-05-04', '170', '10', 10, 0),
(3640, 96, 0, '2017-05-05', '170', '10', 10, 0),
(3641, 96, 0, '2017-05-06', '170', '10', 10, 0),
(3642, 96, 0, '2017-05-07', '170', '10', 10, 0),
(3643, 96, 0, '2017-05-08', '170', '10', 10, 0),
(3644, 96, 0, '2017-05-09', '170', '10', 10, 0),
(3645, 96, 0, '2017-05-10', '170', '10', 10, 0),
(3646, 96, 0, '2017-05-11', '170', '10', 10, 0),
(3647, 96, 0, '2017-05-12', '170', '10', 10, 0),
(3648, 96, 0, '2017-05-13', '170', '10', 10, 0),
(3649, 96, 0, '2017-05-14', '170', '10', 10, 0),
(3650, 96, 0, '2017-05-15', '170', '10', 10, 0),
(3651, 96, 0, '2017-05-16', '170', '10', 10, 0),
(3652, 96, 0, '2017-05-17', '170', '10', 10, 0),
(3653, 96, 0, '2017-05-18', '170', '10', 10, 0),
(3654, 96, 0, '2017-05-19', '170', '10', 10, 0),
(3655, 96, 0, '2017-05-20', '170', '10', 10, 0),
(3656, 96, 0, '2017-05-21', '170', '10', 10, 0),
(3657, 96, 0, '2017-05-22', '170', '10', 10, 0),
(3658, 96, 0, '2017-05-23', '170', '10', 10, 0),
(3659, 96, 0, '2017-05-24', '170', '10', 10, 0),
(3660, 96, 0, '2017-05-25', '170', '10', 10, 0),
(3661, 96, 0, '2017-05-26', '170', '10', 10, 0),
(3662, 96, 0, '2017-05-27', '170', '10', 10, 0),
(3663, 97, 0, '2017-04-09', '170', '10', 10, 0),
(3664, 97, 0, '2017-04-10', '170', '10', 10, 0),
(3665, 97, 0, '2017-04-11', '170', '10', 10, 0),
(3666, 97, 0, '2017-04-12', '170', '10', 10, 0),
(3667, 97, 0, '2017-04-13', '170', '10', 10, 0),
(3668, 97, 0, '2017-04-14', '170', '10', 10, 0),
(3669, 97, 0, '2017-04-15', '170', '10', 10, 0),
(3670, 97, 0, '2017-04-16', '170', '10', 10, 0),
(3671, 97, 0, '2017-04-17', '170', '10', 10, 0),
(3672, 97, 0, '2017-04-18', '170', '10', 10, 0),
(3673, 97, 0, '2017-04-19', '170', '10', 10, 0),
(3674, 97, 0, '2017-04-20', '170', '10', 10, 0),
(3675, 97, 0, '2017-04-21', '170', '10', 10, 0),
(3676, 97, 0, '2017-04-22', '170', '10', 10, 0),
(3677, 97, 0, '2017-04-23', '170', '10', 10, 0),
(3678, 97, 0, '2017-04-24', '170', '10', 10, 0),
(3679, 97, 0, '2017-04-25', '170', '10', 10, 0),
(3680, 97, 0, '2017-04-26', '170', '10', 10, 0),
(3681, 97, 0, '2017-04-27', '170', '10', 10, 0),
(3682, 97, 0, '2017-04-28', '170', '10', 10, 0),
(3683, 97, 0, '2017-04-29', '170', '10', 10, 0),
(3684, 97, 0, '2017-04-30', '170', '10', 10, 0),
(3685, 97, 0, '2017-05-01', '170', '10', 10, 0),
(3686, 97, 0, '2017-05-02', '170', '10', 10, 0),
(3687, 97, 0, '2017-05-03', '170', '10', 10, 0),
(3688, 97, 0, '2017-05-04', '170', '10', 10, 0),
(3689, 97, 0, '2017-05-05', '170', '10', 10, 0),
(3690, 97, 0, '2017-05-06', '170', '10', 10, 0),
(3691, 97, 0, '2017-05-07', '170', '10', 10, 0),
(3692, 97, 0, '2017-05-08', '170', '10', 10, 0),
(3693, 97, 0, '2017-05-09', '170', '10', 10, 0),
(3694, 97, 0, '2017-05-10', '170', '10', 10, 0),
(3695, 97, 0, '2017-05-11', '170', '10', 10, 0),
(3696, 97, 0, '2017-05-12', '170', '10', 10, 0),
(3697, 97, 0, '2017-05-13', '170', '10', 10, 0),
(3698, 97, 0, '2017-05-14', '170', '10', 10, 0),
(3699, 97, 0, '2017-05-15', '170', '10', 10, 0),
(3700, 97, 0, '2017-05-16', '170', '10', 10, 0),
(3701, 97, 0, '2017-05-17', '170', '10', 10, 0),
(3702, 97, 0, '2017-05-18', '170', '10', 10, 0),
(3703, 97, 0, '2017-05-19', '170', '10', 10, 0),
(3704, 97, 0, '2017-05-20', '170', '10', 10, 0),
(3705, 97, 0, '2017-05-21', '170', '10', 10, 0),
(3706, 97, 0, '2017-05-22', '170', '10', 10, 0),
(3707, 97, 0, '2017-05-23', '170', '10', 10, 0),
(3708, 97, 0, '2017-05-24', '170', '10', 10, 0),
(3709, 97, 0, '2017-05-25', '170', '10', 10, 0),
(3710, 97, 0, '2017-05-26', '170', '10', 10, 0),
(3711, 97, 0, '2017-05-27', '170', '10', 10, 0),
(3712, 98, 0, '2017-04-09', '170', '10', 10, 0),
(3713, 98, 0, '2017-04-10', '170', '10', 10, 0),
(3714, 98, 0, '2017-04-11', '170', '10', 10, 0),
(3715, 98, 0, '2017-04-12', '170', '10', 10, 0),
(3716, 98, 0, '2017-04-13', '170', '10', 10, 0),
(3717, 98, 0, '2017-04-14', '170', '10', 10, 0),
(3718, 98, 0, '2017-04-15', '170', '10', 10, 0),
(3719, 98, 0, '2017-04-16', '170', '10', 10, 0),
(3720, 98, 0, '2017-04-17', '170', '10', 10, 0),
(3721, 98, 0, '2017-04-18', '170', '10', 10, 0),
(3722, 98, 0, '2017-04-19', '170', '10', 10, 0),
(3723, 98, 0, '2017-04-20', '170', '10', 10, 0),
(3724, 98, 0, '2017-04-21', '170', '10', 10, 0),
(3725, 98, 0, '2017-04-22', '170', '10', 10, 0),
(3726, 98, 0, '2017-04-23', '170', '10', 10, 0),
(3727, 98, 0, '2017-04-24', '170', '10', 10, 0),
(3728, 98, 0, '2017-04-25', '170', '10', 10, 0),
(3729, 98, 0, '2017-04-26', '170', '10', 10, 0),
(3730, 98, 0, '2017-04-27', '170', '10', 10, 0),
(3731, 98, 0, '2017-04-28', '170', '10', 10, 0),
(3732, 98, 0, '2017-04-29', '170', '10', 10, 0),
(3733, 98, 0, '2017-04-30', '170', '10', 10, 0),
(3734, 98, 0, '2017-05-01', '170', '10', 10, 0),
(3735, 98, 0, '2017-05-02', '170', '10', 10, 0),
(3736, 98, 0, '2017-05-03', '170', '10', 10, 0),
(3737, 98, 0, '2017-05-04', '170', '10', 10, 0),
(3738, 98, 0, '2017-05-05', '170', '10', 10, 0),
(3739, 98, 0, '2017-05-06', '170', '10', 10, 0),
(3740, 98, 0, '2017-05-07', '170', '10', 10, 0),
(3741, 98, 0, '2017-05-08', '170', '10', 10, 0),
(3742, 98, 0, '2017-05-09', '170', '10', 10, 0),
(3743, 98, 0, '2017-05-10', '170', '10', 10, 0),
(3744, 98, 0, '2017-05-11', '170', '10', 10, 0),
(3745, 98, 0, '2017-05-12', '170', '10', 10, 0),
(3746, 98, 0, '2017-05-13', '170', '10', 10, 0),
(3747, 98, 0, '2017-05-14', '170', '10', 10, 0),
(3748, 98, 0, '2017-05-15', '170', '10', 10, 0),
(3749, 98, 0, '2017-05-16', '170', '10', 10, 0),
(3750, 98, 0, '2017-05-17', '170', '10', 10, 0),
(3751, 98, 0, '2017-05-18', '170', '10', 10, 0),
(3752, 98, 0, '2017-05-19', '170', '10', 10, 0),
(3753, 98, 0, '2017-05-20', '170', '10', 10, 0),
(3754, 98, 0, '2017-05-21', '170', '10', 10, 0),
(3755, 98, 0, '2017-05-22', '170', '10', 10, 0),
(3756, 98, 0, '2017-05-23', '170', '10', 10, 0),
(3757, 98, 0, '2017-05-24', '170', '10', 10, 0),
(3758, 98, 0, '2017-05-25', '170', '10', 10, 0),
(3759, 98, 0, '2017-05-26', '170', '10', 10, 0),
(3760, 98, 0, '2017-05-27', '170', '10', 10, 0),
(3761, 99, 0, '2017-04-09', '100', '10', 10, 0),
(3762, 99, 0, '2017-04-10', '100', '10', 10, 0),
(3763, 99, 0, '2017-04-11', '100', '10', 10, 0),
(3764, 99, 0, '2017-04-12', '100', '10', 10, 0),
(3765, 99, 0, '2017-04-13', '100', '10', 10, 0),
(3766, 99, 0, '2017-04-14', '100', '10', 10, 0),
(3767, 99, 0, '2017-04-15', '100', '10', 10, 0),
(3768, 99, 0, '2017-04-16', '100', '10', 10, 0),
(3769, 99, 0, '2017-04-17', '100', '10', 10, 0),
(3770, 99, 0, '2017-04-18', '100', '10', 10, 0),
(3771, 99, 0, '2017-04-19', '100', '10', 10, 0),
(3772, 99, 0, '2017-04-20', '100', '10', 10, 0),
(3773, 99, 0, '2017-04-21', '100', '10', 10, 0),
(3774, 99, 0, '2017-04-22', '100', '10', 10, 0),
(3775, 99, 0, '2017-04-23', '100', '10', 10, 0),
(3776, 99, 0, '2017-04-24', '100', '10', 10, 0),
(3777, 99, 0, '2017-04-25', '100', '10', 10, 0),
(3778, 99, 0, '2017-04-26', '100', '10', 10, 0),
(3779, 99, 0, '2017-04-27', '100', '10', 10, 0),
(3780, 99, 0, '2017-04-28', '100', '10', 10, 0),
(3781, 99, 0, '2017-04-29', '100', '10', 10, 0),
(3782, 99, 0, '2017-04-30', '100', '10', 10, 0),
(3783, 99, 0, '2017-05-01', '100', '10', 10, 0),
(3784, 99, 0, '2017-05-02', '100', '10', 10, 0),
(3785, 99, 0, '2017-05-03', '100', '10', 10, 0),
(3786, 99, 0, '2017-05-04', '100', '10', 10, 0),
(3787, 99, 0, '2017-05-05', '100', '10', 10, 0),
(3788, 99, 0, '2017-05-06', '100', '10', 10, 0),
(3789, 99, 0, '2017-05-07', '100', '10', 10, 0),
(3790, 99, 0, '2017-05-08', '100', '10', 10, 0),
(3791, 99, 0, '2017-05-09', '100', '10', 10, 0),
(3792, 99, 0, '2017-05-10', '100', '10', 10, 0),
(3793, 99, 0, '2017-05-11', '100', '10', 10, 0),
(3794, 99, 0, '2017-05-12', '100', '10', 10, 0),
(3795, 99, 0, '2017-05-13', '100', '10', 10, 0),
(3796, 99, 0, '2017-05-14', '100', '10', 10, 0),
(3797, 99, 0, '2017-05-15', '100', '10', 10, 0),
(3798, 99, 0, '2017-05-16', '100', '10', 10, 0),
(3799, 99, 0, '2017-05-17', '100', '10', 10, 0),
(3800, 99, 0, '2017-05-18', '100', '10', 10, 0),
(3801, 99, 0, '2017-05-19', '100', '10', 10, 0),
(3802, 99, 0, '2017-05-20', '100', '10', 10, 0),
(3803, 99, 0, '2017-05-21', '100', '10', 10, 0),
(3804, 99, 0, '2017-05-22', '100', '10', 10, 0),
(3805, 99, 0, '2017-05-23', '100', '10', 10, 0),
(3806, 99, 0, '2017-05-24', '100', '10', 10, 0),
(3807, 99, 0, '2017-05-25', '100', '10', 10, 0),
(3808, 99, 0, '2017-05-26', '100', '10', 10, 0),
(3809, 99, 0, '2017-05-27', '100', '10', 10, 0),
(3810, 100, 0, '2017-04-09', '100', '10', 10, 0),
(3811, 100, 0, '2017-04-10', '100', '10', 10, 0),
(3812, 100, 0, '2017-04-11', '100', '10', 10, 0),
(3813, 100, 0, '2017-04-12', '100', '10', 10, 0),
(3814, 100, 0, '2017-04-13', '100', '10', 10, 0),
(3815, 100, 0, '2017-04-14', '100', '10', 10, 0),
(3816, 100, 0, '2017-04-15', '100', '10', 10, 0),
(3817, 100, 0, '2017-04-16', '100', '10', 10, 0),
(3818, 100, 0, '2017-04-17', '100', '10', 10, 0),
(3819, 100, 0, '2017-04-18', '100', '10', 10, 0),
(3820, 100, 0, '2017-04-19', '100', '10', 10, 0),
(3821, 100, 0, '2017-04-20', '100', '10', 10, 0),
(3822, 100, 0, '2017-04-21', '100', '10', 10, 0),
(3823, 100, 0, '2017-04-22', '100', '10', 10, 0),
(3824, 100, 0, '2017-04-23', '100', '10', 10, 0),
(3825, 100, 0, '2017-04-24', '100', '10', 10, 0),
(3826, 100, 0, '2017-04-25', '100', '10', 10, 0),
(3827, 100, 0, '2017-04-26', '100', '10', 10, 0),
(3828, 100, 0, '2017-04-27', '100', '10', 10, 0),
(3829, 100, 0, '2017-04-28', '100', '10', 10, 0),
(3830, 100, 0, '2017-04-29', '100', '10', 10, 0),
(3831, 100, 0, '2017-04-30', '100', '10', 10, 0),
(3832, 100, 0, '2017-05-01', '100', '10', 10, 0),
(3833, 100, 0, '2017-05-02', '100', '10', 10, 0),
(3834, 100, 0, '2017-05-03', '100', '10', 10, 0),
(3835, 100, 0, '2017-05-04', '100', '10', 10, 0),
(3836, 100, 0, '2017-05-05', '100', '10', 10, 0),
(3837, 100, 0, '2017-05-06', '100', '10', 10, 0),
(3838, 100, 0, '2017-05-07', '100', '10', 10, 0),
(3839, 100, 0, '2017-05-08', '100', '10', 10, 0),
(3840, 100, 0, '2017-05-09', '100', '10', 10, 0),
(3841, 100, 0, '2017-05-10', '100', '10', 10, 0),
(3842, 100, 0, '2017-05-11', '100', '10', 10, 0),
(3843, 100, 0, '2017-05-12', '100', '10', 10, 0),
(3844, 100, 0, '2017-05-13', '100', '10', 10, 0),
(3845, 100, 0, '2017-05-14', '100', '10', 10, 0),
(3846, 100, 0, '2017-05-15', '100', '10', 10, 0),
(3847, 100, 0, '2017-05-16', '100', '10', 10, 0),
(3848, 100, 0, '2017-05-17', '100', '10', 10, 0),
(3849, 100, 0, '2017-05-18', '100', '10', 10, 0),
(3850, 100, 0, '2017-05-19', '100', '10', 10, 0),
(3851, 100, 0, '2017-05-20', '100', '10', 10, 0),
(3852, 100, 0, '2017-05-21', '100', '10', 10, 0),
(3853, 100, 0, '2017-05-22', '100', '10', 10, 0),
(3854, 100, 0, '2017-05-23', '100', '10', 10, 0),
(3855, 100, 0, '2017-05-24', '100', '10', 10, 0),
(3856, 100, 0, '2017-05-25', '100', '10', 10, 0),
(3857, 100, 0, '2017-05-26', '100', '10', 10, 0),
(3858, 100, 0, '2017-05-27', '100', '10', 10, 0),
(3859, 101, 0, '2017-04-09', '100', '10', 10, 0),
(3860, 101, 0, '2017-04-10', '100', '10', 10, 0),
(3861, 101, 0, '2017-04-11', '100', '10', 10, 0),
(3862, 101, 0, '2017-04-12', '100', '10', 10, 0),
(3863, 101, 0, '2017-04-13', '100', '10', 10, 0),
(3864, 101, 0, '2017-04-14', '100', '10', 10, 0),
(3865, 101, 0, '2017-04-15', '100', '10', 10, 0),
(3866, 101, 0, '2017-04-16', '100', '10', 10, 0),
(3867, 101, 0, '2017-04-17', '100', '10', 10, 0),
(3868, 101, 0, '2017-04-18', '100', '10', 10, 0),
(3869, 101, 0, '2017-04-19', '100', '10', 10, 0),
(3870, 101, 0, '2017-04-20', '100', '10', 10, 0),
(3871, 101, 0, '2017-04-21', '100', '10', 10, 0),
(3872, 101, 0, '2017-04-22', '100', '10', 10, 0),
(3873, 101, 0, '2017-04-23', '100', '10', 10, 0),
(3874, 101, 0, '2017-04-24', '100', '10', 10, 0),
(3875, 101, 0, '2017-04-25', '100', '10', 10, 0),
(3876, 101, 0, '2017-04-26', '100', '10', 10, 0),
(3877, 101, 0, '2017-04-27', '100', '10', 10, 0),
(3878, 101, 0, '2017-04-28', '100', '10', 10, 0),
(3879, 101, 0, '2017-04-29', '100', '10', 10, 0),
(3880, 101, 0, '2017-04-30', '100', '10', 10, 0),
(3881, 101, 0, '2017-05-01', '100', '10', 10, 0),
(3882, 101, 0, '2017-05-02', '100', '10', 10, 0),
(3883, 101, 0, '2017-05-03', '100', '10', 10, 0),
(3884, 101, 0, '2017-05-04', '100', '10', 10, 0),
(3885, 101, 0, '2017-05-05', '100', '10', 10, 0),
(3886, 101, 0, '2017-05-06', '100', '10', 10, 0),
(3887, 101, 0, '2017-05-07', '100', '10', 10, 0),
(3888, 101, 0, '2017-05-08', '100', '10', 10, 0),
(3889, 101, 0, '2017-05-09', '100', '10', 10, 0),
(3890, 101, 0, '2017-05-10', '100', '10', 10, 0),
(3891, 101, 0, '2017-05-11', '100', '10', 10, 0),
(3892, 101, 0, '2017-05-12', '100', '10', 10, 0),
(3893, 101, 0, '2017-05-13', '100', '10', 10, 0),
(3894, 101, 0, '2017-05-14', '100', '10', 10, 0),
(3895, 101, 0, '2017-05-15', '100', '10', 10, 0),
(3896, 101, 0, '2017-05-16', '100', '10', 10, 0),
(3897, 101, 0, '2017-05-17', '100', '10', 10, 0),
(3898, 101, 0, '2017-05-18', '100', '10', 10, 0),
(3899, 101, 0, '2017-05-19', '100', '10', 10, 0),
(3900, 101, 0, '2017-05-20', '100', '10', 10, 0),
(3901, 101, 0, '2017-05-21', '100', '10', 10, 0),
(3902, 101, 0, '2017-05-22', '100', '10', 10, 0),
(3903, 101, 0, '2017-05-23', '100', '10', 10, 0),
(3904, 101, 0, '2017-05-24', '100', '10', 10, 0),
(3905, 101, 0, '2017-05-25', '100', '10', 10, 0),
(3906, 101, 0, '2017-05-26', '100', '10', 10, 0),
(3907, 101, 0, '2017-05-27', '100', '10', 10, 0),
(3908, 102, 0, '2017-04-09', '100', '10', 10, 0),
(3909, 102, 0, '2017-04-10', '100', '10', 10, 0),
(3910, 102, 0, '2017-04-11', '100', '10', 10, 0),
(3911, 102, 0, '2017-04-12', '100', '10', 10, 0),
(3912, 102, 0, '2017-04-13', '100', '10', 10, 0),
(3913, 102, 0, '2017-04-14', '100', '10', 10, 0),
(3914, 102, 0, '2017-04-15', '100', '10', 10, 0),
(3915, 102, 0, '2017-04-16', '100', '10', 10, 0),
(3916, 102, 0, '2017-04-17', '100', '10', 10, 0),
(3917, 102, 0, '2017-04-18', '100', '10', 10, 0),
(3918, 102, 0, '2017-04-19', '100', '10', 10, 0),
(3919, 102, 0, '2017-04-20', '100', '10', 10, 0),
(3920, 102, 0, '2017-04-21', '100', '10', 10, 0),
(3921, 102, 0, '2017-04-22', '100', '10', 10, 0),
(3922, 102, 0, '2017-04-23', '100', '10', 10, 0),
(3923, 102, 0, '2017-04-24', '100', '10', 10, 0),
(3924, 102, 0, '2017-04-25', '100', '10', 10, 0),
(3925, 102, 0, '2017-04-26', '100', '10', 10, 0),
(3926, 102, 0, '2017-04-27', '100', '10', 10, 0),
(3927, 102, 0, '2017-04-28', '100', '10', 10, 0),
(3928, 102, 0, '2017-04-29', '100', '10', 10, 0),
(3929, 102, 0, '2017-04-30', '100', '10', 10, 0),
(3930, 102, 0, '2017-05-01', '100', '10', 10, 0),
(3931, 102, 0, '2017-05-02', '100', '10', 10, 0),
(3932, 102, 0, '2017-05-03', '100', '10', 10, 0),
(3933, 102, 0, '2017-05-04', '100', '10', 10, 0),
(3934, 102, 0, '2017-05-05', '100', '10', 10, 0),
(3935, 102, 0, '2017-05-06', '100', '10', 10, 0),
(3936, 102, 0, '2017-05-07', '100', '10', 10, 0),
(3937, 102, 0, '2017-05-08', '100', '10', 10, 0),
(3938, 102, 0, '2017-05-09', '100', '10', 10, 0),
(3939, 102, 0, '2017-05-10', '100', '10', 10, 0),
(3940, 102, 0, '2017-05-11', '100', '10', 10, 0),
(3941, 102, 0, '2017-05-12', '100', '10', 10, 0),
(3942, 102, 0, '2017-05-13', '100', '10', 10, 0),
(3943, 102, 0, '2017-05-14', '100', '10', 10, 0),
(3944, 102, 0, '2017-05-15', '100', '10', 10, 0),
(3945, 102, 0, '2017-05-16', '100', '10', 10, 0),
(3946, 102, 0, '2017-05-17', '100', '10', 10, 0),
(3947, 102, 0, '2017-05-18', '100', '10', 10, 0),
(3948, 102, 0, '2017-05-19', '100', '10', 10, 0),
(3949, 102, 0, '2017-05-20', '100', '10', 10, 0),
(3950, 102, 0, '2017-05-21', '100', '10', 10, 0),
(3951, 102, 0, '2017-05-22', '100', '10', 10, 0),
(3952, 102, 0, '2017-05-23', '100', '10', 10, 0),
(3953, 102, 0, '2017-05-24', '100', '10', 10, 0),
(3954, 102, 0, '2017-05-25', '100', '10', 10, 0),
(3955, 102, 0, '2017-05-26', '100', '10', 10, 0),
(3956, 102, 0, '2017-05-27', '100', '10', 10, 0),
(3957, 103, 0, '2017-04-09', '240', '10', 10, 0),
(3958, 103, 0, '2017-04-10', '240', '10', 10, 0),
(3959, 103, 0, '2017-04-11', '240', '10', 10, 0),
(3960, 103, 0, '2017-04-12', '240', '10', 10, 0),
(3961, 103, 0, '2017-04-13', '240', '10', 10, 0),
(3962, 103, 0, '2017-04-14', '240', '10', 10, 0),
(3963, 103, 0, '2017-04-15', '240', '10', 10, 0),
(3964, 103, 0, '2017-04-16', '240', '10', 10, 0),
(3965, 103, 0, '2017-04-17', '240', '10', 10, 0),
(3966, 103, 0, '2017-04-18', '240', '10', 10, 0),
(3967, 103, 0, '2017-04-19', '240', '10', 10, 0),
(3968, 103, 0, '2017-04-20', '240', '10', 10, 0),
(3969, 103, 0, '2017-04-21', '240', '10', 10, 0),
(3970, 103, 0, '2017-04-22', '240', '10', 10, 0),
(3971, 103, 0, '2017-04-23', '240', '10', 10, 0),
(3972, 103, 0, '2017-04-24', '240', '10', 10, 0),
(3973, 103, 0, '2017-04-25', '240', '10', 10, 0),
(3974, 103, 0, '2017-04-26', '240', '10', 10, 0),
(3975, 103, 0, '2017-04-27', '240', '10', 10, 0),
(3976, 103, 0, '2017-04-28', '240', '10', 10, 0),
(3977, 103, 0, '2017-04-29', '240', '10', 10, 0),
(3978, 103, 0, '2017-04-30', '240', '10', 10, 0),
(3979, 103, 0, '2017-05-01', '240', '10', 10, 0),
(3980, 103, 0, '2017-05-02', '240', '10', 10, 0),
(3981, 103, 0, '2017-05-03', '240', '10', 10, 0),
(3982, 103, 0, '2017-05-04', '240', '10', 10, 0),
(3983, 103, 0, '2017-05-05', '240', '10', 10, 0),
(3984, 103, 0, '2017-05-06', '240', '10', 10, 0),
(3985, 103, 0, '2017-05-07', '240', '10', 10, 0),
(3986, 103, 0, '2017-05-08', '240', '10', 10, 0),
(3987, 103, 0, '2017-05-09', '240', '10', 10, 0),
(3988, 103, 0, '2017-05-10', '240', '10', 10, 0),
(3989, 103, 0, '2017-05-11', '240', '10', 10, 0),
(3990, 103, 0, '2017-05-12', '240', '10', 10, 0),
(3991, 103, 0, '2017-05-13', '240', '10', 10, 0),
(3992, 103, 0, '2017-05-14', '240', '10', 10, 0),
(3993, 103, 0, '2017-05-15', '240', '10', 10, 0),
(3994, 103, 0, '2017-05-16', '240', '10', 10, 0),
(3995, 103, 0, '2017-05-17', '240', '10', 10, 0),
(3996, 103, 0, '2017-05-18', '240', '10', 10, 0);
INSERT INTO `maka_madina_hotels_rooms_prices_dates` (`id`, `maka_madina_hotels_rooms_prices_id`, `hotel_room_types_id`, `date`, `cost`, `profit`, `available_of_room`, `number_of_room_reserved`) VALUES
(3997, 103, 0, '2017-05-19', '240', '10', 10, 0),
(3998, 103, 0, '2017-05-20', '240', '10', 10, 0),
(3999, 103, 0, '2017-05-21', '240', '10', 10, 0),
(4000, 103, 0, '2017-05-22', '240', '10', 10, 0),
(4001, 103, 0, '2017-05-23', '240', '10', 10, 0),
(4002, 103, 0, '2017-05-24', '240', '10', 10, 0),
(4003, 103, 0, '2017-05-25', '240', '10', 10, 0),
(4004, 103, 0, '2017-05-26', '240', '10', 10, 0),
(4005, 103, 0, '2017-05-27', '240', '10', 10, 0),
(4006, 104, 0, '2017-04-09', '240', '10', 10, 0),
(4007, 104, 0, '2017-04-10', '240', '10', 10, 0),
(4008, 104, 0, '2017-04-11', '240', '10', 10, 0),
(4009, 104, 0, '2017-04-12', '240', '10', 10, 0),
(4010, 104, 0, '2017-04-13', '240', '10', 10, 0),
(4011, 104, 0, '2017-04-14', '240', '10', 10, 0),
(4012, 104, 0, '2017-04-15', '240', '10', 10, 0),
(4013, 104, 0, '2017-04-16', '240', '10', 10, 0),
(4014, 104, 0, '2017-04-17', '240', '10', 10, 0),
(4015, 104, 0, '2017-04-18', '240', '10', 10, 0),
(4016, 104, 0, '2017-04-19', '240', '10', 10, 0),
(4017, 104, 0, '2017-04-20', '240', '10', 10, 0),
(4018, 104, 0, '2017-04-21', '240', '10', 10, 0),
(4019, 104, 0, '2017-04-22', '240', '10', 10, 0),
(4020, 104, 0, '2017-04-23', '240', '10', 10, 0),
(4021, 104, 0, '2017-04-24', '240', '10', 10, 0),
(4022, 104, 0, '2017-04-25', '240', '10', 10, 0),
(4023, 104, 0, '2017-04-26', '240', '10', 10, 0),
(4024, 104, 0, '2017-04-27', '240', '10', 10, 0),
(4025, 104, 0, '2017-04-28', '240', '10', 10, 0),
(4026, 104, 0, '2017-04-29', '240', '10', 10, 0),
(4027, 104, 0, '2017-04-30', '240', '10', 10, 0),
(4028, 104, 0, '2017-05-01', '240', '10', 10, 0),
(4029, 104, 0, '2017-05-02', '240', '10', 10, 0),
(4030, 104, 0, '2017-05-03', '240', '10', 10, 0),
(4031, 104, 0, '2017-05-04', '240', '10', 10, 0),
(4032, 104, 0, '2017-05-05', '240', '10', 10, 0),
(4033, 104, 0, '2017-05-06', '240', '10', 10, 0),
(4034, 104, 0, '2017-05-07', '240', '10', 10, 0),
(4035, 104, 0, '2017-05-08', '240', '10', 10, 0),
(4036, 104, 0, '2017-05-09', '240', '10', 10, 0),
(4037, 104, 0, '2017-05-10', '240', '10', 10, 0),
(4038, 104, 0, '2017-05-11', '240', '10', 10, 0),
(4039, 104, 0, '2017-05-12', '240', '10', 10, 0),
(4040, 104, 0, '2017-05-13', '240', '10', 10, 0),
(4041, 104, 0, '2017-05-14', '240', '10', 10, 0),
(4042, 104, 0, '2017-05-15', '240', '10', 10, 0),
(4043, 104, 0, '2017-05-16', '240', '10', 10, 0),
(4044, 104, 0, '2017-05-17', '240', '10', 10, 0),
(4045, 104, 0, '2017-05-18', '240', '10', 10, 0),
(4046, 104, 0, '2017-05-19', '240', '10', 10, 0),
(4047, 104, 0, '2017-05-20', '240', '10', 10, 0),
(4048, 104, 0, '2017-05-21', '240', '10', 10, 0),
(4049, 104, 0, '2017-05-22', '240', '10', 10, 0),
(4050, 104, 0, '2017-05-23', '240', '10', 10, 0),
(4051, 104, 0, '2017-05-24', '240', '10', 10, 0),
(4052, 104, 0, '2017-05-25', '240', '10', 10, 0),
(4053, 104, 0, '2017-05-26', '240', '10', 10, 0),
(4054, 104, 0, '2017-05-27', '240', '10', 10, 0),
(4300, 107, 0, '2017-04-09', '230', '10', 10, 0),
(4301, 107, 0, '2017-04-10', '230', '10', 10, 0),
(4302, 107, 0, '2017-04-11', '230', '10', 10, 0),
(4303, 107, 0, '2017-04-12', '230', '10', 10, 0),
(4304, 107, 0, '2017-04-13', '230', '10', 10, 0),
(4305, 107, 0, '2017-04-14', '230', '10', 10, 0),
(4306, 107, 0, '2017-04-15', '230', '10', 10, 0),
(4307, 107, 0, '2017-04-16', '230', '10', 10, 0),
(4308, 107, 0, '2017-04-17', '230', '10', 10, 0),
(4309, 107, 0, '2017-04-18', '230', '10', 10, 0),
(4310, 107, 0, '2017-04-19', '230', '10', 10, 0),
(4311, 107, 0, '2017-04-20', '230', '10', 10, 0),
(4312, 107, 0, '2017-04-21', '230', '10', 10, 0),
(4313, 107, 0, '2017-04-22', '230', '10', 10, 0),
(4314, 107, 0, '2017-04-23', '230', '10', 10, 0),
(4315, 107, 0, '2017-04-24', '230', '10', 10, 0),
(4316, 107, 0, '2017-04-25', '230', '10', 10, 0),
(4317, 107, 0, '2017-04-26', '230', '10', 10, 0),
(4318, 107, 0, '2017-04-27', '230', '10', 10, 0),
(4319, 107, 0, '2017-04-28', '230', '10', 10, 0),
(4320, 107, 0, '2017-04-29', '230', '10', 10, 0),
(4321, 107, 0, '2017-04-30', '230', '10', 10, 0),
(4322, 107, 0, '2017-05-01', '230', '10', 10, 0),
(4323, 107, 0, '2017-05-02', '230', '10', 10, 0),
(4324, 107, 0, '2017-05-03', '230', '10', 10, 0),
(4325, 107, 0, '2017-05-04', '230', '10', 10, 0),
(4326, 107, 0, '2017-05-05', '230', '10', 10, 0),
(4327, 107, 0, '2017-05-06', '230', '10', 10, 0),
(4328, 107, 0, '2017-05-07', '230', '10', 10, 0),
(4329, 107, 0, '2017-05-08', '230', '10', 10, 0),
(4330, 107, 0, '2017-05-09', '230', '10', 10, 0),
(4331, 107, 0, '2017-05-10', '230', '10', 10, 0),
(4332, 107, 0, '2017-05-11', '230', '10', 10, 0),
(4333, 107, 0, '2017-05-12', '230', '10', 10, 0),
(4334, 107, 0, '2017-05-13', '230', '10', 10, 0),
(4335, 107, 0, '2017-05-14', '230', '10', 10, 0),
(4336, 107, 0, '2017-05-15', '230', '10', 10, 0),
(4337, 107, 0, '2017-05-16', '230', '10', 10, 0),
(4338, 107, 0, '2017-05-17', '230', '10', 10, 0),
(4339, 107, 0, '2017-05-18', '230', '10', 10, 0),
(4340, 107, 0, '2017-05-19', '230', '10', 10, 0),
(4341, 107, 0, '2017-05-20', '230', '10', 10, 0),
(4342, 107, 0, '2017-05-21', '230', '10', 10, 0),
(4343, 107, 0, '2017-05-22', '230', '10', 10, 0),
(4344, 107, 0, '2017-05-23', '230', '10', 10, 0),
(4345, 107, 0, '2017-05-24', '230', '10', 10, 0),
(4346, 107, 0, '2017-05-25', '230', '10', 10, 0),
(4347, 107, 0, '2017-05-26', '230', '10', 10, 0),
(4348, 107, 0, '2017-05-27', '230', '10', 10, 0),
(4349, 66, 0, '2017-04-09', '230', '10', 10, 0),
(4350, 66, 0, '2017-04-10', '230', '10', 10, 0),
(4351, 66, 0, '2017-04-11', '230', '10', 10, 0),
(4352, 66, 0, '2017-04-12', '230', '10', 10, 0),
(4353, 66, 0, '2017-04-13', '230', '10', 10, 0),
(4354, 66, 0, '2017-04-14', '230', '10', 10, 0),
(4355, 66, 0, '2017-04-15', '230', '10', 10, 0),
(4356, 66, 0, '2017-04-16', '230', '10', 10, 0),
(4357, 66, 0, '2017-04-17', '230', '10', 10, 0),
(4358, 66, 0, '2017-04-18', '230', '10', 10, 0),
(4359, 66, 0, '2017-04-19', '230', '10', 10, 0),
(4360, 66, 0, '2017-04-20', '230', '10', 10, 0),
(4361, 66, 0, '2017-04-21', '230', '10', 10, 0),
(4362, 66, 0, '2017-04-22', '230', '10', 10, 0),
(4363, 66, 0, '2017-04-23', '230', '10', 10, 0),
(4364, 66, 0, '2017-04-24', '230', '10', 10, 0),
(4365, 66, 0, '2017-04-25', '230', '10', 10, 0),
(4366, 66, 0, '2017-04-26', '230', '10', 10, 0),
(4367, 66, 0, '2017-04-27', '230', '10', 10, 0),
(4368, 66, 0, '2017-04-28', '230', '10', 10, 0),
(4369, 66, 0, '2017-04-29', '230', '10', 10, 0),
(4370, 66, 0, '2017-04-30', '230', '10', 10, 0),
(4371, 66, 0, '2017-05-01', '230', '10', 10, 0),
(4372, 66, 0, '2017-05-02', '230', '10', 10, 0),
(4373, 66, 0, '2017-05-03', '230', '10', 10, 0),
(4374, 66, 0, '2017-05-04', '230', '10', 10, 0),
(4375, 66, 0, '2017-05-05', '230', '10', 10, 0),
(4376, 66, 0, '2017-05-06', '230', '10', 10, 0),
(4377, 66, 0, '2017-05-07', '230', '10', 10, 0),
(4378, 66, 0, '2017-05-08', '230', '10', 10, 0),
(4379, 66, 0, '2017-05-09', '230', '10', 10, 0),
(4380, 66, 0, '2017-05-10', '230', '10', 10, 0),
(4381, 66, 0, '2017-05-11', '230', '10', 10, 0),
(4382, 66, 0, '2017-05-12', '230', '10', 10, 0),
(4383, 66, 0, '2017-05-13', '230', '10', 10, 0),
(4384, 66, 0, '2017-05-14', '230', '10', 10, 0),
(4385, 66, 0, '2017-05-15', '230', '10', 10, 0),
(4386, 66, 0, '2017-05-16', '230', '10', 10, 0),
(4387, 66, 0, '2017-05-17', '230', '10', 10, 0),
(4388, 66, 0, '2017-05-18', '230', '10', 10, 0),
(4389, 66, 0, '2017-05-19', '230', '10', 10, 0),
(4390, 66, 0, '2017-05-20', '230', '10', 10, 0),
(4391, 66, 0, '2017-05-21', '230', '10', 10, 0),
(4392, 66, 0, '2017-05-22', '230', '10', 10, 0),
(4393, 66, 0, '2017-05-23', '230', '10', 10, 0),
(4394, 66, 0, '2017-05-24', '230', '10', 10, 0),
(4395, 66, 0, '2017-05-25', '230', '10', 10, 0),
(4396, 66, 0, '2017-05-26', '230', '10', 10, 0),
(4397, 66, 0, '2017-05-27', '230', '10', 10, 0),
(4398, 65, 0, '2017-04-09', '230', '10', 10, 0),
(4399, 65, 0, '2017-04-10', '230', '10', 10, 0),
(4400, 65, 0, '2017-04-11', '230', '10', 10, 0),
(4401, 65, 0, '2017-04-12', '230', '10', 10, 0),
(4402, 65, 0, '2017-04-13', '230', '10', 10, 0),
(4403, 65, 0, '2017-04-14', '230', '10', 10, 0),
(4404, 65, 0, '2017-04-15', '230', '10', 10, 0),
(4405, 65, 0, '2017-04-16', '230', '10', 10, 0),
(4406, 65, 0, '2017-04-17', '230', '10', 10, 0),
(4407, 65, 0, '2017-04-18', '230', '10', 10, 0),
(4408, 65, 0, '2017-04-19', '230', '10', 10, 0),
(4409, 65, 0, '2017-04-20', '230', '10', 10, 0),
(4410, 65, 0, '2017-04-21', '230', '10', 10, 0),
(4411, 65, 0, '2017-04-22', '230', '10', 10, 0),
(4412, 65, 0, '2017-04-23', '230', '10', 10, 0),
(4413, 65, 0, '2017-04-24', '230', '10', 10, 0),
(4414, 65, 0, '2017-04-25', '230', '10', 10, 0),
(4415, 65, 0, '2017-04-26', '230', '10', 10, 0),
(4416, 65, 0, '2017-04-27', '230', '10', 10, 0),
(4417, 65, 0, '2017-04-28', '230', '10', 10, 0),
(4418, 65, 0, '2017-04-29', '230', '10', 10, 0),
(4419, 65, 0, '2017-04-30', '230', '10', 10, 0),
(4420, 65, 0, '2017-05-01', '230', '10', 10, 0),
(4421, 65, 0, '2017-05-02', '230', '10', 10, 0),
(4422, 65, 0, '2017-05-03', '230', '10', 10, 0),
(4423, 65, 0, '2017-05-04', '230', '10', 10, 0),
(4424, 65, 0, '2017-05-05', '230', '10', 10, 0),
(4425, 65, 0, '2017-05-06', '230', '10', 10, 0),
(4426, 65, 0, '2017-05-07', '230', '10', 10, 0),
(4427, 65, 0, '2017-05-08', '230', '10', 10, 0),
(4428, 65, 0, '2017-05-09', '230', '10', 10, 0),
(4429, 65, 0, '2017-05-10', '230', '10', 10, 0),
(4430, 65, 0, '2017-05-11', '230', '10', 10, 0),
(4431, 65, 0, '2017-05-12', '230', '10', 10, 0),
(4432, 65, 0, '2017-05-13', '230', '10', 10, 0),
(4433, 65, 0, '2017-05-14', '230', '10', 10, 0),
(4434, 65, 0, '2017-05-15', '230', '10', 10, 0),
(4435, 65, 0, '2017-05-16', '230', '10', 10, 0),
(4436, 65, 0, '2017-05-17', '230', '10', 10, 0),
(4437, 65, 0, '2017-05-18', '230', '10', 10, 0),
(4438, 65, 0, '2017-05-19', '230', '10', 10, 0),
(4439, 65, 0, '2017-05-20', '230', '10', 10, 0),
(4440, 65, 0, '2017-05-21', '230', '10', 10, 0),
(4441, 65, 0, '2017-05-22', '230', '10', 10, 0),
(4442, 65, 0, '2017-05-23', '230', '10', 10, 0),
(4443, 65, 0, '2017-05-24', '230', '10', 10, 0),
(4444, 65, 0, '2017-05-25', '230', '10', 10, 0),
(4445, 65, 0, '2017-05-26', '230', '10', 10, 0),
(4446, 65, 0, '2017-05-27', '230', '10', 10, 0),
(4447, 106, 0, '2017-04-09', '240', '10', 10, 0),
(4448, 106, 0, '2017-04-10', '240', '10', 10, 0),
(4449, 106, 0, '2017-04-11', '240', '10', 10, 0),
(4450, 106, 0, '2017-04-12', '240', '10', 10, 0),
(4451, 106, 0, '2017-04-13', '240', '10', 10, 0),
(4452, 106, 0, '2017-04-14', '240', '10', 10, 0),
(4453, 106, 0, '2017-04-15', '240', '10', 10, 0),
(4454, 106, 0, '2017-04-16', '240', '10', 10, 0),
(4455, 106, 0, '2017-04-17', '240', '10', 10, 0),
(4456, 106, 0, '2017-04-18', '240', '10', 10, 0),
(4457, 106, 0, '2017-04-19', '240', '10', 10, 0),
(4458, 106, 0, '2017-04-20', '240', '10', 10, 0),
(4459, 106, 0, '2017-04-21', '240', '10', 10, 0),
(4460, 106, 0, '2017-04-22', '240', '10', 10, 0),
(4461, 106, 0, '2017-04-23', '240', '10', 10, 0),
(4462, 106, 0, '2017-04-24', '240', '10', 10, 0),
(4463, 106, 0, '2017-04-25', '240', '10', 10, 0),
(4464, 106, 0, '2017-04-26', '240', '10', 10, 0),
(4465, 106, 0, '2017-04-27', '240', '10', 10, 0),
(4466, 106, 0, '2017-04-28', '240', '10', 10, 0),
(4467, 106, 0, '2017-04-29', '240', '10', 10, 0),
(4468, 106, 0, '2017-04-30', '240', '10', 10, 0),
(4469, 106, 0, '2017-05-01', '240', '10', 10, 0),
(4470, 106, 0, '2017-05-02', '240', '10', 10, 0),
(4471, 106, 0, '2017-05-03', '240', '10', 10, 0),
(4472, 106, 0, '2017-05-04', '240', '10', 10, 0),
(4473, 106, 0, '2017-05-05', '240', '10', 10, 0),
(4474, 106, 0, '2017-05-06', '240', '10', 10, 0),
(4475, 106, 0, '2017-05-07', '240', '10', 10, 0),
(4476, 106, 0, '2017-05-08', '240', '10', 10, 0),
(4477, 106, 0, '2017-05-09', '240', '10', 10, 0),
(4478, 106, 0, '2017-05-10', '240', '10', 10, 0),
(4479, 106, 0, '2017-05-11', '240', '10', 10, 0),
(4480, 106, 0, '2017-05-12', '240', '10', 10, 0),
(4481, 106, 0, '2017-05-13', '240', '10', 10, 0),
(4482, 106, 0, '2017-05-14', '240', '10', 10, 0),
(4483, 106, 0, '2017-05-15', '240', '10', 10, 0),
(4484, 106, 0, '2017-05-16', '240', '10', 10, 0),
(4485, 106, 0, '2017-05-17', '240', '10', 10, 0),
(4486, 106, 0, '2017-05-18', '240', '10', 10, 0),
(4487, 106, 0, '2017-05-19', '240', '10', 10, 0),
(4488, 106, 0, '2017-05-20', '240', '10', 10, 0),
(4489, 106, 0, '2017-05-21', '240', '10', 10, 0),
(4490, 106, 0, '2017-05-22', '240', '10', 10, 0),
(4491, 106, 0, '2017-05-23', '240', '10', 10, 0),
(4492, 106, 0, '2017-05-24', '240', '10', 10, 0),
(4493, 106, 0, '2017-05-25', '240', '10', 10, 0),
(4494, 106, 0, '2017-05-26', '240', '10', 10, 0),
(4495, 106, 0, '2017-05-27', '240', '10', 10, 0),
(4496, 105, 0, '2017-04-09', '240', '10', 10, 0),
(4497, 105, 0, '2017-04-10', '240', '10', 10, 0),
(4498, 105, 0, '2017-04-11', '240', '10', 10, 0),
(4499, 105, 0, '2017-04-12', '240', '10', 10, 0),
(4500, 105, 0, '2017-04-13', '240', '10', 10, 0),
(4501, 105, 0, '2017-04-14', '240', '10', 10, 0),
(4502, 105, 0, '2017-04-15', '240', '10', 10, 0),
(4503, 105, 0, '2017-04-16', '240', '10', 10, 0),
(4504, 105, 0, '2017-04-17', '240', '10', 10, 0),
(4505, 105, 0, '2017-04-18', '240', '10', 10, 0),
(4506, 105, 0, '2017-04-19', '240', '10', 10, 0),
(4507, 105, 0, '2017-04-20', '240', '10', 10, 0),
(4508, 105, 0, '2017-04-21', '240', '10', 10, 0),
(4509, 105, 0, '2017-04-22', '240', '10', 10, 0),
(4510, 105, 0, '2017-04-23', '240', '10', 10, 0),
(4511, 105, 0, '2017-04-24', '240', '10', 10, 0),
(4512, 105, 0, '2017-04-25', '240', '10', 10, 0),
(4513, 105, 0, '2017-04-26', '240', '10', 10, 0),
(4514, 105, 0, '2017-04-27', '240', '10', 10, 0),
(4515, 105, 0, '2017-04-28', '240', '10', 10, 0),
(4516, 105, 0, '2017-04-29', '240', '10', 10, 0),
(4517, 105, 0, '2017-04-30', '240', '10', 10, 0),
(4518, 105, 0, '2017-05-01', '240', '10', 10, 0),
(4519, 105, 0, '2017-05-02', '240', '10', 10, 0),
(4520, 105, 0, '2017-05-03', '240', '10', 10, 0),
(4521, 105, 0, '2017-05-04', '240', '10', 10, 0),
(4522, 105, 0, '2017-05-05', '240', '10', 10, 0),
(4523, 105, 0, '2017-05-06', '240', '10', 10, 0),
(4524, 105, 0, '2017-05-07', '240', '10', 10, 0),
(4525, 105, 0, '2017-05-08', '240', '10', 10, 0),
(4526, 105, 0, '2017-05-09', '240', '10', 10, 0),
(4527, 105, 0, '2017-05-10', '240', '10', 10, 0),
(4528, 105, 0, '2017-05-11', '240', '10', 10, 0),
(4529, 105, 0, '2017-05-12', '240', '10', 10, 0),
(4530, 105, 0, '2017-05-13', '240', '10', 10, 0),
(4531, 105, 0, '2017-05-14', '240', '10', 10, 0),
(4532, 105, 0, '2017-05-15', '240', '10', 10, 0),
(4533, 105, 0, '2017-05-16', '240', '10', 10, 0),
(4534, 105, 0, '2017-05-17', '240', '10', 10, 0),
(4535, 105, 0, '2017-05-18', '240', '10', 10, 0),
(4536, 105, 0, '2017-05-19', '240', '10', 10, 0),
(4537, 105, 0, '2017-05-20', '240', '10', 10, 0),
(4538, 105, 0, '2017-05-21', '240', '10', 10, 0),
(4539, 105, 0, '2017-05-22', '240', '10', 10, 0),
(4540, 105, 0, '2017-05-23', '240', '10', 10, 0),
(4541, 105, 0, '2017-05-24', '240', '10', 10, 0),
(4542, 105, 0, '2017-05-25', '240', '10', 10, 0),
(4543, 105, 0, '2017-05-26', '240', '10', 10, 0),
(4544, 105, 0, '2017-05-27', '240', '10', 10, 0),
(4545, 63, 0, '2017-04-09', '350', '10', 10, 0),
(4546, 63, 0, '2017-04-10', '350', '10', 10, 0),
(4547, 63, 0, '2017-04-11', '350', '10', 10, 0),
(4548, 63, 0, '2017-04-12', '350', '10', 10, 0),
(4549, 63, 0, '2017-04-13', '350', '10', 10, 0),
(4550, 63, 0, '2017-04-14', '350', '10', 10, 0),
(4551, 63, 0, '2017-04-15', '350', '10', 10, 0),
(4552, 63, 0, '2017-04-16', '350', '10', 10, 0),
(4553, 63, 0, '2017-04-17', '350', '10', 10, 0),
(4554, 63, 0, '2017-04-18', '350', '10', 10, 0),
(4555, 63, 0, '2017-04-19', '350', '10', 10, 0),
(4556, 63, 0, '2017-04-20', '350', '10', 10, 0),
(4557, 63, 0, '2017-04-21', '350', '10', 10, 0),
(4558, 63, 0, '2017-04-22', '350', '10', 10, 0),
(4559, 63, 0, '2017-04-23', '350', '10', 10, 0),
(4560, 63, 0, '2017-04-24', '350', '10', 10, 0),
(4561, 63, 0, '2017-04-25', '350', '10', 10, 0),
(4562, 63, 0, '2017-04-26', '350', '10', 10, 0),
(4563, 63, 0, '2017-04-27', '350', '10', 10, 0),
(4564, 63, 0, '2017-04-28', '350', '10', 10, 0),
(4565, 63, 0, '2017-04-29', '350', '10', 10, 0),
(4566, 63, 0, '2017-04-30', '350', '10', 10, 0),
(4567, 63, 0, '2017-05-01', '350', '10', 10, 0),
(4568, 63, 0, '2017-05-02', '350', '10', 10, 0),
(4569, 63, 0, '2017-05-03', '350', '10', 10, 0),
(4570, 63, 0, '2017-05-04', '350', '10', 10, 0),
(4571, 63, 0, '2017-05-05', '350', '10', 10, 0),
(4572, 63, 0, '2017-05-06', '350', '10', 10, 0),
(4573, 63, 0, '2017-05-07', '350', '10', 10, 0),
(4574, 63, 0, '2017-05-08', '350', '10', 10, 0),
(4575, 63, 0, '2017-05-09', '350', '10', 10, 0),
(4576, 63, 0, '2017-05-10', '350', '10', 10, 0),
(4577, 63, 0, '2017-05-11', '350', '10', 10, 0),
(4578, 63, 0, '2017-05-12', '350', '10', 10, 0),
(4579, 63, 0, '2017-05-13', '350', '10', 10, 0),
(4580, 63, 0, '2017-05-14', '350', '10', 10, 0),
(4581, 63, 0, '2017-05-15', '350', '10', 10, 0),
(4582, 63, 0, '2017-05-16', '350', '10', 10, 0),
(4583, 63, 0, '2017-05-17', '350', '10', 10, 0),
(4584, 63, 0, '2017-05-18', '350', '10', 10, 0),
(4585, 63, 0, '2017-05-19', '350', '10', 10, 0),
(4586, 63, 0, '2017-05-20', '350', '10', 10, 0),
(4587, 63, 0, '2017-05-21', '350', '10', 10, 0),
(4588, 63, 0, '2017-05-22', '350', '10', 10, 0),
(4589, 63, 0, '2017-05-23', '350', '10', 10, 0),
(4590, 63, 0, '2017-05-24', '350', '10', 10, 0),
(4591, 63, 0, '2017-05-25', '350', '10', 10, 0),
(4592, 63, 0, '2017-05-26', '350', '10', 10, 0),
(4593, 63, 0, '2017-05-27', '350', '10', 10, 0),
(4594, 108, 0, '2017-04-09', '350', '10', 10, 0),
(4595, 108, 0, '2017-04-10', '350', '10', 10, 0),
(4596, 108, 0, '2017-04-11', '350', '10', 10, 0),
(4597, 108, 0, '2017-04-12', '350', '10', 10, 0),
(4598, 108, 0, '2017-04-13', '350', '10', 10, 0),
(4599, 108, 0, '2017-04-14', '350', '10', 10, 0),
(4600, 108, 0, '2017-04-15', '350', '10', 10, 0),
(4601, 108, 0, '2017-04-16', '350', '10', 10, 0),
(4602, 108, 0, '2017-04-17', '350', '10', 10, 0),
(4603, 108, 0, '2017-04-18', '350', '10', 10, 0),
(4604, 108, 0, '2017-04-19', '350', '10', 10, 0),
(4605, 108, 0, '2017-04-20', '350', '10', 10, 0),
(4606, 108, 0, '2017-04-21', '350', '10', 10, 0),
(4607, 108, 0, '2017-04-22', '350', '10', 10, 0),
(4608, 108, 0, '2017-04-23', '350', '10', 10, 0),
(4609, 108, 0, '2017-04-24', '350', '10', 10, 0),
(4610, 108, 0, '2017-04-25', '350', '10', 10, 0),
(4611, 108, 0, '2017-04-26', '350', '10', 10, 0),
(4612, 108, 0, '2017-04-27', '350', '10', 10, 0),
(4613, 108, 0, '2017-04-28', '350', '10', 10, 0),
(4614, 108, 0, '2017-04-29', '350', '10', 10, 0),
(4615, 108, 0, '2017-04-30', '350', '10', 10, 0),
(4616, 108, 0, '2017-05-01', '350', '10', 10, 0),
(4617, 108, 0, '2017-05-02', '350', '10', 10, 0),
(4618, 108, 0, '2017-05-03', '350', '10', 10, 0),
(4619, 108, 0, '2017-05-04', '350', '10', 10, 0),
(4620, 108, 0, '2017-05-05', '350', '10', 10, 0),
(4621, 108, 0, '2017-05-06', '350', '10', 10, 0),
(4622, 108, 0, '2017-05-07', '350', '10', 10, 0),
(4623, 108, 0, '2017-05-08', '350', '10', 10, 0),
(4624, 108, 0, '2017-05-09', '350', '10', 10, 0),
(4625, 108, 0, '2017-05-10', '350', '10', 10, 0),
(4626, 108, 0, '2017-05-11', '350', '10', 10, 0),
(4627, 108, 0, '2017-05-12', '350', '10', 10, 0),
(4628, 108, 0, '2017-05-13', '350', '10', 10, 0),
(4629, 108, 0, '2017-05-14', '350', '10', 10, 0),
(4630, 108, 0, '2017-05-15', '350', '10', 10, 0),
(4631, 108, 0, '2017-05-16', '350', '10', 10, 0),
(4632, 108, 0, '2017-05-17', '350', '10', 10, 0),
(4633, 108, 0, '2017-05-18', '350', '10', 10, 0),
(4634, 108, 0, '2017-05-19', '350', '10', 10, 0),
(4635, 108, 0, '2017-05-20', '350', '10', 10, 0),
(4636, 108, 0, '2017-05-21', '350', '10', 10, 0),
(4637, 108, 0, '2017-05-22', '350', '10', 10, 0),
(4638, 108, 0, '2017-05-23', '350', '10', 10, 0),
(4639, 108, 0, '2017-05-24', '350', '10', 10, 0),
(4640, 108, 0, '2017-05-25', '350', '10', 10, 0),
(4641, 108, 0, '2017-05-26', '350', '10', 10, 0),
(4642, 108, 0, '2017-05-27', '350', '10', 10, 0),
(4643, 62, 0, '2017-04-09', '350', '10', 10, 0),
(4644, 62, 0, '2017-04-10', '350', '10', 10, 0),
(4645, 62, 0, '2017-04-11', '350', '10', 10, 0),
(4646, 62, 0, '2017-04-12', '350', '10', 10, 0),
(4647, 62, 0, '2017-04-13', '350', '10', 10, 0),
(4648, 62, 0, '2017-04-14', '350', '10', 10, 0),
(4649, 62, 0, '2017-04-15', '350', '10', 10, 0),
(4650, 62, 0, '2017-04-16', '350', '10', 10, 0),
(4651, 62, 0, '2017-04-17', '350', '10', 10, 0),
(4652, 62, 0, '2017-04-18', '350', '10', 10, 0),
(4653, 62, 0, '2017-04-19', '350', '10', 10, 0),
(4654, 62, 0, '2017-04-20', '350', '10', 10, 0),
(4655, 62, 0, '2017-04-21', '350', '10', 10, 0),
(4656, 62, 0, '2017-04-22', '350', '10', 10, 0),
(4657, 62, 0, '2017-04-23', '350', '10', 10, 0),
(4658, 62, 0, '2017-04-24', '350', '10', 10, 0),
(4659, 62, 0, '2017-04-25', '350', '10', 10, 0),
(4660, 62, 0, '2017-04-26', '350', '10', 10, 0),
(4661, 62, 0, '2017-04-27', '350', '10', 10, 0),
(4662, 62, 0, '2017-04-28', '350', '10', 10, 0),
(4663, 62, 0, '2017-04-29', '350', '10', 10, 0),
(4664, 62, 0, '2017-04-30', '350', '10', 10, 0),
(4665, 62, 0, '2017-05-01', '350', '10', 10, 0),
(4666, 62, 0, '2017-05-02', '350', '10', 10, 0),
(4667, 62, 0, '2017-05-03', '350', '10', 10, 0),
(4668, 62, 0, '2017-05-04', '350', '10', 10, 0),
(4669, 62, 0, '2017-05-05', '350', '10', 10, 0),
(4670, 62, 0, '2017-05-06', '350', '10', 10, 0),
(4671, 62, 0, '2017-05-07', '350', '10', 10, 0),
(4672, 62, 0, '2017-05-08', '350', '10', 10, 0),
(4673, 62, 0, '2017-05-09', '350', '10', 10, 0),
(4674, 62, 0, '2017-05-10', '350', '10', 10, 0),
(4675, 62, 0, '2017-05-11', '350', '10', 10, 0),
(4676, 62, 0, '2017-05-12', '350', '10', 10, 0),
(4677, 62, 0, '2017-05-13', '350', '10', 10, 0),
(4678, 62, 0, '2017-05-14', '350', '10', 10, 0),
(4679, 62, 0, '2017-05-15', '350', '10', 10, 0),
(4680, 62, 0, '2017-05-16', '350', '10', 10, 0),
(4681, 62, 0, '2017-05-17', '350', '10', 10, 0),
(4682, 62, 0, '2017-05-18', '350', '10', 10, 0),
(4683, 62, 0, '2017-05-19', '350', '10', 10, 0),
(4684, 62, 0, '2017-05-20', '350', '10', 10, 0),
(4685, 62, 0, '2017-05-21', '350', '10', 10, 0),
(4686, 62, 0, '2017-05-22', '350', '10', 10, 0),
(4687, 62, 0, '2017-05-23', '350', '10', 10, 0),
(4688, 62, 0, '2017-05-24', '350', '10', 10, 0),
(4689, 62, 0, '2017-05-25', '350', '10', 10, 0),
(4690, 62, 0, '2017-05-26', '350', '10', 10, 0),
(4691, 62, 0, '2017-05-27', '350', '10', 10, 0),
(4692, 61, 0, '2017-04-09', '350', '10', 10, 0),
(4693, 61, 0, '2017-04-10', '350', '10', 10, 0),
(4694, 61, 0, '2017-04-11', '350', '10', 10, 0),
(4695, 61, 0, '2017-04-12', '350', '10', 10, 0),
(4696, 61, 0, '2017-04-13', '350', '10', 10, 0),
(4697, 61, 0, '2017-04-14', '350', '10', 10, 0),
(4698, 61, 0, '2017-04-15', '350', '10', 10, 0),
(4699, 61, 0, '2017-04-16', '350', '10', 10, 0),
(4700, 61, 0, '2017-04-17', '350', '10', 10, 0),
(4701, 61, 0, '2017-04-18', '350', '10', 10, 0),
(4702, 61, 0, '2017-04-19', '350', '10', 10, 0),
(4703, 61, 0, '2017-04-20', '350', '10', 10, 0),
(4704, 61, 0, '2017-04-21', '350', '10', 10, 0),
(4705, 61, 0, '2017-04-22', '350', '10', 10, 0),
(4706, 61, 0, '2017-04-23', '350', '10', 10, 0),
(4707, 61, 0, '2017-04-24', '350', '10', 10, 0),
(4708, 61, 0, '2017-04-25', '350', '10', 10, 0),
(4709, 61, 0, '2017-04-26', '350', '10', 10, 0),
(4710, 61, 0, '2017-04-27', '350', '10', 10, 0),
(4711, 61, 0, '2017-04-28', '350', '10', 10, 0),
(4712, 61, 0, '2017-04-29', '350', '10', 10, 0),
(4713, 61, 0, '2017-04-30', '350', '10', 10, 0),
(4714, 61, 0, '2017-05-01', '350', '10', 10, 0),
(4715, 61, 0, '2017-05-02', '350', '10', 10, 0),
(4716, 61, 0, '2017-05-03', '350', '10', 10, 0),
(4717, 61, 0, '2017-05-04', '350', '10', 10, 0),
(4718, 61, 0, '2017-05-05', '350', '10', 10, 0),
(4719, 61, 0, '2017-05-06', '350', '10', 10, 0),
(4720, 61, 0, '2017-05-07', '350', '10', 10, 0),
(4721, 61, 0, '2017-05-08', '350', '10', 10, 0),
(4722, 61, 0, '2017-05-09', '350', '10', 10, 0),
(4723, 61, 0, '2017-05-10', '350', '10', 10, 0),
(4724, 61, 0, '2017-05-11', '350', '10', 10, 0),
(4725, 61, 0, '2017-05-12', '350', '10', 10, 0),
(4726, 61, 0, '2017-05-13', '350', '10', 10, 0),
(4727, 61, 0, '2017-05-14', '350', '10', 10, 0),
(4728, 61, 0, '2017-05-15', '350', '10', 10, 0),
(4729, 61, 0, '2017-05-16', '350', '10', 10, 0),
(4730, 61, 0, '2017-05-17', '350', '10', 10, 0),
(4731, 61, 0, '2017-05-18', '350', '10', 10, 0),
(4732, 61, 0, '2017-05-19', '350', '10', 10, 0),
(4733, 61, 0, '2017-05-20', '350', '10', 10, 0),
(4734, 61, 0, '2017-05-21', '350', '10', 10, 0),
(4735, 61, 0, '2017-05-22', '350', '10', 10, 0),
(4736, 61, 0, '2017-05-23', '350', '10', 10, 0),
(4737, 61, 0, '2017-05-24', '350', '10', 10, 0),
(4738, 61, 0, '2017-05-25', '350', '10', 10, 0),
(4739, 61, 0, '2017-05-26', '350', '10', 10, 0),
(4740, 61, 0, '2017-05-27', '350', '10', 10, 0),
(4741, 51, 0, '2017-04-09', '650', '20', 5, 0),
(4742, 51, 0, '2017-04-10', '650', '20', 5, 0),
(4743, 51, 0, '2017-04-11', '650', '20', 5, 0),
(4744, 51, 0, '2017-04-12', '650', '20', 5, 0),
(4745, 51, 0, '2017-04-13', '650', '20', 5, 0),
(4746, 51, 0, '2017-04-14', '650', '20', 5, 0),
(4747, 51, 0, '2017-04-15', '650', '20', 5, 0),
(4748, 51, 0, '2017-04-16', '650', '20', 5, 0),
(4749, 51, 0, '2017-04-17', '650', '20', 5, 0),
(4750, 51, 0, '2017-04-18', '650', '20', 5, 0),
(4751, 51, 0, '2017-04-19', '650', '20', 5, 0),
(4752, 51, 0, '2017-04-20', '650', '20', 5, 0),
(4753, 51, 0, '2017-04-21', '650', '20', 5, 0),
(4754, 51, 0, '2017-04-22', '650', '20', 5, 0),
(4755, 51, 0, '2017-04-23', '650', '20', 5, 0),
(4756, 51, 0, '2017-04-24', '650', '20', 5, 0),
(4757, 51, 0, '2017-04-25', '650', '20', 5, 0),
(4758, 51, 0, '2017-04-26', '650', '20', 5, 0),
(4759, 51, 0, '2017-04-27', '650', '20', 5, 0),
(4760, 51, 0, '2017-04-28', '650', '20', 5, 0),
(4761, 51, 0, '2017-04-29', '650', '20', 5, 0),
(4762, 51, 0, '2017-04-30', '650', '20', 5, 0),
(4763, 51, 0, '2017-05-01', '650', '20', 5, 0),
(4764, 51, 0, '2017-05-02', '650', '20', 5, 0),
(4765, 51, 0, '2017-05-03', '650', '20', 5, 0),
(4766, 51, 0, '2017-05-04', '650', '20', 5, 0),
(4767, 51, 0, '2017-05-05', '650', '20', 5, 0),
(4768, 51, 0, '2017-05-06', '650', '20', 5, 0),
(4769, 51, 0, '2017-05-07', '650', '20', 5, 0),
(4770, 51, 0, '2017-05-08', '650', '20', 5, 0),
(4771, 51, 0, '2017-05-09', '650', '20', 5, 0),
(4772, 51, 0, '2017-05-10', '650', '20', 5, 0),
(4773, 51, 0, '2017-05-11', '650', '20', 5, 0),
(4774, 51, 0, '2017-05-12', '650', '20', 5, 0),
(4775, 51, 0, '2017-05-13', '650', '20', 5, 0),
(4776, 51, 0, '2017-05-14', '650', '20', 5, 0),
(4777, 51, 0, '2017-05-15', '650', '20', 5, 0),
(4778, 51, 0, '2017-05-16', '650', '20', 5, 0),
(4779, 51, 0, '2017-05-17', '650', '20', 5, 0),
(4780, 51, 0, '2017-05-18', '650', '20', 5, 0),
(4781, 51, 0, '2017-05-19', '650', '20', 5, 0),
(4782, 51, 0, '2017-05-20', '650', '20', 5, 0),
(4783, 51, 0, '2017-05-21', '650', '20', 5, 0),
(4784, 51, 0, '2017-05-22', '650', '20', 5, 0),
(4785, 51, 0, '2017-05-23', '650', '20', 5, 0),
(4786, 51, 0, '2017-05-24', '650', '20', 5, 0),
(4787, 51, 0, '2017-05-25', '650', '20', 5, 0),
(4788, 51, 0, '2017-05-26', '650', '20', 5, 0),
(4789, 51, 0, '2017-05-27', '650', '20', 5, 0),
(4790, 49, 0, '2017-04-09', '800', '30', 4, 0),
(4791, 49, 0, '2017-04-10', '800', '30', 4, 0),
(4792, 49, 0, '2017-04-11', '800', '30', 4, 0),
(4793, 49, 0, '2017-04-12', '800', '30', 4, 0),
(4794, 49, 0, '2017-04-13', '800', '30', 4, 0),
(4795, 49, 0, '2017-04-14', '800', '30', 4, 0),
(4796, 49, 0, '2017-04-15', '800', '30', 4, 0),
(4797, 49, 0, '2017-04-16', '800', '30', 4, 0),
(4798, 49, 0, '2017-04-17', '800', '30', 4, 0),
(4799, 49, 0, '2017-04-18', '800', '30', 4, 0),
(4800, 49, 0, '2017-04-19', '800', '30', 4, 0),
(4801, 49, 0, '2017-04-20', '800', '30', 4, 0),
(4802, 49, 0, '2017-04-21', '800', '30', 4, 0),
(4803, 49, 0, '2017-04-22', '800', '30', 4, 0),
(4804, 49, 0, '2017-04-23', '800', '30', 4, 0),
(4805, 49, 0, '2017-04-24', '800', '30', 4, 0),
(4806, 49, 0, '2017-04-25', '800', '30', 4, 0),
(4807, 49, 0, '2017-04-26', '800', '30', 4, 0),
(4808, 49, 0, '2017-04-27', '800', '30', 4, 0),
(4809, 49, 0, '2017-04-28', '800', '30', 4, 0),
(4810, 49, 0, '2017-04-29', '800', '30', 4, 0),
(4811, 49, 0, '2017-04-30', '800', '30', 4, 0),
(4812, 49, 0, '2017-05-01', '800', '30', 4, 0),
(4813, 49, 0, '2017-05-02', '800', '30', 4, 0),
(4814, 49, 0, '2017-05-03', '800', '30', 4, 0),
(4815, 49, 0, '2017-05-04', '800', '30', 4, 0),
(4816, 49, 0, '2017-05-05', '800', '30', 4, 0),
(4817, 49, 0, '2017-05-06', '800', '30', 4, 0),
(4818, 49, 0, '2017-05-07', '800', '30', 4, 0),
(4819, 49, 0, '2017-05-08', '800', '30', 4, 0),
(4820, 49, 0, '2017-05-09', '800', '30', 4, 0),
(4821, 49, 0, '2017-05-10', '800', '30', 4, 0),
(4822, 49, 0, '2017-05-11', '800', '30', 4, 0),
(4823, 49, 0, '2017-05-12', '800', '30', 4, 0),
(4824, 49, 0, '2017-05-13', '800', '30', 4, 0),
(4825, 49, 0, '2017-05-14', '800', '30', 4, 0),
(4826, 49, 0, '2017-05-15', '800', '30', 4, 0),
(4827, 49, 0, '2017-05-16', '800', '30', 4, 0),
(4828, 49, 0, '2017-05-17', '800', '30', 4, 0),
(4829, 49, 0, '2017-05-18', '800', '30', 4, 0),
(4830, 49, 0, '2017-05-19', '800', '30', 4, 0),
(4831, 49, 0, '2017-05-20', '800', '30', 4, 0),
(4832, 49, 0, '2017-05-21', '800', '30', 4, 0),
(4833, 49, 0, '2017-05-22', '800', '30', 4, 0),
(4834, 49, 0, '2017-05-23', '800', '30', 4, 0),
(4835, 49, 0, '2017-05-24', '800', '30', 4, 0),
(4836, 49, 0, '2017-05-25', '800', '30', 4, 0),
(4837, 49, 0, '2017-05-26', '800', '30', 4, 0),
(4838, 49, 0, '2017-05-27', '800', '30', 4, 0),
(4839, 50, 0, '2017-04-09', '650', '20', 4, 0),
(4840, 50, 0, '2017-04-10', '650', '20', 4, 0),
(4841, 50, 0, '2017-04-11', '650', '20', 4, 0),
(4842, 50, 0, '2017-04-12', '650', '20', 4, 0),
(4843, 50, 0, '2017-04-13', '650', '20', 4, 0),
(4844, 50, 0, '2017-04-14', '650', '20', 4, 0),
(4845, 50, 0, '2017-04-15', '650', '20', 4, 0),
(4846, 50, 0, '2017-04-16', '650', '20', 4, 0),
(4847, 50, 0, '2017-04-17', '650', '20', 4, 0),
(4848, 50, 0, '2017-04-18', '650', '20', 4, 0),
(4849, 50, 0, '2017-04-19', '650', '20', 4, 0),
(4850, 50, 0, '2017-04-20', '650', '20', 4, 0),
(4851, 50, 0, '2017-04-21', '650', '20', 4, 0),
(4852, 50, 0, '2017-04-22', '650', '20', 4, 0),
(4853, 50, 0, '2017-04-23', '650', '20', 4, 0),
(4854, 50, 0, '2017-04-24', '650', '20', 4, 0),
(4855, 50, 0, '2017-04-25', '650', '20', 4, 0),
(4856, 50, 0, '2017-04-26', '650', '20', 4, 0),
(4857, 50, 0, '2017-04-27', '650', '20', 4, 0),
(4858, 50, 0, '2017-04-28', '650', '20', 4, 0),
(4859, 50, 0, '2017-04-29', '650', '20', 4, 0),
(4860, 50, 0, '2017-04-30', '650', '20', 4, 0),
(4861, 50, 0, '2017-05-01', '650', '20', 4, 0),
(4862, 50, 0, '2017-05-02', '650', '20', 4, 0),
(4863, 50, 0, '2017-05-03', '650', '20', 4, 0),
(4864, 50, 0, '2017-05-04', '650', '20', 4, 0),
(4865, 50, 0, '2017-05-05', '650', '20', 4, 0),
(4866, 50, 0, '2017-05-06', '650', '20', 4, 0),
(4867, 50, 0, '2017-05-07', '650', '20', 4, 0),
(4868, 50, 0, '2017-05-08', '650', '20', 4, 0),
(4869, 50, 0, '2017-05-09', '650', '20', 4, 0),
(4870, 50, 0, '2017-05-10', '650', '20', 4, 0),
(4871, 50, 0, '2017-05-11', '650', '20', 4, 0),
(4872, 50, 0, '2017-05-12', '650', '20', 4, 0),
(4873, 50, 0, '2017-05-13', '650', '20', 4, 0),
(4874, 50, 0, '2017-05-14', '650', '20', 4, 0),
(4875, 50, 0, '2017-05-15', '650', '20', 4, 0),
(4876, 50, 0, '2017-05-16', '650', '20', 4, 0),
(4877, 50, 0, '2017-05-17', '650', '20', 4, 0),
(4878, 50, 0, '2017-05-18', '650', '20', 4, 0),
(4879, 50, 0, '2017-05-19', '650', '20', 4, 0),
(4880, 50, 0, '2017-05-20', '650', '20', 4, 0),
(4881, 50, 0, '2017-05-21', '650', '20', 4, 0),
(4882, 50, 0, '2017-05-22', '650', '20', 4, 0),
(4883, 50, 0, '2017-05-23', '650', '20', 4, 0),
(4884, 50, 0, '2017-05-24', '650', '20', 4, 0),
(4885, 50, 0, '2017-05-25', '650', '20', 4, 0),
(4886, 50, 0, '2017-05-26', '650', '20', 4, 0),
(4887, 50, 0, '2017-05-27', '650', '20', 4, 0),
(4888, 48, 0, '2017-04-09', '220', '10', 10, 0),
(4889, 48, 0, '2017-04-10', '220', '10', 10, 0),
(4890, 48, 0, '2017-04-11', '220', '10', 10, 0),
(4891, 48, 0, '2017-04-12', '220', '10', 10, 0),
(4892, 48, 0, '2017-04-13', '220', '10', 10, 0),
(4893, 48, 0, '2017-04-14', '220', '10', 10, 0),
(4894, 48, 0, '2017-04-15', '220', '10', 10, 0),
(4895, 48, 0, '2017-04-16', '220', '10', 10, 0),
(4896, 48, 0, '2017-04-17', '220', '10', 10, 0),
(4897, 48, 0, '2017-04-18', '220', '10', 10, 0),
(4898, 48, 0, '2017-04-19', '220', '10', 10, 0),
(4899, 48, 0, '2017-04-20', '220', '10', 10, 0),
(4900, 48, 0, '2017-04-21', '220', '10', 10, 0),
(4901, 48, 0, '2017-04-22', '220', '10', 10, 0),
(4902, 48, 0, '2017-04-23', '220', '10', 10, 0),
(4903, 48, 0, '2017-04-24', '220', '10', 10, 0),
(4904, 48, 0, '2017-04-25', '220', '10', 10, 0),
(4905, 48, 0, '2017-04-26', '220', '10', 10, 0),
(4906, 48, 0, '2017-04-27', '220', '10', 10, 0),
(4907, 48, 0, '2017-04-28', '220', '10', 10, 0),
(4908, 48, 0, '2017-04-29', '220', '10', 10, 0),
(4909, 48, 0, '2017-04-30', '220', '10', 10, 0),
(4910, 48, 0, '2017-05-01', '220', '10', 10, 0),
(4911, 48, 0, '2017-05-02', '220', '10', 10, 0),
(4912, 48, 0, '2017-05-03', '220', '10', 10, 0),
(4913, 48, 0, '2017-05-04', '220', '10', 10, 0),
(4914, 48, 0, '2017-05-05', '220', '10', 10, 0),
(4915, 48, 0, '2017-05-06', '220', '10', 10, 0),
(4916, 48, 0, '2017-05-07', '220', '10', 10, 0),
(4917, 48, 0, '2017-05-08', '220', '10', 10, 0),
(4918, 48, 0, '2017-05-09', '220', '10', 10, 0),
(4919, 48, 0, '2017-05-10', '220', '10', 10, 0),
(4920, 48, 0, '2017-05-11', '220', '10', 10, 0),
(4921, 48, 0, '2017-05-12', '220', '10', 10, 0),
(4922, 48, 0, '2017-05-13', '220', '10', 10, 0),
(4923, 48, 0, '2017-05-14', '220', '10', 10, 0),
(4924, 48, 0, '2017-05-15', '220', '10', 10, 0),
(4925, 48, 0, '2017-05-16', '220', '10', 10, 0),
(4926, 48, 0, '2017-05-17', '220', '10', 10, 0),
(4927, 48, 0, '2017-05-18', '220', '10', 10, 0),
(4928, 48, 0, '2017-05-19', '220', '10', 10, 0),
(4929, 48, 0, '2017-05-20', '220', '10', 10, 0),
(4930, 48, 0, '2017-05-21', '220', '10', 10, 0),
(4931, 48, 0, '2017-05-22', '220', '10', 10, 0),
(4932, 48, 0, '2017-05-23', '220', '10', 10, 0),
(4933, 48, 0, '2017-05-24', '220', '10', 10, 0),
(4934, 48, 0, '2017-05-25', '220', '10', 10, 0),
(4935, 48, 0, '2017-05-26', '220', '10', 10, 0),
(4936, 48, 0, '2017-05-27', '220', '10', 10, 0),
(4937, 46, 0, '2017-04-09', '220', '10', 10, 0),
(4938, 46, 0, '2017-04-10', '220', '10', 10, 0),
(4939, 46, 0, '2017-04-11', '220', '10', 10, 0),
(4940, 46, 0, '2017-04-12', '220', '10', 10, 0),
(4941, 46, 0, '2017-04-13', '220', '10', 10, 0),
(4942, 46, 0, '2017-04-14', '220', '10', 10, 0),
(4943, 46, 0, '2017-04-15', '220', '10', 10, 0),
(4944, 46, 0, '2017-04-16', '220', '10', 10, 0),
(4945, 46, 0, '2017-04-17', '220', '10', 10, 0),
(4946, 46, 0, '2017-04-18', '220', '10', 10, 0),
(4947, 46, 0, '2017-04-19', '220', '10', 10, 0),
(4948, 46, 0, '2017-04-20', '220', '10', 10, 0),
(4949, 46, 0, '2017-04-21', '220', '10', 10, 0),
(4950, 46, 0, '2017-04-22', '220', '10', 10, 0),
(4951, 46, 0, '2017-04-23', '220', '10', 10, 0),
(4952, 46, 0, '2017-04-24', '220', '10', 10, 0),
(4953, 46, 0, '2017-04-25', '220', '10', 10, 0),
(4954, 46, 0, '2017-04-26', '220', '10', 10, 0),
(4955, 46, 0, '2017-04-27', '220', '10', 10, 0),
(4956, 46, 0, '2017-04-28', '220', '10', 10, 0),
(4957, 46, 0, '2017-04-29', '220', '10', 10, 0),
(4958, 46, 0, '2017-04-30', '220', '10', 10, 0),
(4959, 46, 0, '2017-05-01', '220', '10', 10, 0),
(4960, 46, 0, '2017-05-02', '220', '10', 10, 0),
(4961, 46, 0, '2017-05-03', '220', '10', 10, 0),
(4962, 46, 0, '2017-05-04', '220', '10', 10, 0),
(4963, 46, 0, '2017-05-05', '220', '10', 10, 0),
(4964, 46, 0, '2017-05-06', '220', '10', 10, 0),
(4965, 46, 0, '2017-05-07', '220', '10', 10, 0),
(4966, 46, 0, '2017-05-08', '220', '10', 10, 0),
(4967, 46, 0, '2017-05-09', '220', '10', 10, 0),
(4968, 46, 0, '2017-05-10', '220', '10', 10, 0),
(4969, 46, 0, '2017-05-11', '220', '10', 10, 0),
(4970, 46, 0, '2017-05-12', '220', '10', 10, 0),
(4971, 46, 0, '2017-05-13', '220', '10', 10, 0),
(4972, 46, 0, '2017-05-14', '220', '10', 10, 0),
(4973, 46, 0, '2017-05-15', '220', '10', 10, 0),
(4974, 46, 0, '2017-05-16', '220', '10', 10, 0),
(4975, 46, 0, '2017-05-17', '220', '10', 10, 0),
(4976, 46, 0, '2017-05-18', '220', '10', 10, 0),
(4977, 46, 0, '2017-05-19', '220', '10', 10, 0),
(4978, 46, 0, '2017-05-20', '220', '10', 10, 0),
(4979, 46, 0, '2017-05-21', '220', '10', 10, 0),
(4980, 46, 0, '2017-05-22', '220', '10', 10, 0),
(4981, 46, 0, '2017-05-23', '220', '10', 10, 0),
(4982, 46, 0, '2017-05-24', '220', '10', 10, 0),
(4983, 46, 0, '2017-05-25', '220', '10', 10, 0),
(4984, 46, 0, '2017-05-26', '220', '10', 10, 0),
(4985, 46, 0, '2017-05-27', '220', '10', 10, 0),
(4986, 47, 0, '2017-04-09', '220', '10', 10, 0),
(4987, 47, 0, '2017-04-10', '220', '10', 10, 0),
(4988, 47, 0, '2017-04-11', '220', '10', 10, 0),
(4989, 47, 0, '2017-04-12', '220', '10', 10, 0),
(4990, 47, 0, '2017-04-13', '220', '10', 10, 0),
(4991, 47, 0, '2017-04-14', '220', '10', 10, 0),
(4992, 47, 0, '2017-04-15', '220', '10', 10, 0),
(4993, 47, 0, '2017-04-16', '220', '10', 10, 0),
(4994, 47, 0, '2017-04-17', '220', '10', 10, 0),
(4995, 47, 0, '2017-04-18', '220', '10', 10, 0),
(4996, 47, 0, '2017-04-19', '220', '10', 10, 0),
(4997, 47, 0, '2017-04-20', '220', '10', 10, 0),
(4998, 47, 0, '2017-04-21', '220', '10', 10, 0),
(4999, 47, 0, '2017-04-22', '220', '10', 10, 0),
(5000, 47, 0, '2017-04-23', '220', '10', 10, 0),
(5001, 47, 0, '2017-04-24', '220', '10', 10, 0),
(5002, 47, 0, '2017-04-25', '220', '10', 10, 0),
(5003, 47, 0, '2017-04-26', '220', '10', 10, 0),
(5004, 47, 0, '2017-04-27', '220', '10', 10, 0),
(5005, 47, 0, '2017-04-28', '220', '10', 10, 0),
(5006, 47, 0, '2017-04-29', '220', '10', 10, 0),
(5007, 47, 0, '2017-04-30', '220', '10', 10, 0),
(5008, 47, 0, '2017-05-01', '220', '10', 10, 0),
(5009, 47, 0, '2017-05-02', '220', '10', 10, 0),
(5010, 47, 0, '2017-05-03', '220', '10', 10, 0),
(5011, 47, 0, '2017-05-04', '220', '10', 10, 0),
(5012, 47, 0, '2017-05-05', '220', '10', 10, 0),
(5013, 47, 0, '2017-05-06', '220', '10', 10, 0),
(5014, 47, 0, '2017-05-07', '220', '10', 10, 0),
(5015, 47, 0, '2017-05-08', '220', '10', 10, 0),
(5016, 47, 0, '2017-05-09', '220', '10', 10, 0),
(5017, 47, 0, '2017-05-10', '220', '10', 10, 0),
(5018, 47, 0, '2017-05-11', '220', '10', 10, 0),
(5019, 47, 0, '2017-05-12', '220', '10', 10, 0),
(5020, 47, 0, '2017-05-13', '220', '10', 10, 0),
(5021, 47, 0, '2017-05-14', '220', '10', 10, 0),
(5022, 47, 0, '2017-05-15', '220', '10', 10, 0),
(5023, 47, 0, '2017-05-16', '220', '10', 10, 0),
(5024, 47, 0, '2017-05-17', '220', '10', 10, 0),
(5025, 47, 0, '2017-05-18', '220', '10', 10, 0),
(5026, 47, 0, '2017-05-19', '220', '10', 10, 0),
(5027, 47, 0, '2017-05-20', '220', '10', 10, 0),
(5028, 47, 0, '2017-05-21', '220', '10', 10, 0),
(5029, 47, 0, '2017-05-22', '220', '10', 10, 0),
(5030, 47, 0, '2017-05-23', '220', '10', 10, 0),
(5031, 47, 0, '2017-05-24', '220', '10', 10, 0),
(5032, 47, 0, '2017-05-25', '220', '10', 10, 0),
(5033, 47, 0, '2017-05-26', '220', '10', 10, 0),
(5034, 47, 0, '2017-05-27', '220', '10', 10, 0),
(5035, 109, 0, '2017-04-09', '220', '10', 10, 0),
(5036, 109, 0, '2017-04-10', '220', '10', 10, 0),
(5037, 109, 0, '2017-04-11', '220', '10', 10, 0),
(5038, 109, 0, '2017-04-12', '220', '10', 10, 0),
(5039, 109, 0, '2017-04-13', '220', '10', 10, 0),
(5040, 109, 0, '2017-04-14', '220', '10', 10, 0),
(5041, 109, 0, '2017-04-15', '220', '10', 10, 0),
(5042, 109, 0, '2017-04-16', '220', '10', 10, 0),
(5043, 109, 0, '2017-04-17', '220', '10', 10, 0),
(5044, 109, 0, '2017-04-18', '220', '10', 10, 0),
(5045, 109, 0, '2017-04-19', '220', '10', 10, 0),
(5046, 109, 0, '2017-04-20', '220', '10', 10, 0),
(5047, 109, 0, '2017-04-21', '220', '10', 10, 0),
(5048, 109, 0, '2017-04-22', '220', '10', 10, 0),
(5049, 109, 0, '2017-04-23', '220', '10', 10, 0),
(5050, 109, 0, '2017-04-24', '220', '10', 10, 0),
(5051, 109, 0, '2017-04-25', '220', '10', 10, 0),
(5052, 109, 0, '2017-04-26', '220', '10', 10, 0),
(5053, 109, 0, '2017-04-27', '220', '10', 10, 0),
(5054, 109, 0, '2017-04-28', '220', '10', 10, 0),
(5055, 109, 0, '2017-04-29', '220', '10', 10, 0),
(5056, 109, 0, '2017-04-30', '220', '10', 10, 0),
(5057, 109, 0, '2017-05-01', '220', '10', 10, 0),
(5058, 109, 0, '2017-05-02', '220', '10', 10, 0),
(5059, 109, 0, '2017-05-03', '220', '10', 10, 0),
(5060, 109, 0, '2017-05-04', '220', '10', 10, 0),
(5061, 109, 0, '2017-05-05', '220', '10', 10, 0),
(5062, 109, 0, '2017-05-06', '220', '10', 10, 0),
(5063, 109, 0, '2017-05-07', '220', '10', 10, 0),
(5064, 109, 0, '2017-05-08', '220', '10', 10, 0),
(5065, 109, 0, '2017-05-09', '220', '10', 10, 0),
(5066, 109, 0, '2017-05-10', '220', '10', 10, 0),
(5067, 109, 0, '2017-05-11', '220', '10', 10, 0),
(5068, 109, 0, '2017-05-12', '220', '10', 10, 0),
(5069, 109, 0, '2017-05-13', '220', '10', 10, 0),
(5070, 109, 0, '2017-05-14', '220', '10', 10, 0),
(5071, 109, 0, '2017-05-15', '220', '10', 10, 0),
(5072, 109, 0, '2017-05-16', '220', '10', 10, 0),
(5073, 109, 0, '2017-05-17', '220', '10', 10, 0),
(5074, 109, 0, '2017-05-18', '220', '10', 10, 0),
(5075, 109, 0, '2017-05-19', '220', '10', 10, 0),
(5076, 109, 0, '2017-05-20', '220', '10', 10, 0),
(5077, 109, 0, '2017-05-21', '220', '10', 10, 0),
(5078, 109, 0, '2017-05-22', '220', '10', 10, 0),
(5079, 109, 0, '2017-05-23', '220', '10', 10, 0),
(5080, 109, 0, '2017-05-24', '220', '10', 10, 0),
(5081, 109, 0, '2017-05-25', '220', '10', 10, 0),
(5082, 109, 0, '2017-05-26', '220', '10', 10, 0),
(5083, 109, 0, '2017-05-27', '220', '10', 10, 0),
(5084, 110, 0, '2017-04-09', '325', '10', 10, 0),
(5085, 110, 0, '2017-04-10', '325', '10', 10, 0),
(5086, 110, 0, '2017-04-11', '325', '10', 10, 0),
(5087, 110, 0, '2017-04-12', '325', '10', 10, 0),
(5088, 110, 0, '2017-04-13', '325', '10', 10, 0),
(5089, 110, 0, '2017-04-14', '325', '10', 10, 0),
(5090, 110, 0, '2017-04-15', '325', '10', 10, 0),
(5091, 110, 0, '2017-04-16', '325', '10', 10, 0),
(5092, 110, 0, '2017-04-17', '325', '10', 10, 0),
(5093, 110, 0, '2017-04-18', '325', '10', 10, 0),
(5094, 110, 0, '2017-04-19', '325', '10', 10, 0),
(5095, 110, 0, '2017-04-20', '325', '10', 10, 0),
(5096, 110, 0, '2017-04-21', '325', '10', 10, 0),
(5097, 110, 0, '2017-04-22', '325', '10', 10, 0),
(5098, 110, 0, '2017-04-23', '325', '10', 10, 0),
(5099, 110, 0, '2017-04-24', '325', '10', 10, 0),
(5100, 110, 0, '2017-04-25', '325', '10', 10, 0),
(5101, 110, 0, '2017-04-26', '325', '10', 10, 0),
(5102, 110, 0, '2017-04-27', '325', '10', 10, 0),
(5103, 110, 0, '2017-04-28', '325', '10', 10, 0),
(5104, 110, 0, '2017-04-29', '325', '10', 10, 0),
(5105, 110, 0, '2017-04-30', '325', '10', 10, 0),
(5106, 110, 0, '2017-05-01', '325', '10', 10, 0),
(5107, 110, 0, '2017-05-02', '325', '10', 10, 0),
(5108, 110, 0, '2017-05-03', '325', '10', 10, 0),
(5109, 110, 0, '2017-05-04', '325', '10', 10, 0),
(5110, 110, 0, '2017-05-05', '325', '10', 10, 0),
(5111, 110, 0, '2017-05-06', '325', '10', 10, 0),
(5112, 110, 0, '2017-05-07', '325', '10', 10, 0),
(5113, 110, 0, '2017-05-08', '325', '10', 10, 0),
(5114, 110, 0, '2017-05-09', '325', '10', 10, 0),
(5115, 110, 0, '2017-05-10', '325', '10', 10, 0),
(5116, 110, 0, '2017-05-11', '325', '10', 10, 0),
(5117, 110, 0, '2017-05-12', '325', '10', 10, 0),
(5118, 110, 0, '2017-05-13', '325', '10', 10, 0),
(5119, 110, 0, '2017-05-14', '325', '10', 10, 0),
(5120, 110, 0, '2017-05-15', '325', '10', 10, 0),
(5121, 110, 0, '2017-05-16', '325', '10', 10, 0),
(5122, 110, 0, '2017-05-17', '325', '10', 10, 0),
(5123, 110, 0, '2017-05-18', '325', '10', 10, 0),
(5124, 110, 0, '2017-05-19', '325', '10', 10, 0),
(5125, 110, 0, '2017-05-20', '325', '10', 10, 0),
(5126, 110, 0, '2017-05-21', '325', '10', 10, 0),
(5127, 110, 0, '2017-05-22', '325', '10', 10, 0),
(5128, 110, 0, '2017-05-23', '325', '10', 10, 0),
(5129, 110, 0, '2017-05-24', '325', '10', 10, 0),
(5130, 110, 0, '2017-05-25', '325', '10', 10, 0),
(5131, 110, 0, '2017-05-26', '325', '10', 10, 0),
(5132, 110, 0, '2017-05-27', '325', '10', 10, 0),
(5133, 42, 0, '2017-04-09', '350', '10', 10, 0),
(5134, 42, 0, '2017-04-10', '350', '10', 10, 0),
(5135, 42, 0, '2017-04-11', '350', '10', 10, 0),
(5136, 42, 0, '2017-04-12', '350', '10', 10, 0),
(5137, 42, 0, '2017-04-13', '350', '10', 10, 0),
(5138, 42, 0, '2017-04-14', '350', '10', 10, 0),
(5139, 42, 0, '2017-04-15', '350', '10', 10, 0),
(5140, 42, 0, '2017-04-16', '350', '10', 10, 0),
(5141, 42, 0, '2017-04-17', '350', '10', 10, 0),
(5142, 42, 0, '2017-04-18', '350', '10', 10, 0),
(5143, 42, 0, '2017-04-19', '350', '10', 10, 0),
(5144, 42, 0, '2017-04-20', '350', '10', 10, 0),
(5145, 42, 0, '2017-04-21', '350', '10', 10, 0),
(5146, 42, 0, '2017-04-22', '350', '10', 10, 0),
(5147, 42, 0, '2017-04-23', '350', '10', 10, 0),
(5148, 42, 0, '2017-04-24', '350', '10', 10, 0),
(5149, 42, 0, '2017-04-25', '350', '10', 10, 0),
(5150, 42, 0, '2017-04-26', '350', '10', 10, 0),
(5151, 42, 0, '2017-04-27', '350', '10', 10, 0),
(5152, 42, 0, '2017-04-28', '350', '10', 10, 0),
(5153, 42, 0, '2017-04-29', '350', '10', 10, 0),
(5154, 42, 0, '2017-04-30', '350', '10', 10, 0),
(5155, 42, 0, '2017-05-01', '350', '10', 10, 0),
(5156, 42, 0, '2017-05-02', '350', '10', 10, 0),
(5157, 42, 0, '2017-05-03', '350', '10', 10, 0),
(5158, 42, 0, '2017-05-04', '350', '10', 10, 0),
(5159, 42, 0, '2017-05-05', '350', '10', 10, 0),
(5160, 42, 0, '2017-05-06', '350', '10', 10, 0),
(5161, 42, 0, '2017-05-07', '350', '10', 10, 0),
(5162, 42, 0, '2017-05-08', '350', '10', 10, 0),
(5163, 42, 0, '2017-05-09', '350', '10', 10, 0),
(5164, 42, 0, '2017-05-10', '350', '10', 10, 0),
(5165, 42, 0, '2017-05-11', '350', '10', 10, 0),
(5166, 42, 0, '2017-05-12', '350', '10', 10, 0),
(5167, 42, 0, '2017-05-13', '350', '10', 10, 0),
(5168, 42, 0, '2017-05-14', '350', '10', 10, 0),
(5169, 42, 0, '2017-05-15', '350', '10', 10, 0),
(5170, 42, 0, '2017-05-16', '350', '10', 10, 0),
(5171, 42, 0, '2017-05-17', '350', '10', 10, 0),
(5172, 42, 0, '2017-05-18', '350', '10', 10, 0),
(5173, 42, 0, '2017-05-19', '350', '10', 10, 0),
(5174, 42, 0, '2017-05-20', '350', '10', 10, 0),
(5175, 42, 0, '2017-05-21', '350', '10', 10, 0),
(5176, 42, 0, '2017-05-22', '350', '10', 10, 0),
(5177, 42, 0, '2017-05-23', '350', '10', 10, 0),
(5178, 42, 0, '2017-05-24', '350', '10', 10, 0),
(5179, 42, 0, '2017-05-25', '350', '10', 10, 0),
(5180, 42, 0, '2017-05-26', '350', '10', 10, 0),
(5181, 42, 0, '2017-05-27', '350', '10', 10, 0),
(5182, 40, 0, '2017-04-09', '375', '10', 10, 0),
(5183, 40, 0, '2017-04-10', '375', '10', 10, 0),
(5184, 40, 0, '2017-04-11', '375', '10', 10, 0),
(5185, 40, 0, '2017-04-12', '375', '10', 10, 0),
(5186, 40, 0, '2017-04-13', '375', '10', 10, 0),
(5187, 40, 0, '2017-04-14', '375', '10', 10, 0),
(5188, 40, 0, '2017-04-15', '375', '10', 10, 0),
(5189, 40, 0, '2017-04-16', '375', '10', 10, 0),
(5190, 40, 0, '2017-04-17', '375', '10', 10, 0),
(5191, 40, 0, '2017-04-18', '375', '10', 10, 0),
(5192, 40, 0, '2017-04-19', '375', '10', 10, 0),
(5193, 40, 0, '2017-04-20', '375', '10', 10, 0),
(5194, 40, 0, '2017-04-21', '375', '10', 10, 0),
(5195, 40, 0, '2017-04-22', '375', '10', 10, 0),
(5196, 40, 0, '2017-04-23', '375', '10', 10, 0),
(5197, 40, 0, '2017-04-24', '375', '10', 10, 0),
(5198, 40, 0, '2017-04-25', '375', '10', 10, 0),
(5199, 40, 0, '2017-04-26', '375', '10', 10, 0),
(5200, 40, 0, '2017-04-27', '375', '10', 10, 0),
(5201, 40, 0, '2017-04-28', '375', '10', 10, 0),
(5202, 40, 0, '2017-04-29', '375', '10', 10, 0),
(5203, 40, 0, '2017-04-30', '375', '10', 10, 0),
(5204, 40, 0, '2017-05-01', '375', '10', 10, 0),
(5205, 40, 0, '2017-05-02', '375', '10', 10, 0),
(5206, 40, 0, '2017-05-03', '375', '10', 10, 0),
(5207, 40, 0, '2017-05-04', '375', '10', 10, 0),
(5208, 40, 0, '2017-05-05', '375', '10', 10, 0),
(5209, 40, 0, '2017-05-06', '375', '10', 10, 0),
(5210, 40, 0, '2017-05-07', '375', '10', 10, 0),
(5211, 40, 0, '2017-05-08', '375', '10', 10, 0),
(5212, 40, 0, '2017-05-09', '375', '10', 10, 0),
(5213, 40, 0, '2017-05-10', '375', '10', 10, 0),
(5214, 40, 0, '2017-05-11', '375', '10', 10, 0),
(5215, 40, 0, '2017-05-12', '375', '10', 10, 0),
(5216, 40, 0, '2017-05-13', '375', '10', 10, 0),
(5217, 40, 0, '2017-05-14', '375', '10', 10, 0),
(5218, 40, 0, '2017-05-15', '375', '10', 10, 0),
(5219, 40, 0, '2017-05-16', '375', '10', 10, 0),
(5220, 40, 0, '2017-05-17', '375', '10', 10, 0),
(5221, 40, 0, '2017-05-18', '375', '10', 10, 0),
(5222, 40, 0, '2017-05-19', '375', '10', 10, 0),
(5223, 40, 0, '2017-05-20', '375', '10', 10, 0),
(5224, 40, 0, '2017-05-21', '375', '10', 10, 0),
(5225, 40, 0, '2017-05-22', '375', '10', 10, 0),
(5226, 40, 0, '2017-05-23', '375', '10', 10, 0),
(5227, 40, 0, '2017-05-24', '375', '10', 10, 0),
(5228, 40, 0, '2017-05-25', '375', '10', 10, 0),
(5229, 40, 0, '2017-05-26', '375', '10', 10, 0),
(5230, 40, 0, '2017-05-27', '375', '10', 10, 0),
(5231, 41, 0, '2017-04-09', '400', '10', 10, 0),
(5232, 41, 0, '2017-04-10', '400', '10', 10, 0),
(5233, 41, 0, '2017-04-11', '400', '10', 10, 0),
(5234, 41, 0, '2017-04-12', '400', '10', 10, 0),
(5235, 41, 0, '2017-04-13', '400', '10', 10, 0),
(5236, 41, 0, '2017-04-14', '400', '10', 10, 0),
(5237, 41, 0, '2017-04-15', '400', '10', 10, 0),
(5238, 41, 0, '2017-04-16', '400', '10', 10, 0),
(5239, 41, 0, '2017-04-17', '400', '10', 10, 0),
(5240, 41, 0, '2017-04-18', '400', '10', 10, 0),
(5241, 41, 0, '2017-04-19', '400', '10', 10, 0),
(5242, 41, 0, '2017-04-20', '400', '10', 10, 0),
(5243, 41, 0, '2017-04-21', '400', '10', 10, 0),
(5244, 41, 0, '2017-04-22', '400', '10', 10, 0),
(5245, 41, 0, '2017-04-23', '400', '10', 10, 0),
(5246, 41, 0, '2017-04-24', '400', '10', 10, 0),
(5247, 41, 0, '2017-04-25', '400', '10', 10, 0),
(5248, 41, 0, '2017-04-26', '400', '10', 10, 0),
(5249, 41, 0, '2017-04-27', '400', '10', 10, 0),
(5250, 41, 0, '2017-04-28', '400', '10', 10, 0),
(5251, 41, 0, '2017-04-29', '400', '10', 10, 0),
(5252, 41, 0, '2017-04-30', '400', '10', 10, 0),
(5253, 41, 0, '2017-05-01', '400', '10', 10, 0),
(5254, 41, 0, '2017-05-02', '400', '10', 10, 0),
(5255, 41, 0, '2017-05-03', '400', '10', 10, 0),
(5256, 41, 0, '2017-05-04', '400', '10', 10, 0),
(5257, 41, 0, '2017-05-05', '400', '10', 10, 0),
(5258, 41, 0, '2017-05-06', '400', '10', 10, 0),
(5259, 41, 0, '2017-05-07', '400', '10', 10, 0),
(5260, 41, 0, '2017-05-08', '400', '10', 10, 0),
(5261, 41, 0, '2017-05-09', '400', '10', 10, 0),
(5262, 41, 0, '2017-05-10', '400', '10', 10, 0),
(5263, 41, 0, '2017-05-11', '400', '10', 10, 0),
(5264, 41, 0, '2017-05-12', '400', '10', 10, 0),
(5265, 41, 0, '2017-05-13', '400', '10', 10, 0),
(5266, 41, 0, '2017-05-14', '400', '10', 10, 0),
(5267, 41, 0, '2017-05-15', '400', '10', 10, 0),
(5268, 41, 0, '2017-05-16', '400', '10', 10, 0),
(5269, 41, 0, '2017-05-17', '400', '10', 10, 0),
(5270, 41, 0, '2017-05-18', '400', '10', 10, 0),
(5271, 41, 0, '2017-05-19', '400', '10', 10, 0),
(5272, 41, 0, '2017-05-20', '400', '10', 10, 0),
(5273, 41, 0, '2017-05-21', '400', '10', 10, 0),
(5274, 41, 0, '2017-05-22', '400', '10', 10, 0),
(5275, 41, 0, '2017-05-23', '400', '10', 10, 0),
(5276, 41, 0, '2017-05-24', '400', '10', 10, 0),
(5277, 41, 0, '2017-05-25', '400', '10', 10, 0),
(5278, 41, 0, '2017-05-26', '400', '10', 10, 0),
(5279, 41, 0, '2017-05-27', '400', '10', 10, 0),
(5280, 111, 0, '2017-04-09', '550', '20', 10, 0),
(5281, 111, 0, '2017-04-10', '550', '20', 10, 0),
(5282, 111, 0, '2017-04-11', '550', '20', 10, 0),
(5283, 111, 0, '2017-04-12', '550', '20', 10, 0),
(5284, 111, 0, '2017-04-13', '550', '20', 10, 0),
(5285, 111, 0, '2017-04-14', '550', '20', 10, 0),
(5286, 111, 0, '2017-04-15', '550', '20', 10, 0),
(5287, 111, 0, '2017-04-16', '550', '20', 10, 0),
(5288, 111, 0, '2017-04-17', '550', '20', 10, 0),
(5289, 111, 0, '2017-04-18', '550', '20', 10, 0),
(5290, 111, 0, '2017-04-19', '550', '20', 10, 0),
(5291, 111, 0, '2017-04-20', '550', '20', 10, 0),
(5292, 111, 0, '2017-04-21', '550', '20', 10, 0),
(5293, 111, 0, '2017-04-22', '550', '20', 10, 0),
(5294, 111, 0, '2017-04-23', '550', '20', 10, 0),
(5295, 111, 0, '2017-04-24', '550', '20', 10, 0);
INSERT INTO `maka_madina_hotels_rooms_prices_dates` (`id`, `maka_madina_hotels_rooms_prices_id`, `hotel_room_types_id`, `date`, `cost`, `profit`, `available_of_room`, `number_of_room_reserved`) VALUES
(5296, 111, 0, '2017-04-25', '550', '20', 10, 0),
(5297, 111, 0, '2017-04-26', '550', '20', 10, 0),
(5298, 111, 0, '2017-04-27', '550', '20', 10, 0),
(5299, 111, 0, '2017-04-28', '550', '20', 10, 0),
(5300, 111, 0, '2017-04-29', '550', '20', 10, 0),
(5301, 111, 0, '2017-04-30', '550', '20', 10, 0),
(5302, 111, 0, '2017-05-01', '550', '20', 10, 0),
(5303, 111, 0, '2017-05-02', '550', '20', 10, 0),
(5304, 111, 0, '2017-05-03', '550', '20', 10, 0),
(5305, 111, 0, '2017-05-04', '550', '20', 10, 0),
(5306, 111, 0, '2017-05-05', '550', '20', 10, 0),
(5307, 111, 0, '2017-05-06', '550', '20', 10, 0),
(5308, 111, 0, '2017-05-07', '550', '20', 10, 0),
(5309, 111, 0, '2017-05-08', '550', '20', 10, 0),
(5310, 111, 0, '2017-05-09', '550', '20', 10, 0),
(5311, 111, 0, '2017-05-10', '550', '20', 10, 0),
(5312, 111, 0, '2017-05-11', '550', '20', 10, 0),
(5313, 111, 0, '2017-05-12', '550', '20', 10, 0),
(5314, 111, 0, '2017-05-13', '550', '20', 10, 0),
(5315, 111, 0, '2017-05-14', '550', '20', 10, 0),
(5316, 111, 0, '2017-05-15', '550', '20', 10, 0),
(5317, 111, 0, '2017-05-16', '550', '20', 10, 0),
(5318, 111, 0, '2017-05-17', '550', '20', 10, 0),
(5319, 111, 0, '2017-05-18', '550', '20', 10, 0),
(5320, 111, 0, '2017-05-19', '550', '20', 10, 0),
(5321, 111, 0, '2017-05-20', '550', '20', 10, 0),
(5322, 111, 0, '2017-05-21', '550', '20', 10, 0),
(5323, 111, 0, '2017-05-22', '550', '20', 10, 0),
(5324, 111, 0, '2017-05-23', '550', '20', 10, 0),
(5325, 111, 0, '2017-05-24', '550', '20', 10, 0),
(5326, 111, 0, '2017-05-25', '550', '20', 10, 0),
(5327, 111, 0, '2017-05-26', '550', '20', 10, 0),
(5328, 111, 0, '2017-05-27', '550', '20', 10, 0),
(5329, 39, 0, '2017-04-09', '550', '20', 10, 0),
(5330, 39, 0, '2017-04-10', '550', '20', 10, 0),
(5331, 39, 0, '2017-04-11', '550', '20', 10, 0),
(5332, 39, 0, '2017-04-12', '550', '20', 10, 0),
(5333, 39, 0, '2017-04-13', '550', '20', 10, 0),
(5334, 39, 0, '2017-04-14', '550', '20', 10, 0),
(5335, 39, 0, '2017-04-15', '550', '20', 10, 0),
(5336, 39, 0, '2017-04-16', '550', '20', 10, 0),
(5337, 39, 0, '2017-04-17', '550', '20', 10, 0),
(5338, 39, 0, '2017-04-18', '550', '20', 10, 0),
(5339, 39, 0, '2017-04-19', '550', '20', 10, 0),
(5340, 39, 0, '2017-04-20', '550', '20', 10, 0),
(5341, 39, 0, '2017-04-21', '550', '20', 10, 0),
(5342, 39, 0, '2017-04-22', '550', '20', 10, 0),
(5343, 39, 0, '2017-04-23', '550', '20', 10, 0),
(5344, 39, 0, '2017-04-24', '550', '20', 10, 0),
(5345, 39, 0, '2017-04-25', '550', '20', 10, 0),
(5346, 39, 0, '2017-04-26', '550', '20', 10, 0),
(5347, 39, 0, '2017-04-27', '550', '20', 10, 0),
(5348, 39, 0, '2017-04-28', '550', '20', 10, 0),
(5349, 39, 0, '2017-04-29', '550', '20', 10, 0),
(5350, 39, 0, '2017-04-30', '550', '20', 10, 0),
(5351, 39, 0, '2017-05-01', '550', '20', 10, 0),
(5352, 39, 0, '2017-05-02', '550', '20', 10, 0),
(5353, 39, 0, '2017-05-03', '550', '20', 10, 0),
(5354, 39, 0, '2017-05-04', '550', '20', 10, 0),
(5355, 39, 0, '2017-05-05', '550', '20', 10, 0),
(5356, 39, 0, '2017-05-06', '550', '20', 10, 0),
(5357, 39, 0, '2017-05-07', '550', '20', 10, 0),
(5358, 39, 0, '2017-05-08', '550', '20', 10, 0),
(5359, 39, 0, '2017-05-09', '550', '20', 10, 0),
(5360, 39, 0, '2017-05-10', '550', '20', 10, 0),
(5361, 39, 0, '2017-05-11', '550', '20', 10, 0),
(5362, 39, 0, '2017-05-12', '550', '20', 10, 0),
(5363, 39, 0, '2017-05-13', '550', '20', 10, 0),
(5364, 39, 0, '2017-05-14', '550', '20', 10, 0),
(5365, 39, 0, '2017-05-15', '550', '20', 10, 0),
(5366, 39, 0, '2017-05-16', '550', '20', 10, 0),
(5367, 39, 0, '2017-05-17', '550', '20', 10, 0),
(5368, 39, 0, '2017-05-18', '550', '20', 10, 0),
(5369, 39, 0, '2017-05-19', '550', '20', 10, 0),
(5370, 39, 0, '2017-05-20', '550', '20', 10, 0),
(5371, 39, 0, '2017-05-21', '550', '20', 10, 0),
(5372, 39, 0, '2017-05-22', '550', '20', 10, 0),
(5373, 39, 0, '2017-05-23', '550', '20', 10, 0),
(5374, 39, 0, '2017-05-24', '550', '20', 10, 0),
(5375, 39, 0, '2017-05-25', '550', '20', 10, 0),
(5376, 39, 0, '2017-05-26', '550', '20', 10, 0),
(5377, 39, 0, '2017-05-27', '550', '20', 10, 0),
(5378, 37, 0, '2017-04-09', '700', '20', 10, 0),
(5379, 37, 0, '2017-04-10', '700', '20', 10, 0),
(5380, 37, 0, '2017-04-11', '700', '20', 10, 0),
(5381, 37, 0, '2017-04-12', '700', '20', 10, 0),
(5382, 37, 0, '2017-04-13', '700', '20', 10, 0),
(5383, 37, 0, '2017-04-14', '700', '20', 10, 0),
(5384, 37, 0, '2017-04-15', '700', '20', 10, 0),
(5385, 37, 0, '2017-04-16', '700', '20', 10, 0),
(5386, 37, 0, '2017-04-17', '700', '20', 10, 0),
(5387, 37, 0, '2017-04-18', '700', '20', 10, 0),
(5388, 37, 0, '2017-04-19', '700', '20', 10, 0),
(5389, 37, 0, '2017-04-20', '700', '20', 10, 0),
(5390, 37, 0, '2017-04-21', '700', '20', 10, 0),
(5391, 37, 0, '2017-04-22', '700', '20', 10, 0),
(5392, 37, 0, '2017-04-23', '700', '20', 10, 0),
(5393, 37, 0, '2017-04-24', '700', '20', 10, 0),
(5394, 37, 0, '2017-04-25', '700', '20', 10, 0),
(5395, 37, 0, '2017-04-26', '700', '20', 10, 0),
(5396, 37, 0, '2017-04-27', '700', '20', 10, 0),
(5397, 37, 0, '2017-04-28', '700', '20', 10, 0),
(5398, 37, 0, '2017-04-29', '700', '20', 10, 0),
(5399, 37, 0, '2017-04-30', '700', '20', 10, 0),
(5400, 37, 0, '2017-05-01', '700', '20', 10, 0),
(5401, 37, 0, '2017-05-02', '700', '20', 10, 0),
(5402, 37, 0, '2017-05-03', '700', '20', 10, 0),
(5403, 37, 0, '2017-05-04', '700', '20', 10, 0),
(5404, 37, 0, '2017-05-05', '700', '20', 10, 0),
(5405, 37, 0, '2017-05-06', '700', '20', 10, 0),
(5406, 37, 0, '2017-05-07', '700', '20', 10, 0),
(5407, 37, 0, '2017-05-08', '700', '20', 10, 0),
(5408, 37, 0, '2017-05-09', '700', '20', 10, 0),
(5409, 37, 0, '2017-05-10', '700', '20', 10, 0),
(5410, 37, 0, '2017-05-11', '700', '20', 10, 0),
(5411, 37, 0, '2017-05-12', '700', '20', 10, 0),
(5412, 37, 0, '2017-05-13', '700', '20', 10, 0),
(5413, 37, 0, '2017-05-14', '700', '20', 10, 0),
(5414, 37, 0, '2017-05-15', '700', '20', 10, 0),
(5415, 37, 0, '2017-05-16', '700', '20', 10, 0),
(5416, 37, 0, '2017-05-17', '700', '20', 10, 0),
(5417, 37, 0, '2017-05-18', '700', '20', 10, 0),
(5418, 37, 0, '2017-05-19', '700', '20', 10, 0),
(5419, 37, 0, '2017-05-20', '700', '20', 10, 0),
(5420, 37, 0, '2017-05-21', '700', '20', 10, 0),
(5421, 37, 0, '2017-05-22', '700', '20', 10, 0),
(5422, 37, 0, '2017-05-23', '700', '20', 10, 0),
(5423, 37, 0, '2017-05-24', '700', '20', 10, 0),
(5424, 37, 0, '2017-05-25', '700', '20', 10, 0),
(5425, 37, 0, '2017-05-26', '700', '20', 10, 0),
(5426, 37, 0, '2017-05-27', '700', '20', 10, 0),
(5427, 38, 0, '2017-04-09', '850', '20', 10, 0),
(5428, 38, 0, '2017-04-10', '850', '20', 10, 0),
(5429, 38, 0, '2017-04-11', '850', '20', 10, 0),
(5430, 38, 0, '2017-04-12', '850', '20', 10, 0),
(5431, 38, 0, '2017-04-13', '850', '20', 10, 0),
(5432, 38, 0, '2017-04-14', '850', '20', 10, 0),
(5433, 38, 0, '2017-04-15', '850', '20', 10, 0),
(5434, 38, 0, '2017-04-16', '850', '20', 10, 0),
(5435, 38, 0, '2017-04-17', '850', '20', 10, 0),
(5436, 38, 0, '2017-04-18', '850', '20', 10, 0),
(5437, 38, 0, '2017-04-19', '850', '20', 10, 0),
(5438, 38, 0, '2017-04-20', '850', '20', 10, 0),
(5439, 38, 0, '2017-04-21', '850', '20', 10, 0),
(5440, 38, 0, '2017-04-22', '850', '20', 10, 0),
(5441, 38, 0, '2017-04-23', '850', '20', 10, 0),
(5442, 38, 0, '2017-04-24', '850', '20', 10, 0),
(5443, 38, 0, '2017-04-25', '850', '20', 10, 0),
(5444, 38, 0, '2017-04-26', '850', '20', 10, 0),
(5445, 38, 0, '2017-04-27', '850', '20', 10, 0),
(5446, 38, 0, '2017-04-28', '850', '20', 10, 0),
(5447, 38, 0, '2017-04-29', '850', '20', 10, 0),
(5448, 38, 0, '2017-04-30', '850', '20', 10, 0),
(5449, 38, 0, '2017-05-01', '850', '20', 10, 0),
(5450, 38, 0, '2017-05-02', '850', '20', 10, 0),
(5451, 38, 0, '2017-05-03', '850', '20', 10, 0),
(5452, 38, 0, '2017-05-04', '850', '20', 10, 0),
(5453, 38, 0, '2017-05-05', '850', '20', 10, 0),
(5454, 38, 0, '2017-05-06', '850', '20', 10, 0),
(5455, 38, 0, '2017-05-07', '850', '20', 10, 0),
(5456, 38, 0, '2017-05-08', '850', '20', 10, 0),
(5457, 38, 0, '2017-05-09', '850', '20', 10, 0),
(5458, 38, 0, '2017-05-10', '850', '20', 10, 0),
(5459, 38, 0, '2017-05-11', '850', '20', 10, 0),
(5460, 38, 0, '2017-05-12', '850', '20', 10, 0),
(5461, 38, 0, '2017-05-13', '850', '20', 10, 0),
(5462, 38, 0, '2017-05-14', '850', '20', 10, 0),
(5463, 38, 0, '2017-05-15', '850', '20', 10, 0),
(5464, 38, 0, '2017-05-16', '850', '20', 10, 0),
(5465, 38, 0, '2017-05-17', '850', '20', 10, 0),
(5466, 38, 0, '2017-05-18', '850', '20', 10, 0),
(5467, 38, 0, '2017-05-19', '850', '20', 10, 0),
(5468, 38, 0, '2017-05-20', '850', '20', 10, 0),
(5469, 38, 0, '2017-05-21', '850', '20', 10, 0),
(5470, 38, 0, '2017-05-22', '850', '20', 10, 0),
(5471, 38, 0, '2017-05-23', '850', '20', 10, 0),
(5472, 38, 0, '2017-05-24', '850', '20', 10, 0),
(5473, 38, 0, '2017-05-25', '850', '20', 10, 0),
(5474, 38, 0, '2017-05-26', '850', '20', 10, 0),
(5475, 38, 0, '2017-05-27', '850', '20', 10, 0),
(5476, 112, 0, '2017-04-09', '800', '20', 10, 0),
(5477, 112, 0, '2017-04-10', '800', '20', 10, 0),
(5478, 112, 0, '2017-04-11', '800', '20', 10, 0),
(5479, 112, 0, '2017-04-12', '800', '20', 10, 0),
(5480, 112, 0, '2017-04-13', '800', '20', 10, 0),
(5481, 112, 0, '2017-04-14', '800', '20', 10, 0),
(5482, 112, 0, '2017-04-15', '800', '20', 10, 0),
(5483, 112, 0, '2017-04-16', '800', '20', 10, 0),
(5484, 112, 0, '2017-04-17', '800', '20', 10, 0),
(5485, 112, 0, '2017-04-18', '800', '20', 10, 0),
(5486, 112, 0, '2017-04-19', '800', '20', 10, 0),
(5487, 112, 0, '2017-04-20', '800', '20', 10, 0),
(5488, 112, 0, '2017-04-21', '800', '20', 10, 0),
(5489, 112, 0, '2017-04-22', '800', '20', 10, 0),
(5490, 112, 0, '2017-04-23', '800', '20', 10, 0),
(5491, 112, 0, '2017-04-24', '800', '20', 10, 0),
(5492, 112, 0, '2017-04-25', '800', '20', 10, 0),
(5493, 112, 0, '2017-04-26', '800', '20', 10, 0),
(5494, 112, 0, '2017-04-27', '800', '20', 10, 0),
(5495, 112, 0, '2017-04-28', '800', '20', 10, 0),
(5496, 112, 0, '2017-04-29', '800', '20', 10, 0),
(5497, 112, 0, '2017-04-30', '800', '20', 10, 0),
(5498, 112, 0, '2017-05-01', '800', '20', 10, 0),
(5499, 112, 0, '2017-05-02', '800', '20', 10, 0),
(5500, 112, 0, '2017-05-03', '800', '20', 10, 0),
(5501, 112, 0, '2017-05-04', '800', '20', 10, 0),
(5502, 112, 0, '2017-05-05', '800', '20', 10, 0),
(5503, 112, 0, '2017-05-06', '800', '20', 10, 0),
(5504, 112, 0, '2017-05-07', '800', '20', 10, 0),
(5505, 112, 0, '2017-05-08', '800', '20', 10, 0),
(5506, 112, 0, '2017-05-09', '800', '20', 10, 0),
(5507, 112, 0, '2017-05-10', '800', '20', 10, 0),
(5508, 112, 0, '2017-05-11', '800', '20', 10, 0),
(5509, 112, 0, '2017-05-12', '800', '20', 10, 0),
(5510, 112, 0, '2017-05-13', '800', '20', 10, 0),
(5511, 112, 0, '2017-05-14', '800', '20', 10, 0),
(5512, 33, 0, '2017-04-09', '800', '20', 10, 0),
(5513, 33, 0, '2017-04-10', '800', '20', 10, 0),
(5514, 33, 0, '2017-04-11', '800', '20', 10, 0),
(5515, 33, 0, '2017-04-12', '800', '20', 10, 0),
(5516, 33, 0, '2017-04-13', '800', '20', 10, 0),
(5517, 33, 0, '2017-04-14', '800', '20', 10, 0),
(5518, 33, 0, '2017-04-15', '800', '20', 10, 0),
(5519, 33, 0, '2017-04-16', '800', '20', 10, 0),
(5520, 33, 0, '2017-04-17', '800', '20', 10, 0),
(5521, 33, 0, '2017-04-18', '800', '20', 10, 0),
(5522, 33, 0, '2017-04-19', '800', '20', 10, 0),
(5523, 33, 0, '2017-04-20', '800', '20', 10, 0),
(5524, 33, 0, '2017-04-21', '800', '20', 10, 0),
(5525, 33, 0, '2017-04-22', '800', '20', 10, 0),
(5526, 33, 0, '2017-04-23', '800', '20', 10, 0),
(5527, 33, 0, '2017-04-24', '800', '20', 10, 0),
(5528, 33, 0, '2017-04-25', '800', '20', 10, 0),
(5529, 33, 0, '2017-04-26', '800', '20', 10, 0),
(5530, 33, 0, '2017-04-27', '800', '20', 10, 0),
(5531, 33, 0, '2017-04-28', '800', '20', 10, 0),
(5532, 33, 0, '2017-04-29', '800', '20', 10, 0),
(5533, 33, 0, '2017-04-30', '800', '20', 10, 0),
(5534, 33, 0, '2017-05-01', '800', '20', 10, 0),
(5535, 33, 0, '2017-05-02', '800', '20', 10, 0),
(5536, 33, 0, '2017-05-03', '800', '20', 10, 0),
(5537, 33, 0, '2017-05-04', '800', '20', 10, 0),
(5538, 33, 0, '2017-05-05', '800', '20', 10, 0),
(5539, 33, 0, '2017-05-06', '800', '20', 10, 0),
(5540, 33, 0, '2017-05-07', '800', '20', 10, 0),
(5541, 33, 0, '2017-05-08', '800', '20', 10, 0),
(5542, 33, 0, '2017-05-09', '800', '20', 10, 0),
(5543, 33, 0, '2017-05-10', '800', '20', 10, 0),
(5544, 33, 0, '2017-05-11', '800', '20', 10, 0),
(5545, 33, 0, '2017-05-12', '800', '20', 10, 0),
(5546, 33, 0, '2017-05-13', '800', '20', 10, 0),
(5547, 33, 0, '2017-05-14', '800', '20', 10, 0),
(5548, 31, 0, '2017-04-09', '1000', '20', 10, 0),
(5549, 31, 0, '2017-04-10', '1000', '20', 10, 0),
(5550, 31, 0, '2017-04-11', '1000', '20', 10, 0),
(5551, 31, 0, '2017-04-12', '1000', '20', 10, 0),
(5552, 31, 0, '2017-04-13', '1000', '20', 10, 0),
(5553, 31, 0, '2017-04-14', '1000', '20', 10, 0),
(5554, 31, 0, '2017-04-15', '1000', '20', 10, 0),
(5555, 31, 0, '2017-04-16', '1000', '20', 10, 0),
(5556, 31, 0, '2017-04-17', '1000', '20', 10, 0),
(5557, 31, 0, '2017-04-18', '1000', '20', 10, 0),
(5558, 31, 0, '2017-04-19', '1000', '20', 10, 0),
(5559, 31, 0, '2017-04-20', '1000', '20', 10, 0),
(5560, 31, 0, '2017-04-21', '1000', '20', 10, 0),
(5561, 31, 0, '2017-04-22', '1000', '20', 10, 0),
(5562, 31, 0, '2017-04-23', '1000', '20', 10, 0),
(5563, 31, 0, '2017-04-24', '1000', '20', 10, 0),
(5564, 31, 0, '2017-04-25', '1000', '20', 10, 0),
(5565, 31, 0, '2017-04-26', '1000', '20', 10, 0),
(5566, 31, 0, '2017-04-27', '1000', '20', 10, 0),
(5567, 31, 0, '2017-04-28', '1000', '20', 10, 0),
(5568, 31, 0, '2017-04-29', '1000', '20', 10, 0),
(5569, 31, 0, '2017-04-30', '1000', '20', 10, 0),
(5570, 31, 0, '2017-05-01', '1000', '20', 10, 0),
(5571, 31, 0, '2017-05-02', '1000', '20', 10, 0),
(5572, 31, 0, '2017-05-03', '1000', '20', 10, 0),
(5573, 31, 0, '2017-05-04', '1000', '20', 10, 0),
(5574, 31, 0, '2017-05-05', '1000', '20', 10, 0),
(5575, 31, 0, '2017-05-06', '1000', '20', 10, 0),
(5576, 31, 0, '2017-05-07', '1000', '20', 10, 0),
(5577, 31, 0, '2017-05-08', '1000', '20', 10, 0),
(5578, 31, 0, '2017-05-09', '1000', '20', 10, 0),
(5579, 31, 0, '2017-05-10', '1000', '20', 10, 0),
(5580, 31, 0, '2017-05-11', '1000', '20', 10, 0),
(5581, 31, 0, '2017-05-12', '1000', '20', 10, 0),
(5582, 31, 0, '2017-05-13', '1000', '20', 10, 0),
(5583, 31, 0, '2017-05-14', '1000', '20', 10, 0),
(5584, 113, 0, '2017-04-09', '325', '10', 10, 0),
(5585, 113, 0, '2017-04-10', '325', '10', 10, 0),
(5586, 113, 0, '2017-04-11', '325', '10', 10, 0),
(5587, 113, 0, '2017-04-12', '325', '10', 10, 0),
(5588, 113, 0, '2017-04-13', '325', '10', 10, 0),
(5589, 113, 0, '2017-04-14', '325', '10', 10, 0),
(5590, 113, 0, '2017-04-15', '325', '10', 10, 0),
(5591, 113, 0, '2017-04-16', '325', '10', 10, 0),
(5592, 113, 0, '2017-04-17', '325', '10', 10, 0),
(5593, 113, 0, '2017-04-18', '325', '10', 10, 0),
(5594, 113, 0, '2017-04-19', '325', '10', 10, 0),
(5595, 113, 0, '2017-04-20', '325', '10', 10, 0),
(5596, 113, 0, '2017-04-21', '325', '10', 10, 0),
(5597, 113, 0, '2017-04-22', '325', '10', 10, 0),
(5598, 113, 0, '2017-04-23', '325', '10', 10, 0),
(5599, 113, 0, '2017-04-24', '325', '10', 10, 0),
(5600, 113, 0, '2017-04-25', '325', '10', 10, 0),
(5601, 113, 0, '2017-04-26', '325', '10', 10, 0),
(5602, 113, 0, '2017-04-27', '325', '10', 10, 0),
(5603, 113, 0, '2017-04-28', '325', '10', 10, 0),
(5604, 113, 0, '2017-04-29', '325', '10', 10, 0),
(5605, 113, 0, '2017-04-30', '325', '10', 10, 0),
(5606, 113, 0, '2017-05-01', '325', '10', 10, 0),
(5607, 113, 0, '2017-05-02', '325', '10', 10, 0),
(5608, 113, 0, '2017-05-03', '325', '10', 10, 0),
(5609, 113, 0, '2017-05-04', '325', '10', 10, 0),
(5610, 113, 0, '2017-05-05', '325', '10', 10, 0),
(5611, 113, 0, '2017-05-06', '325', '10', 10, 0),
(5612, 113, 0, '2017-05-07', '325', '10', 10, 0),
(5613, 113, 0, '2017-05-08', '325', '10', 10, 0),
(5614, 113, 0, '2017-05-09', '325', '10', 10, 0),
(5615, 113, 0, '2017-05-10', '325', '10', 10, 0),
(5616, 113, 0, '2017-05-11', '325', '10', 10, 0),
(5617, 113, 0, '2017-05-12', '325', '10', 10, 0),
(5618, 113, 0, '2017-05-13', '325', '10', 10, 0),
(5619, 113, 0, '2017-05-14', '325', '10', 10, 0),
(5620, 113, 0, '2017-05-15', '325', '10', 10, 0),
(5621, 113, 0, '2017-05-16', '325', '10', 10, 0),
(5622, 113, 0, '2017-05-17', '325', '10', 10, 0),
(5623, 113, 0, '2017-05-18', '325', '10', 10, 0),
(5624, 113, 0, '2017-05-19', '325', '10', 10, 0),
(5625, 113, 0, '2017-05-20', '325', '10', 10, 0),
(5626, 113, 0, '2017-05-21', '325', '10', 10, 0),
(5627, 113, 0, '2017-05-22', '325', '10', 10, 0),
(5628, 113, 0, '2017-05-23', '325', '10', 10, 0),
(5629, 113, 0, '2017-05-24', '325', '10', 10, 0),
(5630, 113, 0, '2017-05-25', '325', '10', 10, 0),
(5631, 113, 0, '2017-05-26', '325', '10', 10, 0),
(5632, 113, 0, '2017-05-27', '325', '10', 10, 0),
(5633, 30, 0, '2017-04-09', '325', '10', 10, 0),
(5634, 30, 0, '2017-04-10', '325', '10', 10, 0),
(5635, 30, 0, '2017-04-11', '325', '10', 10, 0),
(5636, 30, 0, '2017-04-12', '325', '10', 10, 0),
(5637, 30, 0, '2017-04-13', '325', '10', 10, 0),
(5638, 30, 0, '2017-04-14', '325', '10', 10, 0),
(5639, 30, 0, '2017-04-15', '325', '10', 10, 0),
(5640, 30, 0, '2017-04-16', '325', '10', 10, 0),
(5641, 30, 0, '2017-04-17', '325', '10', 10, 0),
(5642, 30, 0, '2017-04-18', '325', '10', 10, 0),
(5643, 30, 0, '2017-04-19', '325', '10', 10, 0),
(5644, 30, 0, '2017-04-20', '325', '10', 10, 0),
(5645, 30, 0, '2017-04-21', '325', '10', 10, 0),
(5646, 30, 0, '2017-04-22', '325', '10', 10, 0),
(5647, 30, 0, '2017-04-23', '325', '10', 10, 0),
(5648, 30, 0, '2017-04-24', '325', '10', 10, 0),
(5649, 30, 0, '2017-04-25', '325', '10', 10, 0),
(5650, 30, 0, '2017-04-26', '325', '10', 10, 0),
(5651, 30, 0, '2017-04-27', '325', '10', 10, 0),
(5652, 30, 0, '2017-04-28', '325', '10', 10, 0),
(5653, 30, 0, '2017-04-29', '325', '10', 10, 0),
(5654, 30, 0, '2017-04-30', '325', '10', 10, 0),
(5655, 30, 0, '2017-05-01', '325', '10', 10, 0),
(5656, 30, 0, '2017-05-02', '325', '10', 10, 0),
(5657, 30, 0, '2017-05-03', '325', '10', 10, 0),
(5658, 30, 0, '2017-05-04', '325', '10', 10, 0),
(5659, 30, 0, '2017-05-05', '325', '10', 10, 0),
(5660, 30, 0, '2017-05-06', '325', '10', 10, 0),
(5661, 30, 0, '2017-05-07', '325', '10', 10, 0),
(5662, 30, 0, '2017-05-08', '325', '10', 10, 0),
(5663, 30, 0, '2017-05-09', '325', '10', 10, 0),
(5664, 30, 0, '2017-05-10', '325', '10', 10, 0),
(5665, 30, 0, '2017-05-11', '325', '10', 10, 0),
(5666, 30, 0, '2017-05-12', '325', '10', 10, 0),
(5667, 30, 0, '2017-05-13', '325', '10', 10, 0),
(5668, 30, 0, '2017-05-14', '325', '10', 10, 0),
(5669, 30, 0, '2017-05-15', '325', '10', 10, 0),
(5670, 30, 0, '2017-05-16', '325', '10', 10, 0),
(5671, 30, 0, '2017-05-17', '325', '10', 10, 0),
(5672, 30, 0, '2017-05-18', '325', '10', 10, 0),
(5673, 30, 0, '2017-05-19', '325', '10', 10, 0),
(5674, 30, 0, '2017-05-20', '325', '10', 10, 0),
(5675, 30, 0, '2017-05-21', '325', '10', 10, 0),
(5676, 30, 0, '2017-05-22', '325', '10', 10, 0),
(5677, 30, 0, '2017-05-23', '325', '10', 10, 0),
(5678, 30, 0, '2017-05-24', '325', '10', 10, 0),
(5679, 30, 0, '2017-05-25', '325', '10', 10, 0),
(5680, 30, 0, '2017-05-26', '325', '10', 10, 0),
(5681, 30, 0, '2017-05-27', '325', '10', 10, 0),
(5682, 28, 0, '2017-04-09', '350', '10', 10, 0),
(5683, 28, 0, '2017-04-10', '350', '10', 10, 0),
(5684, 28, 0, '2017-04-11', '350', '10', 10, 0),
(5685, 28, 0, '2017-04-12', '350', '10', 10, 0),
(5686, 28, 0, '2017-04-13', '350', '10', 10, 0),
(5687, 28, 0, '2017-04-14', '350', '10', 10, 0),
(5688, 28, 0, '2017-04-15', '350', '10', 10, 0),
(5689, 28, 0, '2017-04-16', '350', '10', 10, 0),
(5690, 28, 0, '2017-04-17', '350', '10', 10, 0),
(5691, 28, 0, '2017-04-18', '350', '10', 10, 0),
(5692, 28, 0, '2017-04-19', '350', '10', 10, 0),
(5693, 28, 0, '2017-04-20', '350', '10', 10, 0),
(5694, 28, 0, '2017-04-21', '350', '10', 10, 0),
(5695, 28, 0, '2017-04-22', '350', '10', 10, 0),
(5696, 28, 0, '2017-04-23', '350', '10', 10, 0),
(5697, 28, 0, '2017-04-24', '350', '10', 10, 0),
(5698, 28, 0, '2017-04-25', '350', '10', 10, 0),
(5699, 28, 0, '2017-04-26', '350', '10', 10, 0),
(5700, 28, 0, '2017-04-27', '350', '10', 10, 0),
(5701, 28, 0, '2017-04-28', '350', '10', 10, 0),
(5702, 28, 0, '2017-04-29', '350', '10', 10, 0),
(5703, 28, 0, '2017-04-30', '350', '10', 10, 0),
(5704, 28, 0, '2017-05-01', '350', '10', 10, 0),
(5705, 28, 0, '2017-05-02', '350', '10', 10, 0),
(5706, 28, 0, '2017-05-03', '350', '10', 10, 0),
(5707, 28, 0, '2017-05-04', '350', '10', 10, 0),
(5708, 28, 0, '2017-05-05', '350', '10', 10, 0),
(5709, 28, 0, '2017-05-06', '350', '10', 10, 0),
(5710, 28, 0, '2017-05-07', '350', '10', 10, 0),
(5711, 28, 0, '2017-05-08', '350', '10', 10, 0),
(5712, 28, 0, '2017-05-09', '350', '10', 10, 0),
(5713, 28, 0, '2017-05-10', '350', '10', 10, 0),
(5714, 28, 0, '2017-05-11', '350', '10', 10, 0),
(5715, 28, 0, '2017-05-12', '350', '10', 10, 0),
(5716, 28, 0, '2017-05-13', '350', '10', 10, 0),
(5717, 28, 0, '2017-05-14', '350', '10', 10, 0),
(5718, 28, 0, '2017-05-15', '350', '10', 10, 0),
(5719, 28, 0, '2017-05-16', '350', '10', 10, 0),
(5720, 28, 0, '2017-05-17', '350', '10', 10, 0),
(5721, 28, 0, '2017-05-18', '350', '10', 10, 0),
(5722, 28, 0, '2017-05-19', '350', '10', 10, 0),
(5723, 28, 0, '2017-05-20', '350', '10', 10, 0),
(5724, 28, 0, '2017-05-21', '350', '10', 10, 0),
(5725, 28, 0, '2017-05-22', '350', '10', 10, 0),
(5726, 28, 0, '2017-05-23', '350', '10', 10, 0),
(5727, 28, 0, '2017-05-24', '350', '10', 10, 0),
(5728, 28, 0, '2017-05-25', '350', '10', 10, 0),
(5729, 28, 0, '2017-05-26', '350', '10', 10, 0),
(5730, 28, 0, '2017-05-27', '350', '10', 10, 0),
(5731, 29, 0, '2017-04-09', '400', '10', 10, 0),
(5732, 29, 0, '2017-04-10', '400', '10', 10, 0),
(5733, 29, 0, '2017-04-11', '400', '10', 10, 0),
(5734, 29, 0, '2017-04-12', '400', '10', 10, 0),
(5735, 29, 0, '2017-04-13', '400', '10', 10, 0),
(5736, 29, 0, '2017-04-14', '400', '10', 10, 0),
(5737, 29, 0, '2017-04-15', '400', '10', 10, 0),
(5738, 29, 0, '2017-04-16', '400', '10', 10, 0),
(5739, 29, 0, '2017-04-17', '400', '10', 10, 0),
(5740, 29, 0, '2017-04-18', '400', '10', 10, 0),
(5741, 29, 0, '2017-04-19', '400', '10', 10, 0),
(5742, 29, 0, '2017-04-20', '400', '10', 10, 0),
(5743, 29, 0, '2017-04-21', '400', '10', 10, 0),
(5744, 29, 0, '2017-04-22', '400', '10', 10, 0),
(5745, 29, 0, '2017-04-23', '400', '10', 10, 0),
(5746, 29, 0, '2017-04-24', '400', '10', 10, 0),
(5747, 29, 0, '2017-04-25', '400', '10', 10, 0),
(5748, 29, 0, '2017-04-26', '400', '10', 10, 0),
(5749, 29, 0, '2017-04-27', '400', '10', 10, 0),
(5750, 29, 0, '2017-04-28', '400', '10', 10, 0),
(5751, 29, 0, '2017-04-29', '400', '10', 10, 0),
(5752, 29, 0, '2017-04-30', '400', '10', 10, 0),
(5753, 29, 0, '2017-05-01', '400', '10', 10, 0),
(5754, 29, 0, '2017-05-02', '400', '10', 10, 0),
(5755, 29, 0, '2017-05-03', '400', '10', 10, 0),
(5756, 29, 0, '2017-05-04', '400', '10', 10, 0),
(5757, 29, 0, '2017-05-05', '400', '10', 10, 0),
(5758, 29, 0, '2017-05-06', '400', '10', 10, 0),
(5759, 29, 0, '2017-05-07', '400', '10', 10, 0),
(5760, 29, 0, '2017-05-08', '400', '10', 10, 0),
(5761, 29, 0, '2017-05-09', '400', '10', 10, 0),
(5762, 29, 0, '2017-05-10', '400', '10', 10, 0),
(5763, 29, 0, '2017-05-11', '400', '10', 10, 0),
(5764, 29, 0, '2017-05-12', '400', '10', 10, 0),
(5765, 29, 0, '2017-05-13', '400', '10', 10, 0),
(5766, 29, 0, '2017-05-14', '400', '10', 10, 0),
(5767, 29, 0, '2017-05-15', '400', '10', 10, 0),
(5768, 29, 0, '2017-05-16', '400', '10', 10, 0),
(5769, 29, 0, '2017-05-17', '400', '10', 10, 0),
(5770, 29, 0, '2017-05-18', '400', '10', 10, 0),
(5771, 29, 0, '2017-05-19', '400', '10', 10, 0),
(5772, 29, 0, '2017-05-20', '400', '10', 10, 0),
(5773, 29, 0, '2017-05-21', '400', '10', 10, 0),
(5774, 29, 0, '2017-05-22', '400', '10', 10, 0),
(5775, 29, 0, '2017-05-23', '400', '10', 10, 0),
(5776, 29, 0, '2017-05-24', '400', '10', 10, 0),
(5777, 29, 0, '2017-05-25', '400', '10', 10, 0),
(5778, 29, 0, '2017-05-26', '400', '10', 10, 0),
(5779, 29, 0, '2017-05-27', '400', '10', 10, 0),
(5780, 114, 0, '2017-04-09', '850', '20', 10, 0),
(5781, 114, 0, '2017-04-10', '850', '20', 10, 0),
(5782, 114, 0, '2017-04-11', '850', '20', 10, 0),
(5783, 114, 0, '2017-04-12', '850', '20', 10, 0),
(5784, 114, 0, '2017-04-13', '850', '20', 10, 0),
(5785, 114, 0, '2017-04-14', '850', '20', 10, 0),
(5786, 114, 0, '2017-04-15', '850', '20', 10, 0),
(5787, 114, 0, '2017-04-16', '850', '20', 10, 0),
(5788, 114, 0, '2017-04-17', '850', '20', 10, 0),
(5789, 114, 0, '2017-04-18', '850', '20', 10, 0),
(5790, 114, 0, '2017-04-19', '850', '20', 10, 0),
(5791, 114, 0, '2017-04-20', '850', '20', 10, 0),
(5792, 114, 0, '2017-04-21', '850', '20', 10, 0),
(5793, 114, 0, '2017-04-22', '850', '20', 10, 0),
(5794, 114, 0, '2017-04-23', '850', '20', 10, 0),
(5795, 114, 0, '2017-04-24', '850', '20', 10, 0),
(5796, 114, 0, '2017-04-25', '850', '20', 10, 0),
(5797, 114, 0, '2017-04-26', '850', '20', 10, 0),
(5798, 114, 0, '2017-04-27', '850', '20', 10, 0),
(5799, 114, 0, '2017-04-28', '850', '20', 10, 0),
(5800, 114, 0, '2017-04-29', '850', '20', 10, 0),
(5801, 114, 0, '2017-04-30', '850', '20', 10, 0),
(5802, 114, 0, '2017-05-01', '850', '20', 10, 0),
(5803, 114, 0, '2017-05-02', '850', '20', 10, 0),
(5804, 114, 0, '2017-05-03', '850', '20', 10, 0),
(5805, 114, 0, '2017-05-04', '850', '20', 10, 0),
(5806, 114, 0, '2017-05-05', '850', '20', 10, 0),
(5807, 114, 0, '2017-05-06', '850', '20', 10, 0),
(5808, 114, 0, '2017-05-07', '850', '20', 10, 0),
(5809, 114, 0, '2017-05-08', '850', '20', 10, 0),
(5810, 114, 0, '2017-05-09', '850', '20', 10, 0),
(5811, 114, 0, '2017-05-10', '850', '20', 10, 0),
(5812, 114, 0, '2017-05-11', '850', '20', 10, 0),
(5813, 114, 0, '2017-05-12', '850', '20', 10, 0),
(5814, 114, 0, '2017-05-13', '850', '20', 10, 0),
(5815, 114, 0, '2017-05-14', '850', '20', 10, 0),
(5816, 114, 0, '2017-05-15', '850', '20', 10, 0),
(5817, 114, 0, '2017-05-16', '850', '20', 10, 0),
(5818, 114, 0, '2017-05-17', '850', '20', 10, 0),
(5819, 114, 0, '2017-05-18', '850', '20', 10, 0),
(5820, 114, 0, '2017-05-19', '850', '20', 10, 0),
(5821, 114, 0, '2017-05-20', '850', '20', 10, 0),
(5822, 114, 0, '2017-05-21', '850', '20', 10, 0),
(5823, 114, 0, '2017-05-22', '850', '20', 10, 0),
(5824, 114, 0, '2017-05-23', '850', '20', 10, 0),
(5825, 114, 0, '2017-05-24', '850', '20', 10, 0),
(5826, 114, 0, '2017-05-25', '850', '20', 10, 0),
(5827, 114, 0, '2017-05-26', '850', '20', 10, 0),
(5828, 114, 0, '2017-05-27', '850', '20', 10, 0),
(5829, 27, 0, '2017-04-09', '850', '20', 10, 0),
(5830, 27, 0, '2017-04-10', '850', '20', 10, 0),
(5831, 27, 0, '2017-04-11', '850', '20', 10, 0),
(5832, 27, 0, '2017-04-12', '850', '20', 10, 0),
(5833, 27, 0, '2017-04-13', '850', '20', 10, 0),
(5834, 27, 0, '2017-04-14', '850', '20', 10, 0),
(5835, 27, 0, '2017-04-15', '850', '20', 10, 0),
(5836, 27, 0, '2017-04-16', '850', '20', 10, 0),
(5837, 27, 0, '2017-04-17', '850', '20', 10, 0),
(5838, 27, 0, '2017-04-18', '850', '20', 10, 0),
(5839, 27, 0, '2017-04-19', '850', '20', 10, 0),
(5840, 27, 0, '2017-04-20', '850', '20', 10, 0),
(5841, 27, 0, '2017-04-21', '850', '20', 10, 0),
(5842, 27, 0, '2017-04-22', '850', '20', 10, 0),
(5843, 27, 0, '2017-04-23', '850', '20', 10, 0),
(5844, 27, 0, '2017-04-24', '850', '20', 10, 0),
(5845, 27, 0, '2017-04-25', '850', '20', 10, 0),
(5846, 27, 0, '2017-04-26', '850', '20', 10, 0),
(5847, 27, 0, '2017-04-27', '850', '20', 10, 0),
(5848, 27, 0, '2017-04-28', '850', '20', 10, 0),
(5849, 27, 0, '2017-04-29', '850', '20', 10, 0),
(5850, 27, 0, '2017-04-30', '850', '20', 10, 0),
(5851, 27, 0, '2017-05-01', '850', '20', 10, 0),
(5852, 27, 0, '2017-05-02', '850', '20', 10, 0),
(5853, 27, 0, '2017-05-03', '850', '20', 10, 0),
(5854, 27, 0, '2017-05-04', '850', '20', 10, 0),
(5855, 27, 0, '2017-05-05', '850', '20', 10, 0),
(5856, 27, 0, '2017-05-06', '850', '20', 10, 0),
(5857, 27, 0, '2017-05-07', '850', '20', 10, 0),
(5858, 27, 0, '2017-05-08', '850', '20', 10, 0),
(5859, 27, 0, '2017-05-09', '850', '20', 10, 0),
(5860, 27, 0, '2017-05-10', '850', '20', 10, 0),
(5861, 27, 0, '2017-05-11', '850', '20', 10, 0),
(5862, 27, 0, '2017-05-12', '850', '20', 10, 0),
(5863, 27, 0, '2017-05-13', '850', '20', 10, 0),
(5864, 27, 0, '2017-05-14', '850', '20', 10, 0),
(5865, 27, 0, '2017-05-15', '850', '20', 10, 0),
(5866, 27, 0, '2017-05-16', '850', '20', 10, 0),
(5867, 27, 0, '2017-05-17', '850', '20', 10, 0),
(5868, 27, 0, '2017-05-18', '850', '20', 10, 0),
(5869, 27, 0, '2017-05-19', '850', '20', 10, 0),
(5870, 27, 0, '2017-05-20', '850', '20', 10, 0),
(5871, 27, 0, '2017-05-21', '850', '20', 10, 0),
(5872, 27, 0, '2017-05-22', '850', '20', 10, 0),
(5873, 27, 0, '2017-05-23', '850', '20', 10, 0),
(5874, 27, 0, '2017-05-24', '850', '20', 10, 0),
(5875, 27, 0, '2017-05-25', '850', '20', 10, 0),
(5876, 27, 0, '2017-05-26', '850', '20', 10, 0),
(5877, 27, 0, '2017-05-27', '850', '20', 10, 0),
(5878, 25, 0, '2017-04-09', '1000', '20', 10, 0),
(5879, 25, 0, '2017-04-10', '1000', '20', 10, 0),
(5880, 25, 0, '2017-04-11', '1000', '20', 10, 0),
(5881, 25, 0, '2017-04-12', '1000', '20', 10, 0),
(5882, 25, 0, '2017-04-13', '1000', '20', 10, 0),
(5883, 25, 0, '2017-04-14', '1000', '20', 10, 0),
(5884, 25, 0, '2017-04-15', '1000', '20', 10, 0),
(5885, 25, 0, '2017-04-16', '1000', '20', 10, 0),
(5886, 25, 0, '2017-04-17', '1000', '20', 10, 0),
(5887, 25, 0, '2017-04-18', '1000', '20', 10, 0),
(5888, 25, 0, '2017-04-19', '1000', '20', 10, 0),
(5889, 25, 0, '2017-04-20', '1000', '20', 10, 0),
(5890, 25, 0, '2017-04-21', '1000', '20', 10, 0),
(5891, 25, 0, '2017-04-22', '1000', '20', 10, 0),
(5892, 25, 0, '2017-04-23', '1000', '20', 10, 0),
(5893, 25, 0, '2017-04-24', '1000', '20', 10, 0),
(5894, 25, 0, '2017-04-25', '1000', '20', 10, 0),
(5895, 25, 0, '2017-04-26', '1000', '20', 10, 0),
(5896, 25, 0, '2017-04-27', '1000', '20', 10, 0),
(5897, 25, 0, '2017-04-28', '1000', '20', 10, 0),
(5898, 25, 0, '2017-04-29', '1000', '20', 10, 0),
(5899, 25, 0, '2017-04-30', '1000', '20', 10, 0),
(5900, 25, 0, '2017-05-01', '1000', '20', 10, 0),
(5901, 25, 0, '2017-05-02', '1000', '20', 10, 0),
(5902, 25, 0, '2017-05-03', '1000', '20', 10, 0),
(5903, 25, 0, '2017-05-04', '1000', '20', 10, 0),
(5904, 25, 0, '2017-05-05', '1000', '20', 10, 0),
(5905, 25, 0, '2017-05-06', '1000', '20', 10, 0),
(5906, 25, 0, '2017-05-07', '1000', '20', 10, 0),
(5907, 25, 0, '2017-05-08', '1000', '20', 10, 0),
(5908, 25, 0, '2017-05-09', '1000', '20', 10, 0),
(5909, 25, 0, '2017-05-10', '1000', '20', 10, 0),
(5910, 25, 0, '2017-05-11', '1000', '20', 10, 0),
(5911, 25, 0, '2017-05-12', '1000', '20', 10, 0),
(5912, 25, 0, '2017-05-13', '1000', '20', 10, 0),
(5913, 25, 0, '2017-05-14', '1000', '20', 10, 0),
(5914, 25, 0, '2017-05-15', '1000', '20', 10, 0),
(5915, 25, 0, '2017-05-16', '1000', '20', 10, 0),
(5916, 25, 0, '2017-05-17', '1000', '20', 10, 0),
(5917, 25, 0, '2017-05-18', '1000', '20', 10, 0),
(5918, 25, 0, '2017-05-19', '1000', '20', 10, 0),
(5919, 25, 0, '2017-05-20', '1000', '20', 10, 0),
(5920, 25, 0, '2017-05-21', '1000', '20', 10, 0),
(5921, 25, 0, '2017-05-22', '1000', '20', 10, 0),
(5922, 25, 0, '2017-05-23', '1000', '20', 10, 0),
(5923, 25, 0, '2017-05-24', '1000', '20', 10, 0),
(5924, 25, 0, '2017-05-25', '1000', '20', 10, 0),
(5925, 25, 0, '2017-05-26', '1000', '20', 10, 0),
(5926, 25, 0, '2017-05-27', '1000', '20', 10, 0),
(6025, 117, 0, '2017-04-09', '600', '20', 10, 0),
(6026, 117, 0, '2017-04-10', '600', '20', 10, 0),
(6027, 117, 0, '2017-04-11', '600', '20', 10, 0),
(6028, 117, 0, '2017-04-12', '600', '20', 10, 0),
(6029, 117, 0, '2017-04-13', '600', '20', 10, 0),
(6030, 117, 0, '2017-04-14', '600', '20', 10, 0),
(6031, 117, 0, '2017-04-15', '600', '20', 10, 0),
(6032, 117, 0, '2017-04-16', '600', '20', 10, 0),
(6033, 117, 0, '2017-04-17', '600', '20', 10, 0),
(6034, 117, 0, '2017-04-18', '600', '20', 10, 0),
(6035, 117, 0, '2017-04-19', '600', '20', 10, 0),
(6036, 117, 0, '2017-04-20', '600', '20', 10, 0),
(6037, 117, 0, '2017-04-21', '600', '20', 10, 0),
(6038, 117, 0, '2017-04-22', '600', '20', 10, 0),
(6039, 117, 0, '2017-04-23', '600', '20', 10, 0),
(6040, 117, 0, '2017-04-24', '600', '20', 10, 0),
(6041, 117, 0, '2017-04-25', '600', '20', 10, 0),
(6042, 117, 0, '2017-04-26', '600', '20', 10, 0),
(6043, 117, 0, '2017-04-27', '600', '20', 10, 0),
(6044, 117, 0, '2017-04-28', '600', '20', 10, 0),
(6045, 117, 0, '2017-04-29', '600', '20', 10, 0),
(6046, 117, 0, '2017-04-30', '600', '20', 10, 0),
(6047, 117, 0, '2017-05-01', '600', '20', 10, 0),
(6048, 117, 0, '2017-05-02', '600', '20', 10, 0),
(6049, 117, 0, '2017-05-03', '600', '20', 10, 0),
(6050, 117, 0, '2017-05-04', '600', '20', 10, 0),
(6051, 117, 0, '2017-05-05', '600', '20', 10, 0),
(6052, 117, 0, '2017-05-06', '600', '20', 10, 0),
(6053, 117, 0, '2017-05-07', '600', '20', 10, 0),
(6054, 117, 0, '2017-05-08', '600', '20', 10, 0),
(6055, 117, 0, '2017-05-09', '600', '20', 10, 0),
(6056, 117, 0, '2017-05-10', '600', '20', 10, 0),
(6057, 117, 0, '2017-05-11', '600', '20', 10, 0),
(6058, 117, 0, '2017-05-12', '600', '20', 10, 0),
(6059, 117, 0, '2017-05-13', '600', '20', 10, 0),
(6060, 117, 0, '2017-05-14', '600', '20', 10, 0),
(6061, 117, 0, '2017-05-15', '600', '20', 10, 0),
(6062, 117, 0, '2017-05-16', '600', '20', 10, 0),
(6063, 117, 0, '2017-05-17', '600', '20', 10, 0),
(6064, 117, 0, '2017-05-18', '600', '20', 10, 0),
(6065, 117, 0, '2017-05-19', '600', '20', 10, 0),
(6066, 117, 0, '2017-05-20', '600', '20', 10, 0),
(6067, 117, 0, '2017-05-21', '600', '20', 10, 0),
(6068, 117, 0, '2017-05-22', '600', '20', 10, 0),
(6069, 117, 0, '2017-05-23', '600', '20', 10, 0),
(6070, 117, 0, '2017-05-24', '600', '20', 10, 0),
(6071, 117, 0, '2017-05-25', '600', '20', 10, 0),
(6072, 117, 0, '2017-05-26', '600', '20', 10, 0),
(6073, 117, 0, '2017-05-27', '600', '20', 10, 0),
(6074, 118, 0, '2017-04-09', '700', '20', 10, 0),
(6075, 118, 0, '2017-04-10', '700', '20', 10, 0),
(6076, 118, 0, '2017-04-11', '700', '20', 10, 0),
(6077, 118, 0, '2017-04-12', '700', '20', 10, 0),
(6078, 118, 0, '2017-04-13', '700', '20', 10, 0),
(6079, 118, 0, '2017-04-14', '700', '20', 10, 0),
(6080, 118, 0, '2017-04-15', '700', '20', 10, 0),
(6081, 118, 0, '2017-04-16', '700', '20', 10, 0),
(6082, 118, 0, '2017-04-17', '700', '20', 10, 0),
(6083, 118, 0, '2017-04-18', '700', '20', 10, 0),
(6084, 118, 0, '2017-04-19', '700', '20', 10, 0),
(6085, 118, 0, '2017-04-20', '700', '20', 10, 0),
(6086, 118, 0, '2017-04-21', '700', '20', 10, 0),
(6087, 118, 0, '2017-04-22', '700', '20', 10, 0),
(6088, 118, 0, '2017-04-23', '700', '20', 10, 0),
(6089, 118, 0, '2017-04-24', '700', '20', 10, 0),
(6090, 118, 0, '2017-04-25', '700', '20', 10, 0),
(6091, 118, 0, '2017-04-26', '700', '20', 10, 0),
(6092, 118, 0, '2017-04-27', '700', '20', 10, 0),
(6093, 118, 0, '2017-04-28', '700', '20', 10, 0),
(6094, 118, 0, '2017-04-29', '700', '20', 10, 0),
(6095, 118, 0, '2017-04-30', '700', '20', 10, 0),
(6096, 118, 0, '2017-05-01', '700', '20', 10, 0),
(6097, 118, 0, '2017-05-02', '700', '20', 10, 0),
(6098, 118, 0, '2017-05-03', '700', '20', 10, 0),
(6099, 118, 0, '2017-05-04', '700', '20', 10, 0),
(6100, 118, 0, '2017-05-05', '700', '20', 10, 0),
(6101, 118, 0, '2017-05-06', '700', '20', 10, 0),
(6102, 118, 0, '2017-05-07', '700', '20', 10, 0),
(6103, 118, 0, '2017-05-08', '700', '20', 10, 0),
(6104, 118, 0, '2017-05-09', '700', '20', 10, 0),
(6105, 118, 0, '2017-05-10', '700', '20', 10, 0),
(6106, 118, 0, '2017-05-11', '700', '20', 10, 0),
(6107, 118, 0, '2017-05-12', '700', '20', 10, 0),
(6108, 118, 0, '2017-05-13', '700', '20', 10, 0),
(6109, 118, 0, '2017-05-14', '700', '20', 10, 0),
(6110, 118, 0, '2017-05-15', '700', '20', 10, 0),
(6111, 118, 0, '2017-05-16', '700', '20', 10, 0),
(6112, 118, 0, '2017-05-17', '700', '20', 10, 0),
(6113, 118, 0, '2017-05-18', '700', '20', 10, 0),
(6114, 118, 0, '2017-05-19', '700', '20', 10, 0),
(6115, 118, 0, '2017-05-20', '700', '20', 10, 0),
(6116, 118, 0, '2017-05-21', '700', '20', 10, 0),
(6117, 118, 0, '2017-05-22', '700', '20', 10, 0),
(6118, 118, 0, '2017-05-23', '700', '20', 10, 0),
(6119, 118, 0, '2017-05-24', '700', '20', 10, 0),
(6120, 118, 0, '2017-05-25', '700', '20', 10, 0),
(6121, 118, 0, '2017-05-26', '700', '20', 10, 0),
(6122, 118, 0, '2017-05-27', '700', '20', 10, 0),
(6123, 116, 0, '2017-04-09', '500', '10', 10, 0),
(6124, 116, 0, '2017-04-10', '500', '10', 10, 0),
(6125, 116, 0, '2017-04-11', '500', '10', 10, 0),
(6126, 116, 0, '2017-04-12', '500', '10', 10, 0),
(6127, 116, 0, '2017-04-13', '500', '10', 10, 0),
(6128, 116, 0, '2017-04-14', '500', '10', 10, 0),
(6129, 116, 0, '2017-04-15', '500', '10', 10, 0),
(6130, 116, 0, '2017-04-16', '500', '10', 10, 0),
(6131, 116, 0, '2017-04-17', '500', '10', 10, 0),
(6132, 116, 0, '2017-04-18', '500', '10', 10, 0),
(6133, 116, 0, '2017-04-19', '500', '10', 10, 0),
(6134, 116, 0, '2017-04-20', '500', '10', 10, 0),
(6135, 116, 0, '2017-04-21', '500', '10', 10, 0),
(6136, 116, 0, '2017-04-22', '500', '10', 10, 0),
(6137, 116, 0, '2017-04-23', '500', '10', 10, 0),
(6138, 116, 0, '2017-04-24', '500', '10', 10, 0),
(6139, 116, 0, '2017-04-25', '500', '10', 10, 0),
(6140, 116, 0, '2017-04-26', '500', '10', 10, 0),
(6141, 116, 0, '2017-04-27', '500', '10', 10, 0),
(6142, 116, 0, '2017-04-28', '500', '10', 10, 0),
(6143, 116, 0, '2017-04-29', '500', '10', 10, 0),
(6144, 116, 0, '2017-04-30', '500', '10', 10, 0),
(6145, 116, 0, '2017-05-01', '500', '10', 10, 0),
(6146, 116, 0, '2017-05-02', '500', '10', 10, 0),
(6147, 116, 0, '2017-05-03', '500', '10', 10, 0),
(6148, 116, 0, '2017-05-04', '500', '10', 10, 0),
(6149, 116, 0, '2017-05-05', '500', '10', 10, 0),
(6150, 116, 0, '2017-05-06', '500', '10', 10, 0),
(6151, 116, 0, '2017-05-07', '500', '10', 10, 0),
(6152, 116, 0, '2017-05-08', '500', '10', 10, 0),
(6153, 116, 0, '2017-05-09', '500', '10', 10, 0),
(6154, 116, 0, '2017-05-10', '500', '10', 10, 0),
(6155, 116, 0, '2017-05-11', '500', '10', 10, 0),
(6156, 116, 0, '2017-05-12', '500', '10', 10, 0),
(6157, 116, 0, '2017-05-13', '500', '10', 10, 0),
(6158, 116, 0, '2017-05-14', '500', '10', 10, 0),
(6159, 116, 0, '2017-05-15', '500', '10', 10, 0),
(6160, 116, 0, '2017-05-16', '500', '10', 10, 0),
(6161, 116, 0, '2017-05-17', '500', '10', 10, 0),
(6162, 116, 0, '2017-05-18', '500', '10', 10, 0),
(6163, 116, 0, '2017-05-19', '500', '10', 10, 0),
(6164, 116, 0, '2017-05-20', '500', '10', 10, 0),
(6165, 116, 0, '2017-05-21', '500', '10', 10, 0),
(6166, 116, 0, '2017-05-22', '500', '10', 10, 0),
(6167, 116, 0, '2017-05-23', '500', '10', 10, 0),
(6168, 116, 0, '2017-05-24', '500', '10', 10, 0),
(6169, 116, 0, '2017-05-25', '500', '10', 10, 0),
(6170, 116, 0, '2017-05-26', '500', '10', 10, 0),
(6171, 116, 0, '2017-05-27', '500', '10', 10, 0),
(6172, 115, 0, '2017-04-09', '500', '10', 10, 0),
(6173, 115, 0, '2017-04-10', '500', '10', 10, 0),
(6174, 115, 0, '2017-04-11', '500', '10', 10, 0),
(6175, 115, 0, '2017-04-12', '500', '10', 10, 0),
(6176, 115, 0, '2017-04-13', '500', '10', 10, 0),
(6177, 115, 0, '2017-04-14', '500', '10', 10, 0),
(6178, 115, 0, '2017-04-15', '500', '10', 10, 0),
(6179, 115, 0, '2017-04-16', '500', '10', 10, 0),
(6180, 115, 0, '2017-04-17', '500', '10', 10, 0),
(6181, 115, 0, '2017-04-18', '500', '10', 10, 0),
(6182, 115, 0, '2017-04-19', '500', '10', 10, 0),
(6183, 115, 0, '2017-04-20', '500', '10', 10, 0),
(6184, 115, 0, '2017-04-21', '500', '10', 10, 0),
(6185, 115, 0, '2017-04-22', '500', '10', 10, 0),
(6186, 115, 0, '2017-04-23', '500', '10', 10, 0),
(6187, 115, 0, '2017-04-24', '500', '10', 10, 0),
(6188, 115, 0, '2017-04-25', '500', '10', 10, 0),
(6189, 115, 0, '2017-04-26', '500', '10', 10, 0),
(6190, 115, 0, '2017-04-27', '500', '10', 10, 0),
(6191, 115, 0, '2017-04-28', '500', '10', 10, 0),
(6192, 115, 0, '2017-04-29', '500', '10', 10, 0),
(6193, 115, 0, '2017-04-30', '500', '10', 10, 0),
(6194, 115, 0, '2017-05-01', '500', '10', 10, 0),
(6195, 115, 0, '2017-05-02', '500', '10', 10, 0),
(6196, 115, 0, '2017-05-03', '500', '10', 10, 0),
(6197, 115, 0, '2017-05-04', '500', '10', 10, 0),
(6198, 115, 0, '2017-05-05', '500', '10', 10, 0),
(6199, 115, 0, '2017-05-06', '500', '10', 10, 0),
(6200, 115, 0, '2017-05-07', '500', '10', 10, 0),
(6201, 115, 0, '2017-05-08', '500', '10', 10, 0),
(6202, 115, 0, '2017-05-09', '500', '10', 10, 0),
(6203, 115, 0, '2017-05-10', '500', '10', 10, 0),
(6204, 115, 0, '2017-05-11', '500', '10', 10, 0),
(6205, 115, 0, '2017-05-12', '500', '10', 10, 0),
(6206, 115, 0, '2017-05-13', '500', '10', 10, 0),
(6207, 115, 0, '2017-05-14', '500', '10', 10, 0),
(6208, 115, 0, '2017-05-15', '500', '10', 10, 0),
(6209, 115, 0, '2017-05-16', '500', '10', 10, 0),
(6210, 115, 0, '2017-05-17', '500', '10', 10, 0),
(6211, 115, 0, '2017-05-18', '500', '10', 10, 0),
(6212, 115, 0, '2017-05-19', '500', '10', 10, 0),
(6213, 115, 0, '2017-05-20', '500', '10', 10, 0),
(6214, 115, 0, '2017-05-21', '500', '10', 10, 0),
(6215, 115, 0, '2017-05-22', '500', '10', 10, 0),
(6216, 115, 0, '2017-05-23', '500', '10', 10, 0),
(6217, 115, 0, '2017-05-24', '500', '10', 10, 0),
(6218, 115, 0, '2017-05-25', '500', '10', 10, 0),
(6219, 115, 0, '2017-05-26', '500', '10', 10, 0),
(6220, 115, 0, '2017-05-27', '500', '10', 10, 0),
(6368, 19, 0, '2017-04-09', '650', '20', 10, 0),
(6369, 19, 0, '2017-04-10', '650', '20', 10, 0),
(6370, 19, 0, '2017-04-11', '650', '20', 10, 0),
(6371, 19, 0, '2017-04-12', '650', '20', 10, 0),
(6372, 19, 0, '2017-04-13', '650', '20', 10, 0),
(6373, 19, 0, '2017-04-14', '650', '20', 10, 0),
(6374, 19, 0, '2017-04-15', '650', '20', 10, 0),
(6375, 19, 0, '2017-04-16', '650', '20', 10, 0),
(6376, 19, 0, '2017-04-17', '650', '20', 10, 0),
(6377, 19, 0, '2017-04-18', '650', '20', 10, 0),
(6378, 19, 0, '2017-04-19', '650', '20', 10, 0),
(6379, 19, 0, '2017-04-20', '650', '20', 10, 0),
(6380, 19, 0, '2017-04-21', '650', '20', 10, 0),
(6381, 19, 0, '2017-04-22', '650', '20', 10, 0),
(6382, 19, 0, '2017-04-23', '650', '20', 10, 0),
(6383, 19, 0, '2017-04-24', '650', '20', 10, 0),
(6384, 19, 0, '2017-04-25', '650', '20', 10, 0),
(6385, 19, 0, '2017-04-26', '650', '20', 10, 0),
(6386, 19, 0, '2017-04-27', '650', '20', 10, 0),
(6387, 19, 0, '2017-04-28', '650', '20', 10, 0),
(6388, 19, 0, '2017-04-29', '650', '20', 10, 0),
(6389, 19, 0, '2017-04-30', '650', '20', 10, 0),
(6390, 19, 0, '2017-05-01', '650', '20', 10, 0),
(6391, 19, 0, '2017-05-02', '650', '20', 10, 0),
(6392, 19, 0, '2017-05-03', '650', '20', 10, 0),
(6393, 19, 0, '2017-05-04', '650', '20', 10, 0),
(6394, 19, 0, '2017-05-05', '650', '20', 10, 0),
(6395, 19, 0, '2017-05-06', '650', '20', 10, 0),
(6396, 19, 0, '2017-05-07', '650', '20', 10, 0),
(6397, 19, 0, '2017-05-08', '650', '20', 10, 0),
(6398, 19, 0, '2017-05-09', '650', '20', 10, 0),
(6399, 19, 0, '2017-05-10', '650', '20', 10, 0),
(6400, 19, 0, '2017-05-11', '650', '20', 10, 0),
(6401, 19, 0, '2017-05-12', '650', '20', 10, 0),
(6402, 19, 0, '2017-05-13', '650', '20', 10, 0),
(6403, 19, 0, '2017-05-14', '650', '20', 10, 0),
(6404, 19, 0, '2017-05-15', '650', '20', 10, 0),
(6405, 19, 0, '2017-05-16', '650', '20', 10, 0),
(6406, 19, 0, '2017-05-17', '650', '20', 10, 0),
(6407, 19, 0, '2017-05-18', '650', '20', 10, 0),
(6408, 19, 0, '2017-05-19', '650', '20', 10, 0),
(6409, 19, 0, '2017-05-20', '650', '20', 10, 0),
(6410, 19, 0, '2017-05-21', '650', '20', 10, 0),
(6411, 19, 0, '2017-05-22', '650', '20', 10, 0),
(6412, 19, 0, '2017-05-23', '650', '20', 10, 0),
(6413, 19, 0, '2017-05-24', '650', '20', 10, 0),
(6414, 19, 0, '2017-05-25', '650', '20', 10, 0),
(6415, 19, 0, '2017-05-26', '650', '20', 10, 0),
(6416, 19, 0, '2017-05-27', '650', '20', 10, 0),
(6417, 119, 0, '2017-04-09', '550', '10', 10, 0),
(6418, 119, 0, '2017-04-10', '550', '10', 10, 0),
(6419, 119, 0, '2017-04-11', '550', '10', 10, 0),
(6420, 119, 0, '2017-04-12', '550', '10', 10, 0),
(6421, 119, 0, '2017-04-13', '550', '10', 10, 0),
(6422, 119, 0, '2017-04-14', '550', '10', 10, 0),
(6423, 119, 0, '2017-04-15', '550', '10', 10, 0),
(6424, 119, 0, '2017-04-16', '550', '10', 10, 0),
(6425, 119, 0, '2017-04-17', '550', '10', 10, 0),
(6426, 119, 0, '2017-04-18', '550', '10', 10, 0),
(6427, 119, 0, '2017-04-19', '550', '10', 10, 0),
(6428, 119, 0, '2017-04-20', '550', '10', 10, 0),
(6429, 119, 0, '2017-04-21', '550', '10', 10, 0),
(6430, 119, 0, '2017-04-22', '550', '10', 10, 0),
(6431, 119, 0, '2017-04-23', '550', '10', 10, 0),
(6432, 119, 0, '2017-04-24', '550', '10', 10, 0),
(6433, 119, 0, '2017-04-25', '550', '10', 10, 0),
(6434, 119, 0, '2017-04-26', '550', '10', 10, 0),
(6435, 119, 0, '2017-04-27', '550', '10', 10, 0),
(6436, 119, 0, '2017-04-28', '550', '10', 10, 0),
(6437, 119, 0, '2017-04-29', '550', '10', 10, 0),
(6438, 119, 0, '2017-04-30', '550', '10', 10, 0),
(6439, 119, 0, '2017-05-01', '550', '10', 10, 0),
(6440, 119, 0, '2017-05-02', '550', '10', 10, 0),
(6441, 119, 0, '2017-05-03', '550', '10', 10, 0),
(6442, 119, 0, '2017-05-04', '550', '10', 10, 0),
(6443, 119, 0, '2017-05-05', '550', '10', 10, 0),
(6444, 119, 0, '2017-05-06', '550', '10', 10, 0),
(6445, 119, 0, '2017-05-07', '550', '10', 10, 0),
(6446, 119, 0, '2017-05-08', '550', '10', 10, 0),
(6447, 119, 0, '2017-05-09', '550', '10', 10, 0),
(6448, 119, 0, '2017-05-10', '550', '10', 10, 0),
(6449, 119, 0, '2017-05-11', '550', '10', 10, 0),
(6450, 119, 0, '2017-05-12', '550', '10', 10, 0),
(6451, 119, 0, '2017-05-13', '550', '10', 10, 0),
(6452, 119, 0, '2017-05-14', '550', '10', 10, 0),
(6453, 119, 0, '2017-05-15', '550', '10', 10, 0),
(6454, 119, 0, '2017-05-16', '550', '10', 10, 0),
(6455, 119, 0, '2017-05-17', '550', '10', 10, 0),
(6456, 119, 0, '2017-05-18', '550', '10', 10, 0),
(6457, 119, 0, '2017-05-19', '550', '10', 10, 0),
(6458, 119, 0, '2017-05-20', '550', '10', 10, 0),
(6459, 119, 0, '2017-05-21', '550', '10', 10, 0),
(6460, 119, 0, '2017-05-22', '550', '10', 10, 0),
(6461, 119, 0, '2017-05-23', '550', '10', 10, 0),
(6462, 119, 0, '2017-05-24', '550', '10', 10, 0),
(6463, 119, 0, '2017-05-25', '550', '10', 10, 0),
(6464, 119, 0, '2017-05-26', '550', '10', 10, 0),
(6465, 119, 0, '2017-05-27', '550', '10', 10, 0),
(6466, 21, 0, '2017-04-09', '550', '10', 10, 0),
(6467, 21, 0, '2017-04-10', '550', '10', 10, 0),
(6468, 21, 0, '2017-04-11', '550', '10', 10, 0),
(6469, 21, 0, '2017-04-12', '550', '1', 10, 0),
(6470, 21, 0, '2017-04-13', '550', '10', 10, 0),
(6471, 21, 0, '2017-04-14', '550', '10', 10, 0),
(6472, 21, 0, '2017-04-15', '550', '10', 10, 0),
(6473, 21, 0, '2017-04-16', '550', '10', 10, 0),
(6474, 21, 0, '2017-04-17', '550', '10', 10, 0),
(6475, 21, 0, '2017-04-18', '550', '10', 10, 0),
(6476, 21, 0, '2017-04-19', '550', '1', 10, 0),
(6477, 21, 0, '2017-04-20', '550', '10', 10, 0),
(6478, 21, 0, '2017-04-21', '550', '10', 10, 0),
(6479, 21, 0, '2017-04-22', '550', '10', 10, 0),
(6480, 21, 0, '2017-04-23', '550', '10', 10, 0),
(6481, 21, 0, '2017-04-24', '550', '10', 10, 0),
(6482, 21, 0, '2017-04-25', '550', '10', 10, 0),
(6483, 21, 0, '2017-04-26', '550', '1', 10, 0),
(6484, 21, 0, '2017-04-27', '550', '10', 10, 0),
(6485, 21, 0, '2017-04-28', '550', '10', 10, 0),
(6486, 21, 0, '2017-04-29', '550', '10', 10, 0),
(6487, 21, 0, '2017-04-30', '550', '10', 10, 0),
(6488, 21, 0, '2017-05-01', '550', '10', 10, 0),
(6489, 21, 0, '2017-05-02', '550', '10', 10, 0),
(6490, 21, 0, '2017-05-03', '550', '1', 10, 0),
(6491, 21, 0, '2017-05-04', '550', '10', 10, 0),
(6492, 21, 0, '2017-05-05', '550', '10', 10, 0),
(6493, 21, 0, '2017-05-06', '550', '10', 10, 0),
(6494, 21, 0, '2017-05-07', '550', '10', 10, 0),
(6495, 21, 0, '2017-05-08', '550', '10', 10, 0),
(6496, 21, 0, '2017-05-09', '550', '10', 10, 0),
(6497, 21, 0, '2017-05-10', '550', '1', 10, 0),
(6498, 21, 0, '2017-05-11', '550', '10', 10, 0),
(6499, 21, 0, '2017-05-12', '550', '10', 10, 0),
(6500, 21, 0, '2017-05-13', '550', '10', 10, 0),
(6501, 21, 0, '2017-05-14', '550', '10', 10, 0),
(6502, 21, 0, '2017-05-15', '550', '10', 10, 0),
(6503, 21, 0, '2017-05-16', '550', '10', 10, 0),
(6504, 21, 0, '2017-05-17', '550', '1', 10, 0),
(6505, 21, 0, '2017-05-18', '550', '10', 10, 0),
(6506, 21, 0, '2017-05-19', '550', '10', 10, 0),
(6507, 21, 0, '2017-05-20', '550', '10', 10, 0),
(6508, 21, 0, '2017-05-21', '550', '10', 10, 0),
(6509, 21, 0, '2017-05-22', '550', '10', 10, 0),
(6510, 21, 0, '2017-05-23', '550', '10', 10, 0),
(6511, 21, 0, '2017-05-24', '550', '1', 10, 0),
(6512, 21, 0, '2017-05-25', '550', '10', 10, 0),
(6513, 21, 0, '2017-05-26', '550', '10', 10, 0),
(6514, 21, 0, '2017-05-27', '550', '10', 10, 0),
(6515, 20, 0, '2017-04-09', '750', '20', 10, 0),
(6516, 20, 0, '2017-04-10', '750', '20', 10, 0),
(6517, 20, 0, '2017-04-11', '750', '20', 10, 0),
(6518, 20, 0, '2017-04-12', '750', '20', 10, 0),
(6519, 20, 0, '2017-04-13', '750', '20', 10, 0),
(6520, 20, 0, '2017-04-14', '750', '20', 10, 0),
(6521, 20, 0, '2017-04-15', '750', '20', 10, 0),
(6522, 20, 0, '2017-04-16', '750', '20', 10, 0),
(6523, 20, 0, '2017-04-17', '750', '20', 10, 0),
(6524, 20, 0, '2017-04-18', '750', '20', 10, 0),
(6525, 20, 0, '2017-04-19', '750', '20', 10, 0),
(6526, 20, 0, '2017-04-20', '750', '20', 10, 0),
(6527, 20, 0, '2017-04-21', '750', '20', 10, 0),
(6528, 20, 0, '2017-04-22', '750', '20', 10, 0),
(6529, 20, 0, '2017-04-23', '750', '20', 10, 0),
(6530, 20, 0, '2017-04-24', '750', '20', 10, 0),
(6531, 20, 0, '2017-04-25', '750', '20', 10, 0),
(6532, 20, 0, '2017-04-26', '750', '20', 10, 0),
(6533, 20, 0, '2017-04-27', '750', '20', 10, 0),
(6534, 20, 0, '2017-04-28', '750', '20', 10, 0),
(6535, 20, 0, '2017-04-29', '750', '20', 10, 0),
(6536, 20, 0, '2017-04-30', '750', '20', 10, 0),
(6537, 20, 0, '2017-05-01', '750', '20', 10, 0),
(6538, 20, 0, '2017-05-02', '750', '20', 10, 0),
(6539, 20, 0, '2017-05-03', '750', '20', 10, 0),
(6540, 20, 0, '2017-05-04', '750', '20', 10, 0),
(6541, 20, 0, '2017-05-05', '750', '20', 10, 0),
(6542, 20, 0, '2017-05-06', '750', '20', 10, 0),
(6543, 20, 0, '2017-05-07', '750', '20', 10, 0),
(6544, 20, 0, '2017-05-08', '750', '20', 10, 0),
(6545, 20, 0, '2017-05-09', '750', '20', 10, 0),
(6546, 20, 0, '2017-05-10', '750', '20', 10, 0),
(6547, 20, 0, '2017-05-11', '750', '20', 10, 0),
(6548, 20, 0, '2017-05-12', '750', '20', 10, 0),
(6549, 20, 0, '2017-05-13', '750', '20', 10, 0),
(6550, 20, 0, '2017-05-14', '750', '20', 10, 0),
(6551, 20, 0, '2017-05-15', '750', '20', 10, 0),
(6552, 20, 0, '2017-05-16', '750', '20', 10, 0),
(6553, 20, 0, '2017-05-17', '750', '20', 10, 0),
(6554, 20, 0, '2017-05-18', '750', '20', 10, 0),
(6555, 20, 0, '2017-05-19', '750', '20', 10, 0),
(6556, 20, 0, '2017-05-20', '750', '20', 10, 0),
(6557, 20, 0, '2017-05-21', '750', '20', 10, 0),
(6558, 20, 0, '2017-05-22', '750', '20', 10, 0),
(6559, 20, 0, '2017-05-23', '750', '20', 10, 0),
(6560, 20, 0, '2017-05-24', '750', '20', 10, 0),
(6561, 20, 0, '2017-05-25', '750', '20', 10, 0),
(6562, 20, 0, '2017-05-26', '750', '20', 10, 0),
(6563, 20, 0, '2017-05-27', '750', '20', 10, 0),
(6564, 120, 0, '2017-04-09', '480', '10', 10, 0),
(6565, 120, 0, '2017-04-10', '480', '10', 10, 0),
(6566, 120, 0, '2017-04-11', '480', '10', 10, 0),
(6567, 120, 0, '2017-04-12', '480', '10', 10, 0),
(6568, 120, 0, '2017-04-13', '480', '10', 10, 0),
(6569, 120, 0, '2017-04-14', '480', '10', 10, 0),
(6570, 120, 0, '2017-04-15', '480', '10', 10, 0),
(6571, 120, 0, '2017-04-16', '480', '10', 10, 0),
(6572, 120, 0, '2017-04-17', '480', '10', 10, 0),
(6573, 120, 0, '2017-04-18', '480', '10', 10, 0),
(6574, 120, 0, '2017-04-19', '480', '10', 10, 0),
(6575, 120, 0, '2017-04-20', '480', '10', 10, 0),
(6576, 120, 0, '2017-04-21', '480', '10', 10, 0),
(6577, 120, 0, '2017-04-22', '480', '10', 10, 0),
(6578, 120, 0, '2017-04-23', '480', '10', 10, 0),
(6579, 120, 0, '2017-04-24', '480', '10', 10, 0),
(6580, 120, 0, '2017-04-25', '480', '10', 10, 0),
(6581, 120, 0, '2017-04-26', '480', '10', 10, 0),
(6582, 120, 0, '2017-04-27', '480', '10', 10, 0),
(6583, 120, 0, '2017-04-28', '480', '10', 10, 0),
(6584, 120, 0, '2017-04-29', '480', '10', 10, 0),
(6585, 120, 0, '2017-04-30', '480', '10', 10, 0),
(6586, 120, 0, '2017-05-01', '480', '10', 10, 0),
(6587, 120, 0, '2017-05-02', '480', '10', 10, 0),
(6588, 120, 0, '2017-05-03', '480', '10', 10, 0);
INSERT INTO `maka_madina_hotels_rooms_prices_dates` (`id`, `maka_madina_hotels_rooms_prices_id`, `hotel_room_types_id`, `date`, `cost`, `profit`, `available_of_room`, `number_of_room_reserved`) VALUES
(6589, 120, 0, '2017-05-04', '480', '10', 10, 0),
(6590, 120, 0, '2017-05-05', '480', '10', 10, 0),
(6591, 120, 0, '2017-05-06', '480', '10', 10, 0),
(6592, 120, 0, '2017-05-07', '480', '10', 10, 0),
(6593, 120, 0, '2017-05-08', '480', '10', 10, 0),
(6594, 120, 0, '2017-05-09', '480', '10', 10, 0),
(6595, 120, 0, '2017-05-10', '480', '10', 10, 0),
(6596, 120, 0, '2017-05-11', '480', '10', 10, 0),
(6597, 120, 0, '2017-05-12', '480', '10', 10, 0),
(6598, 120, 0, '2017-05-13', '480', '10', 10, 0),
(6599, 120, 0, '2017-05-14', '480', '10', 10, 0),
(6600, 120, 0, '2017-05-15', '480', '10', 10, 0),
(6601, 120, 0, '2017-05-16', '480', '10', 10, 0),
(6602, 120, 0, '2017-05-17', '480', '10', 10, 0),
(6603, 120, 0, '2017-05-18', '480', '10', 10, 0),
(6604, 120, 0, '2017-05-19', '480', '10', 10, 0),
(6605, 120, 0, '2017-05-20', '480', '10', 10, 0),
(6606, 120, 0, '2017-05-21', '480', '10', 10, 0),
(6607, 120, 0, '2017-05-22', '480', '10', 10, 0),
(6608, 120, 0, '2017-05-23', '480', '10', 10, 0),
(6609, 120, 0, '2017-05-24', '480', '10', 10, 0),
(6610, 120, 0, '2017-05-25', '480', '10', 10, 0),
(6611, 120, 0, '2017-05-26', '480', '10', 10, 0),
(6612, 120, 0, '2017-05-27', '480', '10', 10, 0),
(6613, 121, 0, '2017-04-09', '480', '10', 10, 0),
(6614, 121, 0, '2017-04-10', '480', '10', 10, 0),
(6615, 121, 0, '2017-04-11', '480', '10', 10, 0),
(6616, 121, 0, '2017-04-12', '480', '10', 10, 0),
(6617, 121, 0, '2017-04-13', '480', '10', 10, 0),
(6618, 121, 0, '2017-04-14', '480', '10', 10, 0),
(6619, 121, 0, '2017-04-15', '480', '10', 10, 0),
(6620, 121, 0, '2017-04-16', '480', '10', 10, 0),
(6621, 121, 0, '2017-04-17', '480', '10', 10, 0),
(6622, 121, 0, '2017-04-18', '480', '10', 10, 0),
(6623, 121, 0, '2017-04-19', '480', '10', 10, 0),
(6624, 121, 0, '2017-04-20', '480', '10', 10, 0),
(6625, 121, 0, '2017-04-21', '480', '10', 10, 0),
(6626, 121, 0, '2017-04-22', '480', '10', 10, 0),
(6627, 121, 0, '2017-04-23', '480', '10', 10, 0),
(6628, 121, 0, '2017-04-24', '480', '10', 10, 0),
(6629, 121, 0, '2017-04-25', '480', '10', 10, 0),
(6630, 121, 0, '2017-04-26', '480', '10', 10, 0),
(6631, 121, 0, '2017-04-27', '480', '10', 10, 0),
(6632, 121, 0, '2017-04-28', '480', '10', 10, 0),
(6633, 121, 0, '2017-04-29', '480', '10', 10, 0),
(6634, 121, 0, '2017-04-30', '480', '10', 10, 0),
(6635, 121, 0, '2017-05-01', '480', '10', 10, 0),
(6636, 121, 0, '2017-05-02', '480', '10', 10, 0),
(6637, 121, 0, '2017-05-03', '480', '10', 10, 0),
(6638, 121, 0, '2017-05-04', '480', '10', 10, 0),
(6639, 121, 0, '2017-05-05', '480', '10', 10, 0),
(6640, 121, 0, '2017-05-06', '480', '10', 10, 0),
(6641, 121, 0, '2017-05-07', '480', '10', 10, 0),
(6642, 121, 0, '2017-05-08', '480', '10', 10, 0),
(6643, 121, 0, '2017-05-09', '480', '10', 10, 0),
(6644, 121, 0, '2017-05-10', '480', '10', 10, 0),
(6645, 121, 0, '2017-05-11', '480', '10', 10, 0),
(6646, 121, 0, '2017-05-12', '480', '10', 10, 0),
(6647, 121, 0, '2017-05-13', '480', '10', 10, 0),
(6648, 121, 0, '2017-05-14', '480', '10', 10, 0),
(6649, 121, 0, '2017-05-15', '480', '10', 10, 0),
(6650, 121, 0, '2017-05-16', '480', '10', 10, 0),
(6651, 121, 0, '2017-05-17', '480', '10', 10, 0),
(6652, 121, 0, '2017-05-18', '480', '10', 10, 0),
(6653, 121, 0, '2017-05-19', '480', '10', 10, 0),
(6654, 121, 0, '2017-05-20', '480', '10', 10, 0),
(6655, 121, 0, '2017-05-21', '480', '10', 10, 0),
(6656, 121, 0, '2017-05-22', '480', '10', 10, 0),
(6657, 121, 0, '2017-05-23', '480', '10', 10, 0),
(6658, 121, 0, '2017-05-24', '480', '10', 10, 0),
(6659, 121, 0, '2017-05-25', '480', '10', 10, 0),
(6660, 121, 0, '2017-05-26', '480', '10', 10, 0),
(6661, 121, 0, '2017-05-27', '480', '10', 10, 0),
(6662, 122, 0, '2017-04-09', '580', '10', 10, 0),
(6663, 122, 0, '2017-04-10', '580', '10', 10, 0),
(6664, 122, 0, '2017-04-11', '580', '10', 10, 0),
(6665, 122, 0, '2017-04-12', '580', '10', 10, 0),
(6666, 122, 0, '2017-04-13', '580', '10', 10, 0),
(6667, 122, 0, '2017-04-14', '580', '10', 10, 0),
(6668, 122, 0, '2017-04-15', '580', '10', 10, 0),
(6669, 122, 0, '2017-04-16', '580', '10', 10, 0),
(6670, 122, 0, '2017-04-17', '580', '10', 10, 0),
(6671, 122, 0, '2017-04-18', '580', '10', 10, 0),
(6672, 122, 0, '2017-04-19', '580', '10', 10, 0),
(6673, 122, 0, '2017-04-20', '580', '10', 10, 0),
(6674, 122, 0, '2017-04-21', '580', '10', 10, 0),
(6675, 122, 0, '2017-04-22', '580', '10', 10, 0),
(6676, 122, 0, '2017-04-23', '580', '10', 10, 0),
(6677, 122, 0, '2017-04-24', '580', '10', 10, 0),
(6678, 122, 0, '2017-04-25', '580', '10', 10, 0),
(6679, 122, 0, '2017-04-26', '580', '10', 10, 0),
(6680, 122, 0, '2017-04-27', '580', '10', 10, 0),
(6681, 122, 0, '2017-04-28', '580', '10', 10, 0),
(6682, 122, 0, '2017-04-29', '580', '10', 10, 0),
(6683, 122, 0, '2017-04-30', '580', '10', 10, 0),
(6684, 122, 0, '2017-05-01', '580', '10', 10, 0),
(6685, 122, 0, '2017-05-02', '580', '10', 10, 0),
(6686, 122, 0, '2017-05-03', '580', '10', 10, 0),
(6687, 122, 0, '2017-05-04', '580', '10', 10, 0),
(6688, 122, 0, '2017-05-05', '580', '10', 10, 0),
(6689, 122, 0, '2017-05-06', '580', '10', 10, 0),
(6690, 122, 0, '2017-05-07', '580', '10', 10, 0),
(6691, 122, 0, '2017-05-08', '580', '10', 10, 0),
(6692, 122, 0, '2017-05-09', '580', '10', 10, 0),
(6693, 122, 0, '2017-05-10', '580', '10', 10, 0),
(6694, 122, 0, '2017-05-11', '580', '10', 10, 0),
(6695, 122, 0, '2017-05-12', '580', '10', 10, 0),
(6696, 122, 0, '2017-05-13', '580', '10', 10, 0),
(6697, 122, 0, '2017-05-14', '580', '10', 10, 0),
(6698, 122, 0, '2017-05-15', '580', '10', 10, 0),
(6699, 122, 0, '2017-05-16', '580', '10', 10, 0),
(6700, 122, 0, '2017-05-17', '580', '10', 10, 0),
(6701, 122, 0, '2017-05-18', '580', '10', 10, 0),
(6702, 122, 0, '2017-05-19', '580', '10', 10, 0),
(6703, 122, 0, '2017-05-20', '580', '10', 10, 0),
(6704, 122, 0, '2017-05-21', '580', '10', 10, 0),
(6705, 122, 0, '2017-05-22', '580', '10', 10, 0),
(6706, 122, 0, '2017-05-23', '580', '10', 10, 0),
(6707, 122, 0, '2017-05-24', '580', '10', 10, 0),
(6708, 122, 0, '2017-05-25', '580', '10', 10, 0),
(6709, 122, 0, '2017-05-26', '580', '10', 10, 0),
(6710, 122, 0, '2017-05-27', '580', '10', 10, 0),
(6760, 123, 0, '2017-04-09', '680', '10', 10, 0),
(6761, 123, 0, '2017-04-10', '680', '10', 10, 0),
(6762, 123, 0, '2017-04-11', '680', '10', 10, 0),
(6763, 123, 0, '2017-04-12', '680', '10', 10, 0),
(6764, 123, 0, '2017-04-13', '680', '10', 10, 0),
(6765, 123, 0, '2017-04-14', '680', '10', 10, 0),
(6766, 123, 0, '2017-04-15', '680', '10', 10, 0),
(6767, 123, 0, '2017-04-16', '680', '10', 10, 0),
(6768, 123, 0, '2017-04-17', '680', '10', 10, 0),
(6769, 123, 0, '2017-04-18', '680', '10', 10, 0),
(6770, 123, 0, '2017-04-19', '680', '10', 10, 0),
(6771, 123, 0, '2017-04-20', '680', '10', 10, 0),
(6772, 123, 0, '2017-04-21', '680', '10', 10, 0),
(6773, 123, 0, '2017-04-22', '680', '10', 10, 0),
(6774, 123, 0, '2017-04-23', '680', '10', 10, 0),
(6775, 123, 0, '2017-04-24', '680', '10', 10, 0),
(6776, 123, 0, '2017-04-25', '680', '10', 10, 0),
(6777, 123, 0, '2017-04-26', '680', '10', 10, 0),
(6778, 123, 0, '2017-04-27', '680', '10', 10, 0),
(6779, 123, 0, '2017-04-28', '680', '10', 10, 0),
(6780, 123, 0, '2017-04-29', '680', '10', 10, 0),
(6781, 123, 0, '2017-04-30', '680', '10', 10, 0),
(6782, 123, 0, '2017-05-01', '680', '10', 10, 0),
(6783, 123, 0, '2017-05-02', '680', '10', 10, 0),
(6784, 123, 0, '2017-05-03', '680', '10', 10, 0),
(6785, 123, 0, '2017-05-04', '680', '10', 10, 0),
(6786, 123, 0, '2017-05-05', '680', '10', 10, 0),
(6787, 123, 0, '2017-05-06', '680', '10', 10, 0),
(6788, 123, 0, '2017-05-07', '680', '10', 10, 0),
(6789, 123, 0, '2017-05-08', '680', '10', 10, 0),
(6790, 123, 0, '2017-05-09', '680', '10', 10, 0),
(6791, 123, 0, '2017-05-10', '680', '10', 10, 0),
(6792, 123, 0, '2017-05-11', '680', '10', 10, 0),
(6793, 123, 0, '2017-05-12', '680', '10', 10, 0),
(6794, 123, 0, '2017-05-13', '680', '10', 10, 0),
(6795, 123, 0, '2017-05-14', '680', '10', 10, 0),
(6796, 123, 0, '2017-05-15', '680', '10', 10, 0),
(6797, 123, 0, '2017-05-16', '680', '10', 10, 0),
(6798, 123, 0, '2017-05-17', '680', '10', 10, 0),
(6799, 123, 0, '2017-05-18', '680', '10', 10, 0),
(6800, 123, 0, '2017-05-19', '680', '10', 10, 0),
(6801, 123, 0, '2017-05-20', '680', '10', 10, 0),
(6802, 123, 0, '2017-05-21', '680', '10', 10, 0),
(6803, 123, 0, '2017-05-22', '680', '10', 10, 0),
(6804, 123, 0, '2017-05-23', '680', '10', 10, 0),
(6805, 123, 0, '2017-05-24', '680', '10', 10, 0),
(6806, 123, 0, '2017-05-25', '680', '10', 10, 0),
(6807, 123, 0, '2017-05-26', '680', '10', 10, 0),
(6808, 123, 0, '2017-05-27', '680', '10', 10, 0),
(6809, 124, 0, '2017-04-09', '400', '10', 10, 0),
(6810, 124, 0, '2017-04-10', '400', '10', 10, 0),
(6811, 124, 0, '2017-04-11', '400', '10', 10, 0),
(6812, 124, 0, '2017-04-12', '400', '10', 10, 0),
(6813, 124, 0, '2017-04-13', '400', '10', 10, 0),
(6814, 124, 0, '2017-04-14', '400', '10', 10, 0),
(6815, 124, 0, '2017-04-15', '400', '10', 10, 0),
(6816, 124, 0, '2017-04-16', '400', '10', 10, 0),
(6817, 124, 0, '2017-04-17', '400', '10', 10, 0),
(6818, 124, 0, '2017-04-18', '400', '10', 10, 0),
(6819, 124, 0, '2017-04-19', '400', '10', 10, 0),
(6820, 124, 0, '2017-04-20', '400', '10', 10, 0),
(6821, 124, 0, '2017-04-21', '400', '10', 10, 0),
(6822, 124, 0, '2017-04-22', '400', '10', 10, 0),
(6823, 124, 0, '2017-04-23', '400', '10', 10, 0),
(6824, 124, 0, '2017-04-24', '400', '10', 10, 0),
(6825, 124, 0, '2017-04-25', '400', '10', 10, 0),
(6826, 124, 0, '2017-04-26', '400', '10', 10, 0),
(6827, 124, 0, '2017-04-27', '400', '10', 10, 0),
(6828, 124, 0, '2017-04-28', '400', '10', 10, 0),
(6829, 124, 0, '2017-04-29', '400', '10', 10, 0),
(6830, 124, 0, '2017-04-30', '400', '10', 10, 0),
(6831, 124, 0, '2017-05-01', '400', '10', 10, 0),
(6832, 124, 0, '2017-05-02', '400', '10', 10, 0),
(6833, 124, 0, '2017-05-03', '400', '10', 10, 0),
(6834, 124, 0, '2017-05-04', '400', '10', 10, 0),
(6835, 124, 0, '2017-05-05', '400', '10', 10, 0),
(6836, 124, 0, '2017-05-06', '400', '10', 10, 0),
(6837, 124, 0, '2017-05-07', '400', '10', 10, 0),
(6838, 124, 0, '2017-05-08', '400', '10', 10, 0),
(6839, 124, 0, '2017-05-09', '400', '10', 10, 0),
(6840, 124, 0, '2017-05-10', '400', '10', 10, 0),
(6841, 124, 0, '2017-05-11', '400', '10', 10, 0),
(6842, 124, 0, '2017-05-12', '400', '10', 10, 0),
(6843, 124, 0, '2017-05-13', '400', '10', 10, 0),
(6844, 124, 0, '2017-05-14', '400', '10', 10, 0),
(6845, 124, 0, '2017-05-15', '400', '10', 10, 0),
(6846, 124, 0, '2017-05-16', '400', '10', 10, 0),
(6847, 124, 0, '2017-05-17', '400', '10', 10, 0),
(6848, 124, 0, '2017-05-18', '400', '10', 10, 0),
(6849, 124, 0, '2017-05-19', '400', '10', 10, 0),
(6850, 124, 0, '2017-05-20', '400', '10', 10, 0),
(6851, 124, 0, '2017-05-21', '400', '10', 10, 0),
(6852, 124, 0, '2017-05-22', '400', '10', 10, 0),
(6853, 124, 0, '2017-05-23', '400', '10', 10, 0),
(6854, 124, 0, '2017-05-24', '400', '10', 10, 0),
(6855, 124, 0, '2017-05-25', '400', '10', 10, 0),
(6856, 124, 0, '2017-05-26', '400', '10', 10, 0),
(6857, 124, 0, '2017-05-27', '400', '10', 10, 0),
(6858, 13, 0, '2017-04-09', '400', '10', 10, 0),
(6859, 13, 0, '2017-04-10', '400', '10', 10, 0),
(6860, 13, 0, '2017-04-11', '400', '10', 10, 0),
(6861, 13, 0, '2017-04-12', '400', '10', 10, 0),
(6862, 13, 0, '2017-04-13', '400', '10', 10, 0),
(6863, 13, 0, '2017-04-14', '400', '10', 10, 0),
(6864, 13, 0, '2017-04-15', '400', '10', 10, 0),
(6865, 13, 0, '2017-04-16', '400', '10', 10, 0),
(6866, 13, 0, '2017-04-17', '400', '10', 10, 0),
(6867, 13, 0, '2017-04-18', '400', '10', 10, 0),
(6868, 13, 0, '2017-04-19', '400', '10', 10, 0),
(6869, 13, 0, '2017-04-20', '400', '10', 10, 0),
(6870, 13, 0, '2017-04-21', '400', '10', 10, 0),
(6871, 13, 0, '2017-04-22', '400', '10', 10, 0),
(6872, 13, 0, '2017-04-23', '400', '10', 10, 0),
(6873, 13, 0, '2017-04-24', '400', '10', 10, 0),
(6874, 13, 0, '2017-04-25', '400', '10', 10, 0),
(6875, 13, 0, '2017-04-26', '400', '10', 10, 0),
(6876, 13, 0, '2017-04-27', '400', '10', 10, 0),
(6877, 13, 0, '2017-04-28', '400', '10', 10, 0),
(6878, 13, 0, '2017-04-29', '400', '10', 10, 0),
(6879, 13, 0, '2017-04-30', '400', '10', 10, 0),
(6880, 13, 0, '2017-05-01', '400', '10', 10, 0),
(6881, 13, 0, '2017-05-02', '400', '10', 10, 0),
(6882, 13, 0, '2017-05-03', '400', '10', 10, 0),
(6883, 13, 0, '2017-05-04', '400', '10', 10, 0),
(6884, 13, 0, '2017-05-05', '400', '10', 10, 0),
(6885, 13, 0, '2017-05-06', '400', '10', 10, 0),
(6886, 13, 0, '2017-05-07', '400', '10', 10, 0),
(6887, 13, 0, '2017-05-08', '400', '10', 10, 0),
(6888, 13, 0, '2017-05-09', '400', '10', 10, 0),
(6889, 13, 0, '2017-05-10', '400', '10', 10, 0),
(6890, 13, 0, '2017-05-11', '400', '10', 10, 0),
(6891, 13, 0, '2017-05-12', '400', '10', 10, 0),
(6892, 13, 0, '2017-05-13', '400', '10', 10, 0),
(6893, 13, 0, '2017-05-14', '400', '10', 10, 0),
(6894, 13, 0, '2017-05-15', '400', '10', 10, 0),
(6895, 13, 0, '2017-05-16', '400', '10', 10, 0),
(6896, 13, 0, '2017-05-17', '400', '10', 10, 0),
(6897, 13, 0, '2017-05-18', '400', '10', 10, 0),
(6898, 13, 0, '2017-05-19', '400', '10', 10, 0),
(6899, 13, 0, '2017-05-20', '400', '10', 10, 0),
(6900, 13, 0, '2017-05-21', '400', '10', 10, 0),
(6901, 13, 0, '2017-05-22', '400', '10', 10, 0),
(6902, 13, 0, '2017-05-23', '400', '10', 10, 0),
(6903, 13, 0, '2017-05-24', '400', '10', 10, 0),
(6904, 13, 0, '2017-05-25', '400', '10', 10, 0),
(6905, 13, 0, '2017-05-26', '400', '10', 10, 0),
(6906, 13, 0, '2017-05-27', '400', '10', 10, 0),
(6907, 14, 0, '2017-04-09', '475', '10', 10, 0),
(6908, 14, 0, '2017-04-10', '475', '10', 10, 0),
(6909, 14, 0, '2017-04-11', '475', '10', 10, 0),
(6910, 14, 0, '2017-04-12', '475', '10', 10, 0),
(6911, 14, 0, '2017-04-13', '475', '10', 10, 0),
(6912, 14, 0, '2017-04-14', '475', '10', 10, 0),
(6913, 14, 0, '2017-04-15', '475', '10', 10, 0),
(6914, 14, 0, '2017-04-16', '475', '10', 10, 0),
(6915, 14, 0, '2017-04-17', '475', '10', 10, 0),
(6916, 14, 0, '2017-04-18', '475', '10', 10, 0),
(6917, 14, 0, '2017-04-19', '475', '10', 10, 0),
(6918, 14, 0, '2017-04-20', '475', '10', 10, 0),
(6919, 14, 0, '2017-04-21', '475', '10', 10, 0),
(6920, 14, 0, '2017-04-22', '475', '10', 10, 0),
(6921, 14, 0, '2017-04-23', '475', '10', 10, 0),
(6922, 14, 0, '2017-04-24', '475', '10', 10, 0),
(6923, 14, 0, '2017-04-25', '475', '10', 10, 0),
(6924, 14, 0, '2017-04-26', '475', '10', 10, 0),
(6925, 14, 0, '2017-04-27', '475', '10', 10, 0),
(6926, 14, 0, '2017-04-28', '475', '10', 10, 0),
(6927, 14, 0, '2017-04-29', '475', '10', 10, 0),
(6928, 14, 0, '2017-04-30', '475', '10', 10, 0),
(6929, 14, 0, '2017-05-01', '475', '10', 10, 0),
(6930, 14, 0, '2017-05-02', '475', '10', 10, 0),
(6931, 14, 0, '2017-05-03', '475', '10', 10, 0),
(6932, 14, 0, '2017-05-04', '475', '10', 10, 0),
(6933, 14, 0, '2017-05-05', '475', '10', 10, 0),
(6934, 14, 0, '2017-05-06', '475', '10', 10, 0),
(6935, 14, 0, '2017-05-07', '475', '10', 10, 0),
(6936, 14, 0, '2017-05-08', '475', '10', 10, 0),
(6937, 14, 0, '2017-05-09', '475', '10', 10, 0),
(6938, 14, 0, '2017-05-10', '475', '10', 10, 0),
(6939, 14, 0, '2017-05-11', '475', '10', 10, 0),
(6940, 14, 0, '2017-05-12', '475', '10', 10, 0),
(6941, 14, 0, '2017-05-13', '475', '10', 10, 0),
(6942, 14, 0, '2017-05-14', '475', '10', 10, 0),
(6943, 14, 0, '2017-05-15', '475', '10', 10, 0),
(6944, 14, 0, '2017-05-16', '475', '10', 10, 0),
(6945, 14, 0, '2017-05-17', '475', '10', 10, 0),
(6946, 14, 0, '2017-05-18', '475', '10', 10, 0),
(6947, 14, 0, '2017-05-19', '475', '10', 10, 0),
(6948, 14, 0, '2017-05-20', '475', '10', 10, 0),
(6949, 14, 0, '2017-05-21', '475', '10', 10, 0),
(6950, 14, 0, '2017-05-22', '475', '10', 10, 0),
(6951, 14, 0, '2017-05-23', '475', '10', 10, 0),
(6952, 14, 0, '2017-05-24', '475', '10', 10, 0),
(6953, 14, 0, '2017-05-25', '475', '10', 10, 0),
(6954, 14, 0, '2017-05-26', '475', '10', 10, 0),
(6955, 14, 0, '2017-05-27', '475', '10', 10, 0),
(6956, 15, 0, '2017-04-09', '550', '10', 10, 0),
(6957, 15, 0, '2017-04-10', '550', '10', 10, 0),
(6958, 15, 0, '2017-04-11', '550', '10', 10, 0),
(6959, 15, 0, '2017-04-12', '550', '10', 10, 0),
(6960, 15, 0, '2017-04-13', '550', '10', 10, 0),
(6961, 15, 0, '2017-04-14', '550', '10', 10, 0),
(6962, 15, 0, '2017-04-15', '550', '10', 10, 0),
(6963, 15, 0, '2017-04-16', '550', '10', 10, 0),
(6964, 15, 0, '2017-04-17', '550', '10', 10, 0),
(6965, 15, 0, '2017-04-18', '550', '10', 10, 0),
(6966, 15, 0, '2017-04-19', '550', '10', 10, 0),
(6967, 15, 0, '2017-04-20', '550', '10', 10, 0),
(6968, 15, 0, '2017-04-21', '550', '10', 10, 0),
(6969, 15, 0, '2017-04-22', '550', '10', 10, 0),
(6970, 15, 0, '2017-04-23', '550', '10', 10, 0),
(6971, 15, 0, '2017-04-24', '550', '10', 10, 0),
(6972, 15, 0, '2017-04-25', '550', '10', 10, 0),
(6973, 15, 0, '2017-04-26', '550', '10', 10, 0),
(6974, 15, 0, '2017-04-27', '550', '10', 10, 0),
(6975, 15, 0, '2017-04-28', '550', '10', 10, 0),
(6976, 15, 0, '2017-04-29', '550', '10', 10, 0),
(6977, 15, 0, '2017-04-30', '550', '10', 10, 0),
(6978, 15, 0, '2017-05-01', '550', '10', 10, 0),
(6979, 15, 0, '2017-05-02', '550', '10', 10, 0),
(6980, 15, 0, '2017-05-03', '550', '10', 10, 0),
(6981, 15, 0, '2017-05-04', '550', '10', 10, 0),
(6982, 15, 0, '2017-05-05', '550', '10', 10, 0),
(6983, 15, 0, '2017-05-06', '550', '10', 10, 0),
(6984, 15, 0, '2017-05-07', '550', '10', 10, 0),
(6985, 15, 0, '2017-05-08', '550', '10', 10, 0),
(6986, 15, 0, '2017-05-09', '550', '10', 10, 0),
(6987, 15, 0, '2017-05-10', '550', '10', 10, 0),
(6988, 15, 0, '2017-05-11', '550', '10', 10, 0),
(6989, 15, 0, '2017-05-12', '550', '10', 10, 0),
(6990, 15, 0, '2017-05-13', '550', '10', 10, 0),
(6991, 15, 0, '2017-05-14', '550', '10', 10, 0),
(6992, 15, 0, '2017-05-15', '550', '10', 10, 0),
(6993, 15, 0, '2017-05-16', '550', '10', 10, 0),
(6994, 15, 0, '2017-05-17', '550', '10', 10, 0),
(6995, 15, 0, '2017-05-18', '550', '10', 10, 0),
(6996, 15, 0, '2017-05-19', '550', '10', 10, 0),
(6997, 15, 0, '2017-05-20', '550', '10', 10, 0),
(6998, 15, 0, '2017-05-21', '550', '10', 10, 0),
(6999, 15, 0, '2017-05-22', '550', '10', 10, 0),
(7000, 15, 0, '2017-05-23', '550', '10', 10, 0),
(7001, 15, 0, '2017-05-24', '550', '10', 10, 0),
(7002, 15, 0, '2017-05-25', '550', '10', 10, 0),
(7003, 15, 0, '2017-05-26', '550', '10', 10, 0),
(7004, 15, 0, '2017-05-27', '550', '10', 10, 0),
(7005, 125, 0, '2017-04-09', '350', '10', 10, 0),
(7006, 125, 0, '2017-04-10', '350', '10', 10, 0),
(7007, 125, 0, '2017-04-11', '350', '10', 10, 0),
(7008, 125, 0, '2017-04-12', '350', '10', 10, 0),
(7009, 125, 0, '2017-04-13', '350', '10', 10, 0),
(7010, 125, 0, '2017-04-14', '350', '10', 10, 0),
(7011, 125, 0, '2017-04-15', '350', '10', 10, 0),
(7012, 125, 0, '2017-04-16', '350', '10', 10, 0),
(7013, 125, 0, '2017-04-17', '350', '10', 10, 0),
(7014, 125, 0, '2017-04-18', '350', '10', 10, 0),
(7015, 125, 0, '2017-04-19', '350', '10', 10, 0),
(7016, 125, 0, '2017-04-20', '350', '10', 10, 0),
(7017, 125, 0, '2017-04-21', '350', '10', 10, 0),
(7018, 125, 0, '2017-04-22', '350', '10', 10, 0),
(7019, 125, 0, '2017-04-23', '350', '10', 10, 0),
(7020, 125, 0, '2017-04-24', '350', '10', 10, 0),
(7021, 125, 0, '2017-04-25', '350', '10', 10, 0),
(7022, 125, 0, '2017-04-26', '350', '10', 10, 0),
(7023, 125, 0, '2017-04-27', '350', '10', 10, 0),
(7024, 125, 0, '2017-04-28', '350', '10', 10, 0),
(7025, 125, 0, '2017-04-29', '350', '10', 10, 0),
(7026, 125, 0, '2017-04-30', '350', '10', 10, 0),
(7027, 125, 0, '2017-05-01', '350', '10', 10, 0),
(7028, 125, 0, '2017-05-02', '350', '10', 10, 0),
(7029, 125, 0, '2017-05-03', '350', '10', 10, 0),
(7030, 125, 0, '2017-05-04', '350', '10', 10, 0),
(7031, 125, 0, '2017-05-05', '350', '10', 10, 0),
(7032, 125, 0, '2017-05-06', '350', '10', 10, 0),
(7033, 125, 0, '2017-05-07', '350', '10', 10, 0),
(7034, 125, 0, '2017-05-08', '350', '10', 10, 0),
(7035, 125, 0, '2017-05-09', '350', '10', 10, 0),
(7036, 125, 0, '2017-05-10', '350', '10', 10, 0),
(7037, 125, 0, '2017-05-11', '350', '10', 10, 0),
(7038, 125, 0, '2017-05-12', '350', '10', 10, 0),
(7039, 125, 0, '2017-05-13', '350', '10', 10, 0),
(7040, 125, 0, '2017-05-14', '350', '10', 10, 0),
(7041, 125, 0, '2017-05-15', '350', '10', 10, 0),
(7042, 125, 0, '2017-05-16', '350', '10', 10, 0),
(7043, 125, 0, '2017-05-17', '350', '10', 10, 0),
(7044, 125, 0, '2017-05-18', '350', '10', 10, 0),
(7045, 125, 0, '2017-05-19', '350', '10', 10, 0),
(7046, 125, 0, '2017-05-20', '350', '10', 10, 0),
(7047, 125, 0, '2017-05-21', '350', '10', 10, 0),
(7048, 125, 0, '2017-05-22', '350', '10', 10, 0),
(7049, 125, 0, '2017-05-23', '350', '10', 10, 0),
(7050, 125, 0, '2017-05-24', '350', '10', 10, 0),
(7051, 125, 0, '2017-05-25', '350', '10', 10, 0),
(7052, 125, 0, '2017-05-26', '350', '10', 10, 0),
(7053, 125, 0, '2017-05-27', '350', '10', 10, 0),
(7054, 7, 0, '2017-04-09', '350', '10', 10, 0),
(7055, 7, 0, '2017-04-10', '350', '10', 10, 0),
(7056, 7, 0, '2017-04-11', '350', '10', 10, 0),
(7057, 7, 0, '2017-04-12', '350', '10', 10, 0),
(7058, 7, 0, '2017-04-13', '350', '10', 10, 0),
(7059, 7, 0, '2017-04-14', '350', '10', 10, 0),
(7060, 7, 0, '2017-04-15', '350', '10', 10, 0),
(7061, 7, 0, '2017-04-16', '350', '10', 10, 0),
(7062, 7, 0, '2017-04-17', '350', '10', 10, 0),
(7063, 7, 0, '2017-04-18', '350', '10', 10, 0),
(7064, 7, 0, '2017-04-19', '350', '10', 10, 0),
(7065, 7, 0, '2017-04-20', '350', '10', 10, 0),
(7066, 7, 0, '2017-04-21', '350', '10', 10, 0),
(7067, 7, 0, '2017-04-22', '350', '10', 10, 0),
(7068, 7, 0, '2017-04-23', '350', '10', 10, 0),
(7069, 7, 0, '2017-04-24', '350', '10', 10, 0),
(7070, 7, 0, '2017-04-25', '350', '10', 10, 0),
(7071, 7, 0, '2017-04-26', '350', '10', 10, 0),
(7072, 7, 0, '2017-04-27', '350', '10', 10, 0),
(7073, 7, 0, '2017-04-28', '350', '10', 10, 0),
(7074, 7, 0, '2017-04-29', '350', '10', 10, 0),
(7075, 7, 0, '2017-04-30', '350', '10', 10, 0),
(7076, 7, 0, '2017-05-01', '350', '10', 10, 0),
(7077, 7, 0, '2017-05-02', '350', '10', 10, 0),
(7078, 7, 0, '2017-05-03', '350', '10', 10, 0),
(7079, 7, 0, '2017-05-04', '350', '10', 10, 0),
(7080, 7, 0, '2017-05-05', '350', '10', 10, 0),
(7081, 7, 0, '2017-05-06', '350', '10', 10, 0),
(7082, 7, 0, '2017-05-07', '350', '10', 10, 0),
(7083, 7, 0, '2017-05-08', '350', '10', 10, 0),
(7084, 7, 0, '2017-05-09', '350', '10', 10, 0),
(7085, 7, 0, '2017-05-10', '350', '10', 10, 0),
(7086, 7, 0, '2017-05-11', '350', '10', 10, 0),
(7087, 7, 0, '2017-05-12', '350', '10', 10, 0),
(7088, 7, 0, '2017-05-13', '350', '10', 10, 0),
(7089, 7, 0, '2017-05-14', '350', '10', 10, 0),
(7090, 7, 0, '2017-05-15', '350', '10', 10, 0),
(7091, 7, 0, '2017-05-16', '350', '10', 10, 0),
(7092, 7, 0, '2017-05-17', '350', '10', 10, 0),
(7093, 7, 0, '2017-05-18', '350', '10', 10, 0),
(7094, 7, 0, '2017-05-19', '350', '10', 10, 0),
(7095, 7, 0, '2017-05-20', '350', '10', 10, 0),
(7096, 7, 0, '2017-05-21', '350', '10', 10, 0),
(7097, 7, 0, '2017-05-22', '350', '10', 10, 0),
(7098, 7, 0, '2017-05-23', '350', '10', 10, 0),
(7099, 7, 0, '2017-05-24', '350', '10', 10, 0),
(7100, 7, 0, '2017-05-25', '350', '10', 10, 0),
(7101, 7, 0, '2017-05-26', '350', '10', 10, 0),
(7102, 7, 0, '2017-05-27', '350', '10', 10, 0),
(7103, 8, 0, '2017-04-09', '425', '10', 10, 0),
(7104, 8, 0, '2017-04-10', '425', '10', 10, 0),
(7105, 8, 0, '2017-04-11', '425', '10', 10, 0),
(7106, 8, 0, '2017-04-12', '425', '10', 10, 0),
(7107, 8, 0, '2017-04-13', '425', '10', 10, 0),
(7108, 8, 0, '2017-04-14', '425', '10', 10, 0),
(7109, 8, 0, '2017-04-15', '425', '10', 10, 0),
(7110, 8, 0, '2017-04-16', '425', '10', 10, 0),
(7111, 8, 0, '2017-04-17', '425', '10', 10, 0),
(7112, 8, 0, '2017-04-18', '425', '10', 10, 0),
(7113, 8, 0, '2017-04-19', '425', '10', 10, 0),
(7114, 8, 0, '2017-04-20', '425', '10', 10, 0),
(7115, 8, 0, '2017-04-21', '425', '10', 10, 0),
(7116, 8, 0, '2017-04-22', '425', '10', 10, 0),
(7117, 8, 0, '2017-04-23', '425', '10', 10, 0),
(7118, 8, 0, '2017-04-24', '425', '10', 10, 0),
(7119, 8, 0, '2017-04-25', '425', '10', 10, 0),
(7120, 8, 0, '2017-04-26', '425', '10', 10, 0),
(7121, 8, 0, '2017-04-27', '425', '10', 10, 0),
(7122, 8, 0, '2017-04-28', '425', '10', 10, 0),
(7123, 8, 0, '2017-04-29', '425', '10', 10, 0),
(7124, 8, 0, '2017-04-30', '425', '10', 10, 0),
(7125, 8, 0, '2017-05-01', '425', '10', 10, 0),
(7126, 8, 0, '2017-05-02', '425', '10', 10, 0),
(7127, 8, 0, '2017-05-03', '425', '10', 10, 0),
(7128, 8, 0, '2017-05-04', '425', '10', 10, 0),
(7129, 8, 0, '2017-05-05', '425', '10', 10, 0),
(7130, 8, 0, '2017-05-06', '425', '10', 10, 0),
(7131, 8, 0, '2017-05-07', '425', '10', 10, 0),
(7132, 8, 0, '2017-05-08', '425', '10', 10, 0),
(7133, 8, 0, '2017-05-09', '425', '10', 10, 0),
(7134, 8, 0, '2017-05-10', '425', '10', 10, 0),
(7135, 8, 0, '2017-05-11', '425', '10', 10, 0),
(7136, 8, 0, '2017-05-12', '425', '10', 10, 0),
(7137, 8, 0, '2017-05-13', '425', '10', 10, 0),
(7138, 8, 0, '2017-05-14', '425', '10', 10, 0),
(7139, 8, 0, '2017-05-15', '425', '10', 10, 0),
(7140, 8, 0, '2017-05-16', '425', '10', 10, 0),
(7141, 8, 0, '2017-05-17', '425', '10', 10, 0),
(7142, 8, 0, '2017-05-18', '425', '10', 10, 0),
(7143, 8, 0, '2017-05-19', '425', '10', 10, 0),
(7144, 8, 0, '2017-05-20', '425', '10', 10, 0),
(7145, 8, 0, '2017-05-21', '425', '10', 10, 0),
(7146, 8, 0, '2017-05-22', '425', '10', 10, 0),
(7147, 8, 0, '2017-05-23', '425', '10', 10, 0),
(7148, 8, 0, '2017-05-24', '425', '10', 10, 0),
(7149, 8, 0, '2017-05-25', '425', '10', 10, 0),
(7150, 8, 0, '2017-05-26', '425', '10', 10, 0),
(7151, 8, 0, '2017-05-27', '425', '10', 10, 0),
(7152, 9, 0, '2017-04-09', '500', '10', 10, 0),
(7153, 9, 0, '2017-04-10', '500', '10', 10, 0),
(7154, 9, 0, '2017-04-11', '500', '10', 10, 0),
(7155, 9, 0, '2017-04-12', '500', '10', 10, 0),
(7156, 9, 0, '2017-04-13', '500', '10', 10, 0),
(7157, 9, 0, '2017-04-14', '500', '10', 10, 0),
(7158, 9, 0, '2017-04-15', '500', '10', 10, 0),
(7159, 9, 0, '2017-04-16', '500', '10', 10, 0),
(7160, 9, 0, '2017-04-17', '500', '10', 10, 0),
(7161, 9, 0, '2017-04-18', '500', '10', 10, 0),
(7162, 9, 0, '2017-04-19', '500', '10', 10, 0),
(7163, 9, 0, '2017-04-20', '500', '10', 10, 0),
(7164, 9, 0, '2017-04-21', '500', '10', 10, 0),
(7165, 9, 0, '2017-04-22', '500', '10', 10, 0),
(7166, 9, 0, '2017-04-23', '500', '10', 10, 0),
(7167, 9, 0, '2017-04-24', '500', '10', 10, 0),
(7168, 9, 0, '2017-04-25', '500', '10', 10, 0),
(7169, 9, 0, '2017-04-26', '500', '10', 10, 0),
(7170, 9, 0, '2017-04-27', '500', '10', 10, 0),
(7171, 9, 0, '2017-04-28', '500', '10', 10, 0),
(7172, 9, 0, '2017-04-29', '500', '10', 10, 0),
(7173, 9, 0, '2017-04-30', '500', '10', 10, 0),
(7174, 9, 0, '2017-05-01', '500', '10', 10, 0),
(7175, 9, 0, '2017-05-02', '500', '10', 10, 0),
(7176, 9, 0, '2017-05-03', '500', '10', 10, 0),
(7177, 9, 0, '2017-05-04', '500', '10', 10, 0),
(7178, 9, 0, '2017-05-05', '500', '10', 10, 0),
(7179, 9, 0, '2017-05-06', '500', '10', 10, 0),
(7180, 9, 0, '2017-05-07', '500', '10', 10, 0),
(7181, 9, 0, '2017-05-08', '500', '10', 10, 0),
(7182, 9, 0, '2017-05-09', '500', '10', 10, 0),
(7183, 9, 0, '2017-05-10', '500', '10', 10, 0),
(7184, 9, 0, '2017-05-11', '500', '10', 10, 0),
(7185, 9, 0, '2017-05-12', '500', '10', 10, 0),
(7186, 9, 0, '2017-05-13', '500', '10', 10, 0),
(7187, 9, 0, '2017-05-14', '500', '10', 10, 0),
(7188, 9, 0, '2017-05-15', '500', '10', 10, 0),
(7189, 9, 0, '2017-05-16', '500', '10', 10, 0),
(7190, 9, 0, '2017-05-17', '500', '10', 10, 0),
(7191, 9, 0, '2017-05-18', '500', '10', 10, 0),
(7192, 9, 0, '2017-05-19', '500', '10', 10, 0),
(7193, 9, 0, '2017-05-20', '500', '10', 10, 0),
(7194, 9, 0, '2017-05-21', '500', '10', 10, 0),
(7195, 9, 0, '2017-05-22', '500', '10', 10, 0),
(7196, 9, 0, '2017-05-23', '500', '10', 10, 0),
(7197, 9, 0, '2017-05-24', '500', '10', 10, 0),
(7198, 9, 0, '2017-05-25', '500', '10', 10, 0),
(7199, 9, 0, '2017-05-26', '500', '10', 10, 0),
(7200, 9, 0, '2017-05-27', '500', '10', 10, 0),
(7299, 86, 0, '2017-04-09', '130', '10', 10, 0),
(7300, 86, 0, '2017-04-10', '130', '10', 10, 0),
(7301, 86, 0, '2017-04-11', '130', '10', 10, 0),
(7302, 86, 0, '2017-04-12', '130', '10', 10, 0),
(7303, 86, 0, '2017-04-13', '130', '10', 10, 0),
(7304, 86, 0, '2017-04-14', '130', '10', 10, 0),
(7305, 86, 0, '2017-04-15', '130', '10', 10, 0),
(7306, 86, 0, '2017-04-16', '130', '10', 10, 0),
(7307, 86, 0, '2017-04-17', '130', '10', 10, 0),
(7308, 86, 0, '2017-04-18', '130', '10', 10, 0),
(7309, 86, 0, '2017-04-19', '130', '10', 10, 0),
(7310, 86, 0, '2017-04-20', '130', '10', 10, 0),
(7311, 86, 0, '2017-04-21', '130', '10', 10, 0),
(7312, 86, 0, '2017-04-22', '130', '10', 10, 0),
(7313, 86, 0, '2017-04-23', '130', '10', 10, 0),
(7314, 86, 0, '2017-04-24', '130', '10', 10, 0),
(7315, 86, 0, '2017-04-25', '130', '10', 10, 0),
(7316, 86, 0, '2017-04-26', '130', '10', 10, 0),
(7317, 86, 0, '2017-04-27', '130', '10', 10, 0),
(7318, 86, 0, '2017-04-28', '130', '10', 10, 0),
(7319, 86, 0, '2017-04-29', '130', '10', 10, 0),
(7320, 86, 0, '2017-04-30', '130', '10', 10, 0),
(7321, 86, 0, '2017-05-01', '130', '10', 10, 0),
(7322, 86, 0, '2017-05-02', '130', '10', 10, 0),
(7323, 86, 0, '2017-05-03', '130', '10', 10, 0),
(7324, 86, 0, '2017-05-04', '130', '10', 10, 0),
(7325, 86, 0, '2017-05-05', '130', '10', 10, 0),
(7326, 86, 0, '2017-05-06', '130', '10', 10, 0),
(7327, 86, 0, '2017-05-07', '130', '10', 10, 0),
(7328, 86, 0, '2017-05-08', '130', '10', 10, 0),
(7329, 86, 0, '2017-05-09', '130', '10', 10, 0),
(7330, 86, 0, '2017-05-10', '130', '10', 10, 0),
(7331, 86, 0, '2017-05-11', '130', '10', 10, 0),
(7332, 86, 0, '2017-05-12', '130', '10', 10, 0),
(7333, 86, 0, '2017-05-13', '130', '10', 10, 0),
(7334, 86, 0, '2017-05-14', '130', '10', 10, 0),
(7335, 86, 0, '2017-05-15', '130', '10', 10, 0),
(7336, 86, 0, '2017-05-16', '130', '10', 10, 0),
(7337, 86, 0, '2017-05-17', '130', '10', 10, 0),
(7338, 86, 0, '2017-05-18', '130', '10', 10, 0),
(7339, 86, 0, '2017-05-19', '130', '10', 10, 0),
(7340, 86, 0, '2017-05-20', '130', '10', 10, 0),
(7341, 86, 0, '2017-05-21', '130', '10', 10, 0),
(7342, 86, 0, '2017-05-22', '130', '10', 10, 0),
(7343, 86, 0, '2017-05-23', '130', '10', 10, 0),
(7344, 86, 0, '2017-05-24', '130', '10', 10, 0),
(7345, 86, 0, '2017-05-25', '130', '10', 10, 0),
(7346, 86, 0, '2017-05-26', '130', '10', 10, 0),
(7347, 86, 0, '2017-05-27', '130', '10', 10, 0);

-- --------------------------------------------------------

--
-- Table structure for table `maka_madina_hotels_slider`
--

CREATE TABLE `maka_madina_hotels_slider` (
  `id` int(11) NOT NULL,
  `maka_madina_hotels_id` int(11) NOT NULL,
  `image` varchar(255) NOT NULL
) ENGINE=InnoDB DEFAULT CHARSET=utf8;

--
-- Dumping data for table `maka_madina_hotels_slider`
--

INSERT INTO `maka_madina_hotels_slider` (`id`, `maka_madina_hotels_id`, `image`) VALUES
(15, 9, '13525828.jpg'),
(16, 9, '65478437.jpg'),
(17, 9, '65483792.jpg'),
(18, 9, '65483824.jpg'),
(19, 9, '65483858.jpg'),
(20, 9, '65483906.jpg'),
(21, 9, '65483974.jpg'),
(22, 9, '65484310.jpg'),
(23, 9, '65484346.jpg'),
(24, 9, '65484538.jpg'),
(25, 9, '65484560.jpg'),
(26, 9, '65484584_(1).jpg'),
(27, 9, '65484584.jpg'),
(45, 28, '56344995.jpg'),
(46, 28, '56344704.jpg'),
(47, 28, '56344761.jpg'),
(48, 28, '47074084.jpg'),
(49, 28, '56344945.jpg'),
(50, 28, '47106179.jpg'),
(51, 28, '56345450.jpg'),
(52, 28, '56345302.jpg'),
(53, 28, '56345160.jpg'),
(54, 28, '47074089.jpg'),
(55, 28, '56345095.jpg'),
(56, 29, '72002816.jpg'),
(57, 29, '72002561_(1).jpg'),
(58, 29, '71888570.jpg'),
(59, 29, '72011218.jpg'),
(60, 29, '72011162.jpg'),
(61, 29, '72002658.jpg'),
(62, 29, '71888632.jpg'),
(63, 29, '71891386.jpg'),
(64, 29, '72002561.jpg'),
(65, 29, '71888755.jpg'),
(66, 29, '72002470.jpg'),
(78, 24, '16930059_(1).jpg'),
(79, 24, '16732490.jpg'),
(80, 24, '16731376.jpg'),
(81, 24, '59707397.jpg'),
(82, 24, '17158451.jpg'),
(83, 24, '16735486.jpg'),
(84, 24, '16930059.jpg'),
(85, 24, '59705311.jpg'),
(86, 24, '59758811.jpg'),
(87, 24, '59699224.jpg'),
(88, 24, '59706278.jpg'),
(89, 24, '59758509.jpg'),
(90, 30, '25852321.jpg'),
(91, 30, '24055786.jpg'),
(92, 30, '25852324.jpg'),
(93, 30, '32358468.jpg'),
(94, 30, '24058307.jpg'),
(95, 30, '25852622.jpg'),
(96, 30, '25853319.jpg'),
(97, 30, '24055652.jpg'),
(98, 30, '80301453.jpg'),
(99, 30, '25852802.jpg'),
(100, 30, '80301424.jpg'),
(101, 30, '25852504.jpg'),
(102, 30, '25853133.jpg'),
(103, 31, '16139273.jpg'),
(104, 31, '16139414.jpg'),
(105, 31, '3729704.jpg'),
(106, 31, '16139192.jpg'),
(107, 31, '3729729.jpg'),
(108, 31, '3729638.jpg'),
(109, 31, '16139754.jpg'),
(110, 31, '16139554.jpg'),
(111, 31, '3729723.jpg'),
(112, 31, '20814595.jpg'),
(113, 32, '59166379.jpg'),
(114, 32, '75654135.jpg'),
(115, 32, '75654139.jpg'),
(116, 32, '71971411_(1).jpg'),
(117, 32, '59166020.jpg'),
(118, 32, '75654141.jpg'),
(119, 32, '75654156.jpg'),
(120, 32, '71971411.jpg'),
(121, 32, '59166399.jpg'),
(122, 32, '6604446.jpg'),
(123, 35, '11304923.jpg'),
(124, 35, '12088814.jpg'),
(125, 35, '12088939.jpg'),
(126, 35, '26152873.jpg'),
(127, 35, '26152953.jpg'),
(128, 35, '26153154.jpg'),
(129, 35, '26153770.jpg'),
(130, 35, ''),
(131, 36, '25564390.jpg'),
(132, 36, '25572836.jpg'),
(133, 36, '25965127.jpg'),
(134, 36, '25967545.jpg'),
(135, 36, '25968833.jpg'),
(136, 36, '45523614.jpg'),
(137, 36, '45523638.jpg'),
(138, 36, '72048813.jpg'),
(139, 36, '72049051.jpg'),
(140, 36, '72049261.jpg'),
(141, 36, '72049262.jpg'),
(142, 38, '31371831.jpg'),
(143, 38, 'maldives_tropical_resort_evening_90624_1920x1080.jpg'),
(144, 38, 'images.jpg'),
(145, 38, '20141115_204343.jpg'),
(146, 23, '4311425.jpg'),
(147, 23, '4311446.jpg'),
(148, 23, '4943707.jpg'),
(149, 23, '7649141.jpg'),
(150, 23, '8216237.jpg'),
(151, 23, '13403316_(1).jpg'),
(152, 23, '13403316.jpg'),
(153, 23, '13403342.jpg'),
(154, 23, '13406333.jpg'),
(155, 23, '13410614.jpg'),
(156, 23, '13412771.jpg'),
(157, 23, '13412801.jpg'),
(158, 23, '13412860.jpg'),
(159, 23, '13413059.jpg'),
(160, 23, '13413373.jpg'),
(161, 23, '13413499.jpg'),
(162, 23, '14396931.jpg'),
(163, 23, '14397135.jpg'),
(164, 25, '31371819.jpg'),
(165, 25, '31371822.jpg'),
(166, 25, '31371823.jpg'),
(167, 25, '31371825.jpg'),
(168, 25, '31371828.jpg'),
(169, 25, '31371829.jpg'),
(170, 25, '313718311.jpg'),
(171, 25, '31371834.jpg'),
(172, 25, '35108277.jpg'),
(173, 25, '35108318.jpg'),
(174, 25, '35108350.jpg'),
(175, 25, '35120146.jpg'),
(176, 25, '35120416.jpg'),
(177, 25, '35121601.jpg'),
(178, 39, '48910833.jpg'),
(179, 39, '48910836.jpg'),
(180, 39, '48910974.jpg'),
(181, 39, '48911050.jpg'),
(182, 39, '52976389.jpg'),
(183, 39, '52976395.jpg'),
(184, 39, '52976396.jpg'),
(185, 39, '52977653.jpg'),
(186, 39, '75646212.jpg'),
(187, 39, '75646223.jpg'),
(188, 39, '75646225.jpg'),
(189, 36, 's_262754_43738886.jpg'),
(190, 6, 's_155376_437388861.jpg'),
(191, 6, 's_692647_HI350123209.jpg'),
(192, 6, 's_311462_about_us1.jpg'),
(193, 6, 's_503635_ttttttt.jpg'),
(196, 45, 's_295871_PALC-PEP-1.jpg'),
(197, 45, 's_481906_43738886.jpg'),
(198, 49, 's_202314_HI3501232091.jpg'),
(199, 49, 's_640955_hotel-exterior.jpg'),
(200, 27, 's_272651_hotel-slide1.jpg'),
(201, 27, 's_391358_hotel-slide2.jpg'),
(202, 27, 's_22614_hotel-slide3.jpg'),
(203, 27, 's_731942_hotel-slide4.jpg'),
(204, 27, 's_860244_hotel-slide5.jpg'),
(205, 53, 's_275102_7.PNG'),
(206, 53, 's_772800_دددد4.PNG'),
(210, 54, 's_704160_c111.jpg'),
(211, 54, 's_889464_cc3331.jpg'),
(212, 54, 's_112490_ccc.jpg'),
(213, 54, 's_575843_conrad_2222.jpg'),
(214, 55, 's_951982_hyyy.jpg'),
(215, 55, 's_997017_hyyy2.jpg'),
(216, 55, 's_734498_hyyy3.jpg'),
(217, 56, 's_202008_هيلتون555.jpg'),
(218, 56, 's_345391_هيلتون_222.jpg'),
(219, 56, 's_343299_هيلتون_333.jpg'),
(221, 57, 's_628508_ماريوت_555.jpg'),
(222, 57, 's_514094_ماريوت_22.jpg'),
(223, 57, 's_635299_ماريوت444.jpg'),
(224, 58, 's_128240_انجم222.jpg'),
(225, 58, 's_674450_انجم_333.jpg'),
(227, 59, 's_993521_ايلاف_123.jpg'),
(228, 59, 's_333917_ايلاف_567.jpg'),
(229, 59, 's_917088_ايلاف_789.jpg'),
(230, 60, 's_186451_موفينبيك111.jpg'),
(231, 60, 's_892689_موفينبيك_222.jpg'),
(232, 60, 's_54751_موفينبيك_333.jpg'),
(233, 60, 's_583861_موفينبيك555.jpg'),
(234, 61, 's_527616_فيرمونت_111.jpg'),
(235, 61, 's_286253_فيرمونت_222.jpg'),
(236, 61, 's_873878_فيرمونت_333.jpg'),
(237, 61, 's_740844_فيرمونت444.jpg'),
(238, 62, 's_827294_الصفوة_222.jpg'),
(239, 62, 's_410002_الصفوة_333.jpg'),
(240, 62, 's_400204_الصفوة_444.jpg'),
(241, 62, 's_504903_الصفوة000.jpg'),
(242, 61, 's_752597_فيرمونت_000.jpg'),
(243, 60, 's_380644_هاجر_000.jpg'),
(244, 59, 's_564082_ايلاف_كنده_000.jpg'),
(245, 58, 's_494905_انجم_000.jpg'),
(246, 57, 's_83321_ماريوت_000.jpg'),
(247, 56, 's_209676_هيلتون000.jpg'),
(249, 54, 's_160164_كونراد_000.jpg'),
(250, 53, 's_685791_التوحيد_000.jpg'),
(252, 63, 's_107483_تقوى_3.jpg'),
(253, 63, 's_244858_تقوى_4.jpg'),
(254, 63, 's_425159_تقوى_5.jpg'),
(255, 63, 's_759569_تقوى_6.jpg'),
(256, 64, 's_229724_دار_الهجرة_2.jpg'),
(257, 64, 's_49329_دار_الهجرة_5.jpg'),
(258, 64, 's_262316_دار_الهجرة_6.jpg'),
(259, 64, 's_412981_دار_الهجره_3.jpg'),
(261, 65, 's_450808_دار_الايمان_3.jpg'),
(262, 65, 's_449677_دار_الايمان_4.jpg'),
(263, 65, 's_512046_دار_الايمان_5.jpg'),
(264, 65, 's_28748_دار_الايمان_6.jpg'),
(265, 65, 's_173064_دار_الايمان2.jpg'),
(266, 66, 's_857650_اوبروى_3.jpg'),
(267, 66, 's_678899_اوبروى_4.jpg'),
(268, 66, 's_283495_اوبروى2.jpg'),
(269, 66, 's_688701_اوبروى6.jpg'),
(270, 66, 's_977230_اوبروى7.jpg'),
(271, 67, 's_210224_شذا_2.jpg'),
(273, 67, 's_970531_شذا_4.jpg'),
(274, 67, 's_404987_شذا_5.jpg'),
(275, 67, 's_336592_شذا_6.jpg'),
(277, 68, 's_724586_هوليداى_4.jpg'),
(278, 68, 's_277587_هوليداى3.jpg'),
(279, 68, 's_890579_هوليداى5.jpg'),
(280, 68, 's_87701_هوليداى6.jpg'),
(281, 69, 's_574452_روضه_2.jpg'),
(282, 69, 's_464714_روضه_4.jpg'),
(283, 69, 's_460811_روضه_5.jpg'),
(284, 69, 's_733073_روضه_6.jpg'),
(285, 69, 's_982208_روضه3.jpg'),
(286, 70, 's_713916_جوار_5.jpg'),
(287, 70, 's_256189_جوار2.jpg'),
(289, 70, 's_14846_جوار4.jpg'),
(290, 70, 's_300216_جوار6.jpg'),
(291, 71, 's_375283_هيلتون2.jpg'),
(292, 71, 's_445635_هيلتون3.jpg'),
(293, 71, 's_483251_هيلتون4.jpg'),
(294, 71, 's_946522_هيلتون5.jpg'),
(295, 71, 's_208736_هيلتون6.jpg'),
(296, 71, 's_807255_هيلتون7.jpg'),
(297, 72, 's_170926_المنى_3.jpg'),
(298, 72, 's_815331_المنى_6.jpg'),
(299, 72, 's_113498_المنى_7.jpg'),
(300, 72, 's_986466_المنى_كريم2.jpg'),
(301, 72, 's_626263_المنى4.jpg'),
(302, 72, 's_643489_المنى5.jpg'),
(303, 73, 's_849782_الايمان_رويال_5.jpg'),
(304, 73, 's_390857_الايمان_رويال_7.jpg'),
(305, 73, 's_418779_الايمان_رويال2.jpg'),
(306, 73, 's_141099_الايمان_رويال3.jpg'),
(307, 73, 's_106171_الايمان_رويال4.jpg'),
(308, 73, 's_166710_الايمان_رويال6.jpg'),
(309, 74, 's_589428_ميلينيوم_2.jpg'),
(310, 74, 's_620829_ميلينيوم3.jpg'),
(311, 74, 's_14224_ميلينيوم4.jpg'),
(312, 74, 's_581867_ميلينيوم5.jpg'),
(313, 74, 's_973575_ميلينيوم7.jpg'),
(314, 75, 's_333422_زمزم2.jpg'),
(315, 75, 's_957847_زمزم3.jpg'),
(316, 75, 's_443035_زمزم4.jpg'),
(317, 75, 's_833691_زمزم5.jpg'),
(318, 75, 's_925381_زمزم6.jpg'),
(319, 76, 's_67708_رامادا2.jpg'),
(320, 76, 's_640305_رامادا3.jpg'),
(321, 76, 's_569419_رامادا4.jpg'),
(322, 76, 's_544318_رامادا5.jpg'),
(323, 53, 's_345869_HI277480767.jpg'),
(324, 53, 's_36082_HI277480751.jpg'),
(326, 57, 's_20916_qcamc_phototour21.jpg'),
(327, 57, 's_984352_318_18.jpg'),
(328, 73, 's_443223_الايمان_2.jpg'),
(329, 73, 's_577907_الايمان_10.jpg'),
(330, 73, 's_107373_الايمان3.jpg'),
(331, 73, 's_598246_الايمان4.jpg'),
(332, 73, 's_286701_الايمان8.jpg'),
(333, 73, 's_278122_الايمان9.jpg'),
(334, 73, 's_674155_الايمان5.jpg'),
(335, 73, 's_651632_الايمان6.jpg'),
(336, 73, 's_683598_الايمان7.jpg'),
(338, 74, 's_717107_ميل_5.jpg'),
(339, 74, 's_447694_ميل_10.jpg'),
(340, 74, 's_346655_ميل_11.jpg'),
(341, 74, 's_726816_ميل2.jpg'),
(342, 74, 's_13019_ميل3.jpg'),
(343, 74, 's_361897_ميل4.jpg'),
(344, 74, 's_427250_ميل6.jpg'),
(345, 74, 's_796478_ميل7.jpg'),
(346, 74, 's_982837_ميل8.jpg'),
(347, 74, 's_279018_ميل9.jpg'),
(348, 75, 's_477209_زمزم21.jpg'),
(349, 75, 's_888619_زمزم31.jpg'),
(350, 75, 's_555354_زمزم41.jpg'),
(351, 75, 's_908282_زمزم51.jpg'),
(352, 75, 's_446380_زمزم61.jpg'),
(353, 75, 's_18886_زمزم7.jpg'),
(354, 75, 's_897771_زمزم8.jpg'),
(355, 75, 's_537285_زمزم9.jpg'),
(356, 75, 's_521187_زمزم10.jpg'),
(357, 76, 's_156245_راماد2.jpg'),
(358, 76, 's_575531_راماد3.jpg'),
(359, 76, 's_834222_راماد4.jpg'),
(360, 76, 's_555907_راماد5.jpg'),
(361, 76, 's_241376_راماد6.jpg'),
(362, 76, 's_351337_راماد7.jpg'),
(363, 76, 's_448636_راماد8.jpg'),
(364, 76, 's_976681_راماد9.jpg'),
(365, 76, 's_666934_راماد10.jpg'),
(366, 77, 's_846388_راماد3_-_Copy_-_Copy_-_Copy.jpg'),
(369, 77, 's_487273_راماد4_-_Copy_-_Copy_(2).jpg'),
(370, 77, 's_519298_راماد3_-_Copy.jpg'),
(372, 77, 's_604090_راماد5_-_Copy.jpg'),
(373, 77, 's_141400_راماد61.jpg'),
(374, 77, 's_678401_راماد7_-_Copy.jpg'),
(375, 77, 's_646335_راماد8_-_Copy_-_Copy.jpg'),
(376, 77, 's_17874_راماد101.jpg'),
(377, 77, 's_671952_راماد11_-_Copy_-_Copy_-_Copy.jpg'),
(378, 77, 's_125827_222.jpg'),
(379, 77, 's_372018_333.jpg'),
(380, 77, 's_658765_444.jpg'),
(381, 77, 's_57284_555.jpg'),
(382, 77, 's_792202_666.jpg'),
(383, 77, 's_85112_888.jpg'),
(384, 77, 's_204003_رامادا22.jpg'),
(385, 77, 's_964090_رامادااا.jpg'),
(386, 78, 's_643983_روضخ9.jpg'),
(387, 78, 's_351485_روضه.jpg'),
(388, 78, 's_7851_روضه2.jpg'),
(389, 78, 's_155259_روضه4.jpg'),
(390, 78, 's_25569_روضه6.jpg'),
(391, 78, 's_268670_روضه8_-_Copy.jpg'),
(392, 78, 's_864374_روضه10.jpg'),
(393, 78, 's_641926_روضه11.jpg'),
(394, 78, 's_639327_روضه12.jpg'),
(395, 78, 's_197630_روضه5.jpg'),
(396, 78, 's_24832_روضه6_-_Copy.jpg'),
(397, 78, 's_53537_ددج.jpg'),
(399, 78, 's_904468_ددد.jpg'),
(400, 78, 's_570641_ددط.jpg'),
(401, 78, 's_536533_ددع.jpg'),
(402, 78, 's_199467_ددغ.jpg'),
(403, 78, 's_343541_ددف.jpg'),
(404, 79, 's_378402_روضه1.jpg'),
(405, 79, 's_701183_روضه21.jpg'),
(406, 79, 's_140752_روضه31.jpg'),
(407, 79, 's_240726_روضه41.jpg'),
(408, 79, 's_458105_رؤضه5.jpg'),
(409, 79, 's_900369_روضه61.jpg'),
(410, 79, 's_483551_روضه7.jpg'),
(411, 79, 's_730016_روضه8_-_Copy_-_Copy.jpg'),
(412, 79, 's_561786_روضه9.jpg'),
(413, 79, 's_679667_روضه101.jpg'),
(414, 79, 's_890486_روضه111.jpg'),
(415, 79, 's_877434_روضه121.jpg'),
(416, 81, 's_587321_الشهدا_-_Copy.jpg'),
(417, 81, 's_890037_الشهدا_14_-_Copy.jpg'),
(420, 81, 's_702151_الشهدا2.jpg'),
(421, 81, 's_122357_الشهدا3.jpg'),
(422, 81, 's_962072_الشهدا4.jpg'),
(423, 81, 's_168910_الشهدا5_-_Copy.jpg'),
(424, 81, 's_36624_الشهدا6.jpg'),
(425, 81, 's_839171_الشهدا7.jpg'),
(426, 81, 's_898109_الشهدا8.jpg'),
(427, 81, 's_274176_الشهدا9.jpg'),
(428, 81, 's_692852_الشهدا10.jpg'),
(429, 81, 's_11606_الشهدا11.jpg'),
(430, 81, 's_120465_الشهدا12.jpg'),
(431, 81, 's_396271_الشهدا13.jpg'),
(433, 81, 's_701665_الشهدا16.jpg'),
(434, 81, 's_15110_الشهدا17.jpg'),
(435, 81, 's_244010_الشهداااا.jpg'),
(436, 81, 's_391344_الشهدااااا33.jpg'),
(437, 82, 's_375811_جراند.jpg'),
(438, 82, 's_194319_جراند2.jpg'),
(439, 82, 's_286824_جراند3.jpg'),
(440, 82, 's_10593_جراند4.jpg'),
(441, 82, 's_987157_جراند5.jpg'),
(442, 82, 's_381151_جراند6.jpg'),
(443, 82, 's_319541_جراند7.jpg'),
(444, 82, 's_710063_جراند8.jpg'),
(445, 82, 's_158067_جراند9_-_Copy.jpg'),
(446, 82, 's_911022_جراند10.jpg'),
(447, 82, 's_433688_جراند11_-_Copy.jpg'),
(448, 82, 's_518514_جراند12.jpg'),
(449, 82, 's_170527_جراند13.jpg'),
(450, 82, 's_679360_جراند14.jpg'),
(451, 82, 's_392786_جراند15.jpg'),
(452, 82, 's_738137_جراند16.jpg'),
(453, 82, 's_780367_جراند17.jpg'),
(454, 82, 's_223680_جراند18.jpg'),
(455, 83, 's_600911_الندوة.jpg'),
(457, 83, 's_460810_الندوة4.jpg'),
(459, 83, 's_505798_الندوة2.jpg'),
(460, 83, 's_88374_الندوة31.jpg'),
(462, 83, 's_578015_الندوة61.jpg'),
(464, 83, 's_675862_الندوة8.jpg'),
(465, 83, 's_221224_الندوة9.jpg'),
(466, 83, 's_287032_الندوة10.jpg'),
(467, 83, 's_173068_الندوه10.jpg'),
(468, 63, 's_703640_دار_التقوى.jpg'),
(469, 63, 's_99993_دار_التقوى2.jpg'),
(470, 63, 's_820784_دار_التقوى3.jpg'),
(471, 63, 's_136067_دار_التقوى4.jpg'),
(472, 63, 's_453255_دار_التقوى5.jpg'),
(473, 63, 's_974255_دار_التقوى6.jpg'),
(474, 63, 's_767654_دار_التقوى8.jpg'),
(475, 63, 's_886162_دار_التقوى9.jpg'),
(476, 63, 's_254160_دار_التقوى11.jpg'),
(477, 63, 's_686324_دار_التقوى12.jpg'),
(478, 63, 's_528185_دار_التقوى13.jpg'),
(479, 63, 's_376591_دار_التقوى14.jpg'),
(480, 63, 's_930409_دار_النقوى10.jpg'),
(481, 64, 's_120196_دد2.jpg'),
(482, 64, 's_97125_دد3.jpg'),
(483, 64, 's_888214_دد4.jpg'),
(484, 64, 's_776993_دد5.jpg'),
(485, 64, 's_620528_دد6.jpg'),
(486, 64, 's_984801_دد7.jpg'),
(487, 64, 's_369378_دد8.jpg'),
(488, 64, 's_5630_دد9.jpg'),
(489, 64, 's_497572_دد10.jpg'),
(490, 64, 's_913197_دد11.jpg'),
(491, 64, 's_748976_دد12.jpg'),
(492, 64, 's_134036_دد13.jpg'),
(493, 64, 's_11017_ددد1.jpg'),
(497, 64, 's_5720_دج.jpg'),
(499, 65, 's_163504_ايم.jpg'),
(500, 65, 's_239914_دد71.jpg'),
(501, 65, 's_842656_طط.jpg'),
(502, 65, 's_767829_طط3.jpg'),
(503, 65, 's_337830_طط4.jpg'),
(504, 65, 's_163462_طط6.jpg'),
(506, 65, 's_155145_طط8.jpg'),
(508, 65, 's_721813_طط9.jpg'),
(509, 65, 's_962949_طط10.jpg'),
(510, 65, 's_203594_طط11.jpg'),
(511, 65, 's_960602_كك9.jpg'),
(512, 65, 's_304604_50754617.jpg'),
(513, 66, 's_485003_11.jpg'),
(515, 66, 's_300202_13.jpg'),
(516, 66, 's_442009_14.jpg'),
(517, 66, 's_361990_15.jpg'),
(519, 66, 's_201718_17.jpg'),
(520, 66, 's_606403_18.jpg'),
(521, 66, 's_519384_19.jpg'),
(522, 66, 's_163944_20.jpg'),
(523, 66, 's_2149_21.jpg'),
(524, 66, 's_752798_22.jpg'),
(525, 66, 's_127854_23.jpg'),
(526, 66, 's_797384_24.jpg'),
(527, 66, 's_680567_111.jpg'),
(530, 67, 's_326457_شذا2.jpg'),
(531, 67, 's_962928_شذا6.jpg'),
(532, 67, 's_746070_شذا3.jpg'),
(533, 67, 's_23501_شذا4.jpg'),
(534, 67, 's_7448_شذا5.jpg'),
(535, 67, 's_446269_شذا7.jpg'),
(536, 67, 's_844953_شذا8.jpg'),
(537, 67, 's_728639_شذا9.jpg'),
(538, 67, 's_782055_شذا10.jpg'),
(539, 67, 's_957412_شذا11.jpg'),
(540, 67, 's_609503_شذا12.jpg'),
(542, 67, 's_275187_شذاا66.jpg'),
(544, 67, 's_625841_شذا88.jpg'),
(545, 67, 's_937246_شذا99.jpg'),
(546, 68, 's_435946_هول2.jpg'),
(547, 68, 's_762112_هول3.jpg'),
(548, 68, 's_302675_هول5.jpg'),
(549, 68, 's_268260_هول9.jpg'),
(550, 68, 's_839119_هول10.jpg'),
(551, 68, 's_231802_هول11.jpg'),
(552, 68, 's_500236_هول12.jpg'),
(553, 68, 's_373291_هول13.jpg'),
(554, 68, 's_805390_hotel-holiday-villa-madinah-medina-020.jpg'),
(555, 68, 's_786432_HI313333876.jpg'),
(557, 68, 's_445402_Holiday_Villa_22.jpg'),
(558, 68, 's_876956_hotel-holiday-villa-madinah-medina-0201.jpg'),
(559, 70, 's_896228_جوار.jpg'),
(560, 70, 's_691967_جوار21.jpg'),
(561, 70, 's_589419_جوار3.jpg'),
(562, 70, 's_56453_جوار41.jpg'),
(563, 70, 's_79698_جوار5.jpg'),
(564, 70, 's_9549_جوار61.jpg'),
(565, 70, 's_49265_جوار7.jpg'),
(566, 70, 's_4374_جوار10.jpg'),
(567, 70, 's_495823_جوار12.jpg'),
(569, 70, 's_642080_جوار13.jpg'),
(570, 70, 's_476139_جوار14.jpg'),
(571, 70, 's_364009_جوار15.jpg'),
(572, 71, 's_729208_هيل.jpg'),
(573, 71, 's_663071_هيل2.jpg'),
(574, 71, 's_86633_هيل3.jpg'),
(576, 71, 's_404316_هيل5.jpg'),
(577, 71, 's_768857_هيل6.jpg'),
(578, 71, 's_817000_هيل7.jpg'),
(579, 71, 's_762641_هيل8.jpg'),
(580, 71, 's_591670_هيل9.jpg'),
(581, 71, 's_67448_هيل10.jpg'),
(584, 71, 's_783452_هيل44.jpg'),
(585, 71, 's_670670_هيل55.jpg'),
(586, 71, 's_56465_هيل66.jpg'),
(587, 72, 's_761034_ليدر.jpg'),
(588, 72, 's_910993_ليدر2.jpg'),
(589, 72, 's_696651_ليدر4.jpg'),
(590, 72, 's_611698_ليدر5.jpg'),
(591, 72, 's_530821_ليدر6.jpg'),
(592, 72, 's_881364_ليدر7.jpg'),
(593, 72, 's_100817_ليدر8.jpg'),
(594, 72, 's_207105_ليدر9.jpg'),
(595, 72, 's_675872_ليدر10.jpg'),
(597, 72, 's_431415_ليدر14.jpg'),
(598, 72, 's_150500_ليدر16.jpg'),
(599, 72, 's_982519_ليدر17.jpg'),
(600, 53, 's_907695_دار.jpg'),
(601, 53, 's_175686_دار2.jpg'),
(602, 53, 's_803091_دار3.jpg'),
(603, 53, 's_615149_دار4.jpg'),
(604, 53, 's_620408_دار5.jpg'),
(605, 53, 's_373997_دار6.jpg'),
(606, 53, 's_151597_دار7.jpg'),
(607, 53, 's_648887_دار8.jpg'),
(608, 53, 's_926118_دار9.jpg'),
(610, 53, 's_8312_دار11.jpg'),
(611, 53, 's_636642_دار33.jpg'),
(612, 53, 's_942861_دار44.jpg'),
(613, 53, 's_986617_دار55.jpg'),
(614, 53, 's_379077_دار66.jpg'),
(615, 54, 's_42555_كون.JPG'),
(616, 54, 's_415063_كون2_-_Copy_-_Copy.jpg'),
(617, 54, 's_102540_كون3.jpg'),
(618, 54, 's_845297_كون4.jpg'),
(619, 54, 's_684334_كون5.jpg'),
(620, 54, 's_414237_كون6_-_Copy_-_Copy.jpg'),
(621, 54, 's_535942_كون7.jpg'),
(622, 54, 's_649315_كون8.jpg'),
(623, 54, 's_893093_كون9.jpg'),
(624, 54, 's_554179_كون10.jpg'),
(625, 54, 's_214869_كون11.jpg'),
(626, 54, 's_374883_كون12.jpg'),
(627, 54, 's_192380_كون13.jpg'),
(629, 54, 's_498778_كون15.jpg'),
(630, 54, 's_688213_كون16.jpg'),
(631, 54, 's_465024_كون17.jpg'),
(632, 54, 's_797024_كون18.jpg'),
(633, 54, 's_565960_كون20.jpg'),
(634, 55, 's_657686_حبا2.jpg'),
(635, 55, 's_892040_حيا.jpg'),
(636, 55, 's_77210_حيا3.jpg'),
(637, 55, 's_60717_حيا4.jpg'),
(638, 55, 's_931551_حيا5.jpg'),
(639, 55, 's_910492_حيا6.jpg'),
(640, 55, 's_151535_حيا7.jpg'),
(641, 55, 's_899109_حيا8.jpg'),
(642, 55, 's_53726_حيا9.jpg'),
(643, 55, 's_282691_حيا10.jpg'),
(644, 55, 's_907281_حيا11.jpg'),
(645, 55, 's_741493_حيا12.jpg'),
(646, 55, 's_8951_حيا13.jpg'),
(647, 55, 's_770351_حيا14.jpg'),
(648, 55, 's_195317_حيا15.jpg'),
(649, 55, 's_923317_حيا17.jpg'),
(650, 55, 's_675248_حيا18.jpg'),
(651, 56, 's_756698_112.jpg'),
(652, 56, 's_646281_12.jpg'),
(653, 56, 's_216995_131.jpg'),
(654, 56, 's_183054_141.jpg'),
(655, 56, 's_290035_151.jpg'),
(656, 56, 's_595861_16.jpg'),
(657, 56, 's_571678_171.jpg'),
(658, 56, 's_478530_181.jpg'),
(659, 56, 's_108892_191.jpg'),
(660, 56, 's_549328_201.jpg'),
(661, 56, 's_62470_211.jpg'),
(662, 56, 's_903823_221.jpg'),
(663, 56, 's_502348_231.jpg'),
(664, 56, 's_899938_241.jpg'),
(665, 56, 's_394742_25.jpg'),
(666, 56, 's_784879_26.jpg'),
(667, 56, 's_15549_27.jpg'),
(668, 56, 's_714998_28.jpg'),
(669, 56, 's_512929_29.jpg'),
(670, 56, 's_814725_33.jpg'),
(671, 57, 's_348533_ما5.jpg'),
(672, 57, 's_151426_ما6.jpg'),
(674, 57, 's_786926_ما8.jpg'),
(675, 57, 's_380426_ما9.jpg'),
(676, 57, 's_63379_ما10.jpg'),
(677, 57, 's_294951_ما11.jpg'),
(678, 57, 's_641275_ما12.jpg'),
(679, 57, 's_256122_ما13.jpg'),
(680, 57, 's_699254_ما14.jpg'),
(682, 57, 's_465345_مار.jpg'),
(683, 57, 's_877714_مار2.jpg'),
(684, 57, 's_248572_مار3.jpg'),
(686, 58, 's_551201_ان.jpg'),
(687, 58, 's_697133_ان2.jpg'),
(688, 58, 's_85711_ان3.jpg'),
(689, 58, 's_864146_ان4.jpg'),
(690, 58, 's_403935_ان5.jpg'),
(691, 58, 's_842654_ان6.jpg'),
(692, 58, 's_316775_ان7.jpg'),
(693, 58, 's_547384_ان8.jpg'),
(694, 58, 's_788877_ان9.jpg'),
(695, 58, 's_416236_ان10.jpg'),
(696, 58, 's_400736_ان11.jpg'),
(697, 58, 's_320681_ان12.jpg'),
(698, 58, 's_982118_ان13.jpg'),
(699, 58, 's_432923_ان14.jpg'),
(700, 58, 's_148515_ان15.jpg'),
(701, 58, 's_711905_ان16.jpg'),
(702, 59, 's_272629_كند.jpg'),
(703, 59, 's_478243_كند2.jpg'),
(704, 59, 's_753446_كند3.jpg'),
(705, 59, 's_99505_كند4.jpg'),
(706, 59, 's_358778_كند5.jpg'),
(707, 59, 's_135497_كند6.jpg'),
(708, 59, 's_910144_كند7.jpg'),
(709, 59, 's_877918_كند8.jpg'),
(710, 59, 's_324162_كند9.jpg'),
(711, 59, 's_242285_كند10.jpg'),
(712, 59, 's_558117_كند11.jpg'),
(713, 59, 's_27379_كند12.jpg'),
(714, 59, 's_49158_كند13.jpg'),
(715, 59, 's_16399_كند14.jpg'),
(716, 59, 's_281509_كند15.jpg'),
(717, 59, 's_433292_كند16.jpg'),
(718, 59, 's_514059_كند17.jpg'),
(719, 59, 's_823401_كند18.jpg'),
(720, 60, 's_721636_ها2.jpg'),
(721, 60, 's_513120_ها3.jpg'),
(723, 60, 's_379612_ها5.jpg'),
(724, 60, 's_773190_ها6.jpg'),
(725, 60, 's_938063_ها7.jpg'),
(726, 60, 's_878858_ها8.jpg'),
(727, 60, 's_213255_ها9.jpg'),
(728, 60, 's_488805_ها11.jpg'),
(729, 60, 's_919996_ها12.jpg'),
(730, 60, 's_89160_ها13.jpg'),
(731, 60, 's_357075_ها14.jpg'),
(732, 60, 's_682188_ها15.jpg'),
(735, 60, 's_807819_هاجر.jpg'),
(736, 61, 's_776788_فير.jpg'),
(737, 61, 's_898895_فير2.jpg'),
(738, 61, 's_954271_فير3.jpg'),
(739, 61, 's_240376_فير4.jpg'),
(740, 61, 's_477266_فير5.jpg'),
(741, 61, 's_924013_فير6.jpg'),
(742, 61, 's_974372_فير7.jpg'),
(743, 61, 's_787799_فير8.jpg'),
(744, 61, 's_265180_فير9.jpg'),
(745, 61, 's_438602_فير11.jpg'),
(746, 61, 's_28173_فير12.jpg'),
(747, 61, 's_189492_فير14.jpg'),
(748, 61, 's_40832_فير15.jpg');

-- --------------------------------------------------------

--
-- Table structure for table `meals`
--

CREATE TABLE `meals` (
  `id` int(11) NOT NULL,
  `abbreviation` varchar(20) NOT NULL,
  `title_en` varchar(255) NOT NULL,
  `title_nl` varchar(255) NOT NULL,
  `active` tinyint(1) NOT NULL
) ENGINE=InnoDB DEFAULT CHARSET=utf8;

--
-- Dumping data for table `meals`
--

INSERT INTO `meals` (`id`, `abbreviation`, `title_en`, `title_nl`, `active`) VALUES
(1, 'B.B', 'Bed&Breakfast', 'Logies&Ontbijt', 1),
(2, 'H.B', 'Half board', 'Halfpension', 1),
(3, 'F.B', 'Full board', 'Volpension', 1),
(4, 'All-in', 'All Inclusive', 'All Inclusive', 1),
(5, 'Ultra all-in', 'Ultra all inclusive', 'Ultra all inclusive', 1);

-- --------------------------------------------------------

--
-- Table structure for table `pages`
--

CREATE TABLE `pages` (
  `id` int(11) NOT NULL,
  `name` varchar(100) DEFAULT NULL,
  `controller` varchar(100) DEFAULT NULL,
  `parent_id` int(11) DEFAULT NULL,
  `active` tinyint(1) NOT NULL DEFAULT '1',
  `desc` text,
  `this_order` int(11) NOT NULL
) ENGINE=InnoDB DEFAULT CHARSET=utf8;

--
-- Dumping data for table `pages`
--

INSERT INTO `pages` (`id`, `name`, `controller`, `parent_id`, `active`, `desc`, `this_order`) VALUES
(1, 'users', 'users', 3, 1, NULL, 1),
(3, 'users_section', 'users_section', 0, 1, NULL, 4),
(4, 'basic_data', 'basic_data', 0, 1, NULL, 3),
(5, 'companies', 'companies', 4, 1, NULL, 1),
(6, 'departments', 'departments', 4, 1, NULL, 2),
(7, 'employees', 'employees', 4, 1, NULL, 3),
(8, 'countries', 'countries', 4, 1, NULL, 4),
(9, 'hotels_section', 'hotels_section', 0, 1, NULL, 6),
(10, 'hotels', 'hotels', 9, 0, NULL, 1),
(11, 'sightseeing', 'sightseeing', 4, 1, NULL, 2),
(12, 'hotel_advantages', 'hotel_advantages', 9, 1, NULL, 4),
(13, 'hotel_room_types', 'hotel_room_types', 9, 1, NULL, 0),
(14, 'flights_section', 'flights_section', 0, 1, NULL, 10),
(15, 'flight_bookings', 'flight_bookings', 14, 1, NULL, 1),
(16, 'programs_section', 'programs_section', 0, 1, NULL, 5),
(17, 'program_advantages', 'program_advantages', 16, 1, NULL, 2),
(18, 'programs_levels', 'programs_levels', 16, 0, NULL, 1),
(19, 'programs_seasons', 'programs_seasons', 16, 1, NULL, 0),
(20, 'programs', 'programs', 16, 1, NULL, 5),
(21, 'program_extra_services', 'program_extra_services', 16, 1, NULL, 4),
(23, 'programs_reservations', 'programs_reservations', 61, 1, NULL, 0),
(26, 'transportation', 'transportation', 4, 1, NULL, 1),
(27, 'settings', 'settings', 0, 1, 'asda', 2),
(29, 'about_us', 'about_us', 4, 1, 'aaaa', 2),
(30, 'hotel_extra_services', 'hotel_extra_services', 9, 1, 'aaa', 3),
(33, 'hotel_data', 'hotel_data', 9, 0, '5', 2),
(38, 'groups', 'groups', 3, 1, 'groups', 2),
(41, 'program_data', 'program_data', 16, 0, 'aaa', 20),
(42, 'hotels_reservation', 'hotels_reservation', 9, 0, 'aa', 1),
(50, 'admin', 'admin', 0, 1, 'aa', 1),
(51, 'currency', 'currency', 4, 1, '1', 1),
(52, 'program_categories', 'program_categories', 16, 1, '1', 1),
(53, 'airlines', 'airlines', 14, 1, NULL, 1),
(54, 'trip_rates', 'trip_rates', 16, 1, NULL, 1),
(55, 'hotel_room_meals', 'hotel_room_meals', 9, 1, '-', 2),
(56, 'maka_madina_hotels', 'maka_madina_hotels', 9, 1, '-', 6),
(58, 'media_center', 'media_center', 0, 1, NULL, 10),
(59, 'photo_gallery', 'photo_gallery', 58, 1, NULL, 1),
(60, 'video_gallery', 'video_gallery', 58, 1, NULL, 2),
(61, 'reservations', 'reservations', 0, 1, 'aa', 10),
(62, 'plan_your_trip_reservation', 'plan_your_trip_reservation', 61, 1, 'aaa', 2);

-- --------------------------------------------------------

--
-- Table structure for table `photo_gallery`
--

CREATE TABLE `photo_gallery` (
  `id` int(11) NOT NULL,
  `title_ar` varchar(255) NOT NULL,
  `title_en` varchar(255) NOT NULL,
  `image` varchar(255) NOT NULL,
  `active` tinyint(1) NOT NULL DEFAULT '1'
) ENGINE=InnoDB DEFAULT CHARSET=utf8;

--
-- Dumping data for table `photo_gallery`
--

INSERT INTO `photo_gallery` (`id`, `title_ar`, `title_en`, `image`, `active`) VALUES
(3, 'asdsad', 'asdsad', 's_465516_beach.jpg', 1),
(4, 'sadsadasd', 'sadasdsadsadasd', 's_212482_bg-image13.jpg', 1),
(5, 'asdasdsa', 'dsadsadasd', 's_605157_blog-bg-1.jpg', 1);

-- --------------------------------------------------------

--
-- Table structure for table `plan_your_trip_flight_bookings`
--

CREATE TABLE `plan_your_trip_flight_bookings` (
  `id` int(11) NOT NULL,
  `plan_your_trip_reservation_id` int(11) NOT NULL,
  `flight_bookings_id` int(11) NOT NULL,
  `going_from` int(11) NOT NULL,
  `going_to` int(11) NOT NULL,
  `return_from` int(11) NOT NULL,
  `return_to` int(11) NOT NULL,
  `going_date` date NOT NULL,
  `return_date` date NOT NULL,
  `adult_price` decimal(10,0) NOT NULL,
  `child_price` decimal(10,0) NOT NULL,
  `infant_price` decimal(10,0) NOT NULL
) ENGINE=InnoDB DEFAULT CHARSET=utf8;

--
-- Dumping data for table `plan_your_trip_flight_bookings`
--

INSERT INTO `plan_your_trip_flight_bookings` (`id`, `plan_your_trip_reservation_id`, `flight_bookings_id`, `going_from`, `going_to`, `return_from`, `return_to`, `going_date`, `return_date`, `adult_price`, `child_price`, `infant_price`) VALUES
(1, 7, 4, 77, 73, 75, 77, '2017-04-16', '2017-04-19', '120000', '0', '0'),
(2, 8, 4, 77, 73, 75, 77, '2017-04-16', '2017-04-19', '120000', '0', '0'),
(3, 9, 4, 77, 73, 75, 77, '2017-04-16', '2017-04-19', '80000', '3840000', '0'),
(4, 10, 4, 77, 73, 75, 77, '2017-04-16', '2017-04-19', '80000', '3840000', '0'),
(5, 11, 4, 77, 73, 75, 77, '2017-04-16', '2017-04-19', '80000', '3840000', '0'),
(6, 12, 4, 77, 73, 75, 77, '2017-04-16', '2017-04-19', '80000', '3840000', '0'),
(7, 13, 4, 77, 73, 75, 77, '2017-04-16', '2017-04-19', '80000', '3840000', '0'),
(8, 14, 4, 77, 73, 75, 77, '2017-04-16', '2017-04-19', '80000', '3840000', '0'),
(9, 15, 4, 77, 73, 75, 77, '2017-04-16', '2017-04-19', '80000', '1920000', '0'),
(10, 16, 4, 77, 73, 75, 77, '2017-04-16', '2017-04-19', '80000', '1920000', '0'),
(11, 17, 4, 77, 73, 75, 77, '2017-04-16', '2017-04-19', '80000', '1920000', '0'),
(12, 18, 4, 77, 73, 75, 77, '2017-04-16', '2017-04-19', '80000', '1920000', '0'),
(13, 19, 4, 77, 73, 75, 77, '2017-04-16', '2017-04-19', '80000', '1920000', '0'),
(14, 20, 4, 77, 73, 75, 77, '2017-04-16', '2017-04-19', '80000', '1920000', '0'),
(15, 21, 4, 77, 73, 75, 77, '2017-04-16', '2017-04-20', '80000', '1920000', '0'),
(16, 22, 4, 77, 73, 75, 77, '2017-04-16', '2017-04-20', '80000', '1920000', '0'),
(17, 23, 4, 77, 73, 75, 77, '2017-04-16', '2017-04-20', '80000', '1920000', '0'),
(18, 24, 4, 77, 73, 75, 77, '2017-04-16', '2017-04-20', '80000', '1920000', '0'),
(19, 25, 4, 77, 73, 75, 77, '2017-04-16', '2017-04-20', '80000', '1920000', '0'),
(20, 26, 4, 77, 73, 75, 77, '2017-04-16', '2017-04-20', '80000', '1920000', '0'),
(21, 27, 4, 77, 73, 75, 77, '2017-04-16', '2017-04-20', '80000', '1920000', '0'),
(22, 28, 4, 77, 73, 75, 77, '2017-04-16', '2017-04-20', '80000', '1920000', '0'),
(23, 29, 4, 77, 73, 75, 77, '2017-04-16', '2017-04-20', '80000', '0', '0'),
(24, 30, 4, 77, 73, 75, 77, '2017-04-16', '2017-04-21', '80000', '0', '0'),
(25, 31, 4, 77, 73, 75, 77, '2017-04-16', '2017-04-19', '80000', '0', '0'),
(26, 32, 4, 77, 73, 75, 77, '2017-04-16', '2017-04-20', '80000', '0', '0'),
(27, 34, 4, 77, 73, 75, 77, '2017-04-16', '2017-04-18', '80000', '0', '0'),
(28, 37, 4, 77, 73, 75, 77, '2017-04-16', '2017-04-20', '80000', '0', '0'),
(29, 38, 5, 77, 75, 73, 77, '2017-04-20', '2017-04-30', '29250', '12000', '0'),
(30, 39, 5, 77, 75, 73, 77, '2017-04-20', '2017-04-30', '29250', '12000', '0'),
(31, 40, 5, 77, 75, 73, 77, '2017-04-20', '2017-04-30', '29250', '12000', '0'),
(32, 41, 4, 77, 73, 75, 77, '2017-04-21', '2017-04-24', '25000', '12000', '0'),
(33, 42, 4, 77, 73, 75, 77, '2017-04-21', '2017-04-24', '25000', '12000', '0'),
(34, 43, 5, 77, 75, 73, 77, '2017-04-20', '2017-04-25', '29250', '12000', '0'),
(35, 44, 4, 77, 73, 75, 77, '2017-04-16', '2017-04-20', '25000', '8000', '0'),
(36, 45, 4, 77, 73, 75, 77, '2017-04-16', '2017-04-20', '25000', '8000', '0'),
(37, 46, 4, 77, 73, 75, 77, '2017-04-16', '2017-04-20', '25000', '8000', '0'),
(38, 47, 4, 77, 73, 75, 77, '2017-04-16', '2017-04-20', '25000', '8000', '0'),
(39, 48, 4, 77, 73, 75, 77, '2017-04-16', '2017-04-20', '25000', '8000', '0'),
(40, 49, 4, 77, 73, 75, 77, '2017-04-16', '2017-04-20', '25000', '8000', '0'),
(41, 50, 4, 77, 73, 75, 77, '2017-04-16', '2017-04-20', '25000', '8000', '0'),
(42, 51, 4, 77, 73, 75, 77, '2017-04-16', '2017-04-20', '25000', '8000', '0'),
(43, 52, 4, 77, 73, 75, 77, '2017-04-16', '2017-04-20', '25000', '8000', '0'),
(44, 53, 4, 77, 73, 75, 77, '2017-04-16', '2017-04-20', '25000', '8000', '0'),
(45, 54, 4, 77, 73, 75, 77, '2017-04-16', '2017-04-20', '25000', '8000', '0'),
(46, 55, 4, 77, 73, 75, 77, '2017-04-16', '2017-04-20', '25000', '8000', '0'),
(47, 56, 4, 77, 73, 75, 77, '2017-04-20', '2017-04-24', '17550', '8000', '0'),
(48, 57, 4, 77, 73, 75, 77, '2017-04-20', '2017-04-24', '17550', '8000', '0'),
(49, 58, 4, 77, 73, 75, 77, '2017-04-20', '2017-04-24', '17550', '8000', '0'),
(50, 59, 4, 77, 73, 75, 77, '2017-04-20', '2017-04-29', '17550', '8000', '5000'),
(51, 60, 4, 77, 73, 75, 77, '2017-04-16', '2017-04-20', '15000', '8000', '0'),
(52, 61, 4, 77, 73, 75, 77, '2017-04-16', '2017-04-20', '5000', '4000', '0'),
(53, 62, 4, 77, 73, 75, 77, '2017-04-16', '2017-04-20', '5000', '4000', '0'),
(54, 63, 4, 77, 73, 75, 77, '2017-04-16', '2017-04-20', '5000', '4000', '0'),
(55, 64, 4, 77, 73, 75, 77, '2017-04-16', '2017-04-20', '5000', '4000', '0'),
(56, 65, 4, 77, 73, 75, 77, '2017-04-16', '2017-04-20', '5000', '4000', '0'),
(57, 66, 4, 77, 73, 75, 77, '2017-04-16', '2017-04-20', '5000', '4000', '0'),
(58, 67, 4, 77, 73, 75, 77, '2017-04-27', '2017-05-05', '5850', '4000', '0'),
(59, 68, 4, 77, 73, 75, 77, '2017-04-25', '2017-05-02', '5000', '4000', '0'),
(60, 69, 4, 77, 73, 75, 77, '2017-04-28', '2017-04-29', '5000', '0', '0'),
(61, 70, 4, 77, 73, 75, 77, '2017-04-28', '2017-04-29', '5000', '0', '0'),
(62, 71, 4, 77, 73, 75, 77, '2017-04-28', '2017-04-29', '5000', '0', '0'),
(63, 72, 4, 77, 73, 75, 77, '2017-04-28', '2017-04-29', '5000', '0', '0'),
(64, 73, 4, 77, 73, 75, 77, '2017-04-28', '2017-04-29', '5000', '0', '0'),
(65, 74, 4, 77, 73, 75, 77, '2017-04-28', '2017-04-30', '5000', '4000', '0'),
(66, 75, 4, 77, 73, 75, 77, '2017-04-28', '2017-04-30', '5000', '4000', '0'),
(67, 76, 4, 77, 73, 75, 77, '2017-04-28', '2017-04-30', '5000', '4000', '0'),
(68, 77, 4, 77, 73, 75, 77, '2017-04-28', '2017-04-30', '5000', '4000', '0'),
(69, 78, 4, 77, 73, 75, 77, '2017-04-28', '2017-04-30', '5000', '4000', '0'),
(70, 79, 4, 77, 73, 75, 77, '2017-04-28', '2017-04-30', '5000', '4000', '0'),
(71, 80, 4, 77, 73, 75, 77, '2017-04-25', '2017-05-02', '5000', '4000', '0'),
(72, 81, 4, 77, 73, 75, 77, '2017-04-19', '2017-04-21', '5850', '4000', '0'),
(73, 82, 4, 77, 73, 75, 77, '2017-04-25', '2017-05-02', '5000', '0', '0'),
(74, 83, 4, 77, 73, 75, 77, '2017-04-25', '2017-05-02', '5000', '4000', '0'),
(75, 84, 4, 77, 73, 75, 77, '2017-04-25', '2017-05-02', '5000', '4000', '0'),
(76, 85, 4, 77, 73, 75, 77, '2017-04-25', '2017-05-02', '5000', '4000', '0'),
(77, 86, 4, 77, 73, 75, 77, '2017-04-25', '2017-05-02', '5000', '4000', '0'),
(78, 87, 4, 77, 73, 75, 77, '2017-04-25', '2017-05-02', '5000', '4000', '0'),
(79, 88, 4, 77, 73, 75, 77, '2017-04-25', '2017-05-02', '5000', '4000', '0'),
(80, 89, 4, 77, 73, 75, 77, '2017-04-25', '2017-05-02', '5000', '4000', '0'),
(81, 90, 4, 77, 73, 75, 77, '2017-04-25', '2017-05-02', '5000', '4000', '0'),
(82, 91, 4, 77, 73, 75, 77, '2017-04-25', '2017-05-02', '5000', '4000', '0'),
(83, 92, 4, 77, 73, 75, 77, '2017-04-25', '2017-05-02', '5000', '4000', '0'),
(84, 93, 4, 77, 73, 75, 77, '2017-04-25', '2017-05-02', '5000', '4000', '0'),
(85, 94, 4, 77, 73, 75, 77, '2017-04-25', '2017-05-02', '5000', '4000', '0'),
(86, 95, 4, 77, 73, 75, 77, '2017-04-25', '2017-05-02', '5000', '4000', '0'),
(87, 96, 4, 77, 73, 75, 77, '2017-04-25', '2017-05-02', '5000', '4000', '0'),
(88, 97, 4, 77, 73, 75, 77, '2017-04-25', '2017-05-02', '5000', '4000', '0'),
(89, 98, 4, 77, 73, 75, 77, '2017-04-25', '2017-05-02', '5000', '4000', '0'),
(90, 99, 4, 77, 73, 75, 77, '2017-04-25', '2017-05-02', '5000', '4000', '0'),
(91, 100, 4, 77, 73, 75, 77, '2017-04-25', '2017-05-02', '5000', '4000', '0'),
(92, 101, 4, 77, 73, 75, 77, '2017-04-25', '2017-05-02', '5000', '4000', '0'),
(93, 102, 4, 77, 73, 75, 77, '2017-04-25', '2017-05-02', '5000', '4000', '0'),
(94, 103, 4, 77, 73, 75, 77, '2017-04-25', '2017-05-02', '5000', '4000', '0'),
(95, 104, 4, 77, 73, 75, 77, '2017-04-25', '2017-05-02', '5000', '4000', '0'),
(96, 105, 4, 77, 73, 75, 77, '2017-04-25', '2017-05-02', '5000', '4000', '0'),
(97, 106, 4, 77, 73, 75, 77, '2017-04-25', '2017-05-02', '5000', '4000', '0'),
(98, 107, 4, 77, 73, 75, 77, '2017-04-25', '2017-05-02', '5000', '4000', '0'),
(99, 108, 4, 77, 73, 75, 77, '2017-04-25', '2017-05-02', '5000', '4000', '0'),
(100, 109, 4, 77, 73, 75, 77, '2017-04-25', '2017-05-02', '5000', '4000', '0'),
(101, 110, 4, 77, 73, 75, 77, '2017-04-25', '2017-05-02', '5000', '4000', '0'),
(102, 111, 4, 77, 73, 75, 77, '2017-04-20', '2017-04-27', '5850', '0', '0'),
(103, 112, 4, 77, 73, 75, 77, '2017-04-20', '2017-04-27', '5850', '0', '0'),
(104, 113, 4, 77, 73, 75, 77, '2017-04-20', '2017-04-27', '5850', '0', '0'),
(105, 114, 4, 77, 73, 75, 77, '2017-04-20', '2017-04-27', '5850', '0', '0'),
(106, 115, 4, 77, 73, 75, 77, '2017-04-20', '2017-04-27', '5850', '4000', '0'),
(107, 116, 4, 77, 73, 75, 77, '2017-04-20', '2017-04-27', '5850', '4000', '0'),
(108, 117, 4, 77, 73, 75, 77, '2017-04-20', '2017-04-27', '5850', '4000', '0'),
(109, 118, 4, 77, 73, 75, 77, '2017-04-20', '2017-04-27', '5850', '4000', '0'),
(110, 119, 4, 77, 73, 75, 77, '2017-04-20', '2017-04-27', '5850', '4000', '0'),
(111, 120, 4, 77, 73, 75, 77, '2017-04-20', '2017-04-27', '5850', '4000', '0'),
(112, 121, 4, 77, 73, 75, 77, '2017-04-20', '2017-04-27', '5850', '4000', '0'),
(113, 122, 4, 77, 73, 75, 77, '2017-04-20', '2017-04-28', '5850', '0', '0'),
(114, 123, 4, 77, 73, 75, 77, '2017-04-20', '2017-04-28', '5850', '4000', '0'),
(115, 124, 4, 77, 73, 75, 77, '2017-04-20', '2017-04-28', '5850', '0', '0'),
(116, 125, 4, 77, 73, 75, 77, '2017-04-20', '2017-04-28', '5850', '4000', '0'),
(117, 126, 4, 77, 73, 75, 77, '2017-04-20', '2017-04-27', '5850', '4000', '0'),
(118, 127, 4, 77, 73, 75, 77, '2017-04-20', '2017-04-27', '5850', '4000', '0'),
(119, 128, 4, 77, 73, 75, 77, '2017-04-20', '2017-04-27', '5850', '4000', '0'),
(120, 129, 4, 77, 73, 75, 77, '2017-04-20', '2017-04-27', '5850', '4000', '0'),
(121, 130, 4, 77, 73, 75, 77, '2017-04-20', '2017-04-27', '5850', '4000', '0'),
(122, 131, 4, 77, 73, 75, 77, '2017-04-20', '2017-04-27', '5850', '4000', '0'),
(123, 132, 4, 77, 73, 75, 77, '2017-04-20', '2017-04-27', '5850', '4000', '0'),
(124, 133, 4, 77, 73, 75, 77, '2017-04-20', '2017-04-27', '5850', '4000', '0'),
(125, 134, 4, 77, 73, 75, 77, '2017-04-20', '2017-04-27', '5850', '4000', '0'),
(126, 135, 4, 77, 73, 75, 77, '2017-04-20', '2017-04-27', '5850', '4000', '0'),
(127, 136, 4, 77, 73, 75, 77, '2017-04-20', '2017-04-27', '5850', '4000', '0'),
(128, 137, 4, 77, 73, 75, 77, '2017-04-20', '2017-04-27', '5850', '4000', '0'),
(129, 138, 4, 77, 73, 75, 77, '2017-04-20', '2017-04-28', '5850', '4000', '0'),
(130, 139, 4, 77, 73, 75, 77, '2017-04-16', '2017-04-20', '5000', '4000', '0'),
(131, 140, 4, 77, 73, 75, 77, '2017-04-16', '2017-04-20', '5000', '4000', '0'),
(132, 141, 4, 77, 73, 75, 77, '2017-04-20', '2017-04-22', '5850', '4000', '0'),
(133, 142, 4, 77, 73, 75, 77, '2017-04-20', '2017-04-22', '5850', '4000', '0'),
(134, 143, 4, 77, 73, 75, 77, '2017-04-20', '2017-04-22', '5850', '4000', '0'),
(135, 144, 4, 77, 73, 75, 77, '2017-04-20', '2017-04-22', '5850', '4000', '0'),
(136, 145, 4, 77, 73, 75, 77, '2017-04-20', '2017-04-22', '5850', '4000', '0'),
(137, 146, 4, 77, 73, 75, 77, '2017-04-20', '2017-04-22', '5850', '4000', '0'),
(138, 147, 4, 77, 73, 75, 77, '2017-04-20', '2017-04-22', '5850', '4000', '0'),
(139, 148, 4, 77, 73, 75, 77, '2017-04-20', '2017-04-22', '5850', '4000', '0'),
(140, 149, 4, 77, 73, 75, 77, '2017-04-20', '2017-04-22', '5850', '4000', '0');

-- --------------------------------------------------------

--
-- Table structure for table `plan_your_trip_maka_madina_hotels`
--

CREATE TABLE `plan_your_trip_maka_madina_hotels` (
  `id` int(11) NOT NULL,
  `plan_your_trip_reservation_id` int(11) NOT NULL,
  `maka_madina_hotels_id` int(11) NOT NULL,
  `check_in` date NOT NULL,
  `check_out` date NOT NULL,
  `no_of_nights` int(11) NOT NULL
) ENGINE=InnoDB DEFAULT CHARSET=utf8;

--
-- Dumping data for table `plan_your_trip_maka_madina_hotels`
--

INSERT INTO `plan_your_trip_maka_madina_hotels` (`id`, `plan_your_trip_reservation_id`, `maka_madina_hotels_id`, `check_in`, `check_out`, `no_of_nights`) VALUES
(1, 7, 58, '2017-04-08', '2017-04-11', 3),
(2, 8, 58, '2017-04-08', '2017-04-11', 3),
(3, 8, 55, '2017-04-11', '2017-04-14', 3),
(4, 8, 56, '2017-04-15', '2017-04-16', 1),
(5, 9, 57, '2017-04-15', '2017-04-18', 3),
(6, 10, 57, '2017-04-15', '2017-04-18', 3),
(7, 11, 57, '2017-04-15', '2017-04-18', 3),
(8, 12, 57, '2017-04-15', '2017-04-18', 3),
(9, 13, 57, '2017-04-15', '2017-04-18', 3),
(10, 14, 57, '2017-04-15', '2017-04-18', 3),
(11, 15, 55, '2017-04-08', '2017-04-10', 2),
(12, 16, 58, '2017-04-21', '2017-04-26', 5),
(13, 17, 58, '2017-04-21', '2017-04-26', 5),
(14, 18, 58, '2017-04-21', '2017-04-26', 5),
(15, 19, 58, '2017-04-21', '2017-04-26', 5),
(16, 20, 58, '2017-04-21', '2017-04-26', 5),
(17, 21, 57, '2017-04-11', '2017-04-14', 3),
(18, 21, 55, '2017-04-19', '2017-04-21', 2),
(19, 22, 57, '2017-04-11', '2017-04-14', 3),
(20, 22, 55, '2017-04-19', '2017-04-21', 2),
(21, 23, 57, '2017-04-11', '2017-04-14', 3),
(22, 23, 55, '2017-04-19', '2017-04-21', 2),
(23, 24, 58, '2017-04-11', '2017-04-14', 3),
(24, 24, 55, '2017-04-19', '2017-04-21', 2),
(25, 25, 58, '2017-04-11', '2017-04-14', 3),
(26, 26, 58, '2017-04-11', '2017-04-14', 3),
(27, 27, 58, '2017-04-11', '2017-04-14', 3),
(28, 28, 58, '2017-04-11', '2017-04-14', 3),
(29, 28, 55, '2017-04-19', '2017-04-21', 2),
(30, 29, 58, '2017-04-11', '2017-04-14', 3),
(31, 29, 55, '2017-04-19', '2017-04-21', 2),
(32, 30, 58, '2017-04-10', '2017-04-13', 3),
(33, 31, 58, '2017-04-11', '2017-04-13', 2),
(34, 32, 58, '2017-04-12', '2017-04-15', 3),
(35, 34, 58, '2017-04-14', '2017-04-17', 3),
(36, 34, 55, '2017-04-12', '2017-04-15', 3),
(37, 37, 57, '2017-04-16', '2017-04-18', 2),
(38, 37, 55, '2017-04-18', '2017-04-20', 2),
(39, 38, 57, '2017-04-20', '2017-04-24', 4),
(40, 38, 64, '2017-04-24', '2017-04-30', 6),
(41, 39, 57, '2017-04-20', '2017-04-24', 4),
(42, 39, 64, '2017-04-24', '2017-04-30', 6),
(43, 40, 57, '2017-04-20', '2017-04-24', 4),
(44, 40, 64, '2017-04-24', '2017-04-30', 6),
(45, 41, 82, '2017-04-21', '2017-04-26', 5),
(46, 42, 83, '2017-04-21', '2017-04-26', 5),
(47, 43, 57, '2017-04-20', '2017-04-22', 2),
(48, 43, 64, '2017-04-22', '2017-04-25', 3),
(49, 44, 83, '2017-04-13', '2017-04-17', 4),
(50, 45, 83, '2017-04-13', '2017-04-17', 4),
(51, 46, 83, '2017-04-13', '2017-04-17', 4),
(52, 47, 83, '2017-04-13', '2017-04-17', 4),
(53, 48, 83, '2017-04-13', '2017-04-17', 4),
(54, 49, 83, '2017-04-13', '2017-04-17', 4),
(55, 50, 83, '2017-04-13', '2017-04-17', 4),
(56, 51, 83, '2017-04-13', '2017-04-17', 4),
(57, 52, 83, '2017-04-13', '2017-04-17', 4),
(58, 53, 83, '2017-04-13', '2017-04-17', 4),
(59, 54, 83, '2017-04-13', '2017-04-17', 4),
(60, 55, 83, '2017-04-13', '2017-04-17', 4),
(61, 56, 83, '2017-04-20', '2017-04-24', 4),
(62, 57, 83, '2017-04-20', '2017-04-24', 4),
(63, 58, 83, '2017-04-20', '2017-04-24', 4),
(64, 59, 83, '2017-04-20', '2017-04-24', 4),
(65, 60, 83, '2017-04-13', '2017-04-15', 2),
(66, 61, 83, '2017-04-13', '2017-04-15', 2),
(67, 63, 83, '2017-04-13', '2017-04-15', 2),
(68, 64, 83, '2017-04-13', '2017-04-15', 2),
(69, 65, 83, '2017-04-13', '2017-04-15', 2),
(70, 66, 83, '2017-04-13', '2017-04-15', 2),
(71, 67, 57, '2017-04-27', '2017-04-30', 3),
(72, 67, 61, '2017-04-30', '2017-05-05', 5),
(73, 67, 60, '2017-05-06', '2017-05-08', 2),
(74, 68, 57, '2017-04-25', '2017-04-28', 3),
(75, 69, 82, '2017-04-28', '2017-04-30', 2),
(76, 70, 82, '2017-04-28', '2017-04-30', 2),
(77, 71, 82, '2017-04-28', '2017-04-30', 2),
(78, 72, 82, '2017-04-28', '2017-04-30', 2),
(79, 73, 82, '2017-04-28', '2017-04-30', 2),
(80, 75, 83, '2017-04-21', '2017-04-23', 2),
(81, 76, 83, '2017-04-21', '2017-04-23', 2),
(82, 80, 57, '2017-04-25', '2017-04-29', 4),
(83, 80, 59, '2017-04-29', '2017-05-02', 3),
(84, 89, 57, '2017-04-25', '2017-04-29', 4),
(85, 89, 59, '2017-04-29', '2017-05-02', 3),
(86, 90, 57, '2017-04-25', '2017-04-29', 4),
(87, 90, 59, '2017-04-29', '2017-05-02', 3),
(88, 91, 57, '2017-04-25', '2017-04-29', 4),
(89, 91, 59, '2017-04-29', '2017-05-02', 3),
(90, 92, 57, '2017-04-25', '2017-04-29', 4),
(91, 92, 59, '2017-04-29', '2017-05-02', 3),
(92, 93, 57, '2017-04-25', '2017-04-29', 4),
(93, 94, 57, '2017-04-25', '2017-04-29', 4),
(94, 95, 57, '2017-04-25', '2017-04-29', 4),
(95, 96, 57, '2017-04-25', '2017-04-29', 4),
(96, 97, 57, '2017-04-25', '2017-04-29', 4),
(97, 97, 59, '2017-04-29', '2017-05-02', 3),
(98, 98, 57, '2017-04-25', '2017-04-29', 4),
(99, 99, 57, '2017-04-25', '2017-04-29', 4),
(100, 99, 59, '2017-04-29', '2017-05-02', 3),
(101, 100, 57, '2017-04-25', '2017-04-29', 4),
(102, 100, 59, '2017-04-29', '2017-05-02', 3),
(103, 101, 57, '2017-04-25', '2017-04-29', 4),
(104, 102, 57, '2017-04-25', '2017-04-29', 4),
(105, 103, 57, '2017-04-25', '2017-04-29', 4),
(106, 104, 57, '2017-04-25', '2017-04-29', 4),
(107, 105, 57, '2017-04-25', '2017-04-29', 4),
(108, 105, 59, '2017-04-29', '2017-05-02', 3),
(109, 106, 57, '2017-04-25', '2017-04-29', 4),
(110, 106, 59, '2017-04-29', '2017-05-02', 3),
(111, 107, 57, '2017-04-25', '2017-04-29', 4),
(112, 108, 57, '2017-04-25', '2017-04-29', 4),
(113, 109, 57, '2017-04-25', '2017-04-30', 5),
(114, 110, 83, '2017-04-25', '2017-04-30', 5),
(115, 111, 57, '2017-05-20', '2017-05-27', 7),
(116, 112, 55, '2017-04-20', '2017-04-27', 7),
(117, 113, 57, '2017-05-20', '2017-05-27', 7),
(118, 114, 78, '2017-04-20', '2017-04-27', 7),
(119, 115, 55, '2017-05-20', '2017-05-27', 7),
(120, 116, 55, '2017-05-20', '2017-05-27', 7),
(121, 117, 57, '2017-04-20', '2017-04-27', 7),
(122, 118, 55, '2017-04-20', '2017-04-27', 7),
(123, 119, 55, '2017-04-20', '2017-04-27', 7),
(124, 120, 57, '2017-04-20', '2017-04-27', 7),
(125, 121, 57, '2017-04-20', '2017-04-27', 7),
(126, 122, 57, '2017-04-20', '2017-04-27', 7),
(127, 123, 57, '2017-04-20', '2017-04-27', 7),
(128, 124, 57, '2017-04-20', '2017-04-27', 7),
(129, 125, 57, '2017-04-20', '2017-04-27', 7),
(130, 126, 57, '2017-04-20', '2017-04-27', 7),
(131, 127, 57, '2017-04-20', '2017-04-27', 7),
(132, 128, 57, '2017-04-20', '2017-04-27', 7),
(133, 129, 57, '2017-04-20', '2017-04-27', 7),
(134, 130, 57, '2017-04-20', '2017-04-27', 7),
(135, 131, 57, '2017-04-20', '2017-04-27', 7),
(136, 132, 57, '2017-04-20', '2017-04-27', 7),
(137, 133, 57, '2017-04-20', '2017-04-27', 7),
(138, 134, 57, '2017-04-20', '2017-04-27', 7),
(139, 135, 57, '2017-04-20', '2017-04-27', 7),
(140, 136, 57, '2017-04-20', '2017-04-27', 7),
(141, 137, 57, '2017-04-20', '2017-04-27', 7),
(142, 138, 57, '2017-04-20', '2017-04-27', 7),
(143, 139, 57, '2017-04-16', '2017-04-20', 4),
(144, 140, 57, '2017-04-16', '2017-04-20', 4),
(145, 141, 55, '2017-04-20', '2017-04-22', 2),
(146, 141, 64, '2017-04-22', '2017-04-24', 2),
(147, 142, 57, '2017-04-20', '2017-04-22', 2),
(148, 142, 64, '2017-04-22', '2017-04-24', 2),
(149, 143, 57, '2017-04-20', '2017-04-22', 2),
(150, 143, 64, '2017-04-22', '2017-04-24', 2),
(151, 144, 57, '2017-04-20', '2017-04-22', 2),
(152, 144, 64, '2017-04-22', '2017-04-24', 2),
(153, 146, 57, '2017-04-20', '2017-04-22', 2),
(154, 146, 64, '2017-04-22', '2017-04-24', 2),
(155, 147, 57, '2017-04-20', '2017-04-22', 2),
(156, 147, 64, '2017-04-22', '2017-04-24', 2),
(157, 148, 57, '2017-04-20', '2017-04-22', 2),
(158, 148, 64, '2017-04-22', '2017-04-24', 2),
(159, 149, 57, '2017-04-20', '2017-04-22', 2),
(160, 149, 71, '2017-04-22', '2017-04-24', 2),
(161, 150, 68, '2017-04-13', '2017-04-14', 1),
(162, 152, 68, '2017-04-20', '2017-04-22', 2);

-- --------------------------------------------------------

--
-- Table structure for table `plan_your_trip_maka_madina_hotels_rooms`
--

CREATE TABLE `plan_your_trip_maka_madina_hotels_rooms` (
  `id` int(11) NOT NULL,
  `plan_your_trip_maka_madina_hotels_id` int(11) NOT NULL,
  `hotel_room_types_id` int(11) NOT NULL,
  `no_of_room` int(11) NOT NULL,
  `one_room_price` decimal(11,2) NOT NULL,
  `one_adult_price_in_room` decimal(10,0) NOT NULL,
  `childs_price_in_room` decimal(10,0) NOT NULL,
  `no_of_childs_in_room` int(11) NOT NULL
) ENGINE=InnoDB DEFAULT CHARSET=utf8;

--
-- Dumping data for table `plan_your_trip_maka_madina_hotels_rooms`
--

INSERT INTO `plan_your_trip_maka_madina_hotels_rooms` (`id`, `plan_your_trip_maka_madina_hotels_id`, `hotel_room_types_id`, `no_of_room`, `one_room_price`, `one_adult_price_in_room`, `childs_price_in_room`, `no_of_childs_in_room`) VALUES
(1, 0, 21, 1, '0.00', '4800', '0', 0),
(4, 0, 21, 2, '0.00', '3200', '0', 0),
(5, 0, 21, 1, '0.00', '29048', '0', 0),
(6, 0, 21, 1, '0.00', '4800', '4800', 0),
(7, 0, 21, 1, '0.00', '4800', '4800', 0),
(8, 0, 21, 1, '0.00', '4800', '4800', 0),
(9, 0, 21, 1, '0.00', '4800', '4800', 0),
(10, 0, 21, 1, '0.00', '4800', '4800', 0),
(11, 0, 21, 1, '0.00', '3200', '3200', 0),
(12, 0, 21, 1, '0.00', '29048', '0', 0),
(13, 0, 21, 1, '0.00', '3200', '3200', 0),
(14, 0, 21, 1, '0.00', '29048', '0', 0),
(15, 0, 21, 1, '0.00', '3200', '3200', 0),
(16, 0, 21, 1, '0.00', '29048', '0', 0),
(17, 0, 21, 1, '0.00', '4800', '4800', 0),
(18, 0, 21, 1, '0.00', '29048', '0', 0),
(19, 0, 21, 1, '0.00', '4800', '4800', 0),
(20, 0, 21, 1, '0.00', '29048', '0', 0),
(21, 0, 21, 1, '0.00', '4800', '0', 0),
(22, 0, 21, 1, '0.00', '29048', '0', 0),
(23, 0, 21, 1, '0.00', '4800', '0', 0),
(24, 0, 21, 1, '0.00', '4800', '0', 0),
(25, 0, 21, 1, '0.00', '4800', '0', 0),
(26, 0, 21, 1, '0.00', '4800', '0', 0),
(27, 0, 21, 1, '0.00', '29048', '0', 0),
(28, 0, 21, 1, '0.00', '3200', '0', 0),
(29, 0, 21, 1, '0.00', '29048', '0', 0),
(30, 0, 16, 1, '0.00', '2175', '0', 0),
(31, 0, 21, 1, '0.00', '1800', '0', 0),
(32, 0, 16, 1, '0.00', '360', '0', 0),
(33, 0, 21, 1, '0.00', '1675', '0', 0),
(34, 0, 16, 1, '0.00', '2175', '0', 0),
(35, 0, 21, 1, '0.00', '1800', '0', 0),
(36, 0, 16, 1, '0.00', '360', '0', 0),
(37, 0, 21, 1, '0.00', '1675', '0', 0),
(38, 0, 16, 1, '0.00', '2175', '0', 0),
(39, 0, 21, 1, '0.00', '1800', '0', 0),
(40, 0, 16, 1, '0.00', '360', '0', 0),
(41, 0, 21, 1, '0.00', '1675', '0', 0),
(42, 0, 20, 1, '0.00', '1100', '0', 0),
(43, 0, 21, 2, '0.00', '2200', '0', 0),
(44, 0, 20, 1, '0.00', '700', '0', 0),
(45, 0, 21, 2, '0.00', '280', '0', 0),
(46, 0, 16, 1, '0.00', '2175', '1000', 0),
(47, 0, 21, 1, '0.00', '1800', '500', 0),
(48, 0, 16, 1, '0.00', '360', '380', 0),
(49, 0, 21, 1, '0.00', '1675', '900', 0),
(50, 0, 20, 1, '0.00', '700', '0', 0),
(51, 0, 21, 3, '0.00', '420', '0', 2),
(52, 51, 20, 1, '0.00', '700', '0', 0),
(53, 51, 21, 3, '0.00', '420', '0', 2),
(54, 52, 20, 1, '0.00', '700', '0', 0),
(55, 52, 21, 3, '0.00', '420', '0', 2),
(56, 53, 20, 1, '0.00', '700', '0', 0),
(57, 54, 20, 1, '0.00', '700', '0', 0),
(58, 55, 20, 1, '0.00', '700', '0', 0),
(59, 56, 20, 1, '0.00', '700', '0', 0),
(60, 56, 21, 3, '0.00', '420', '0', 2),
(61, 57, 20, 1, '0.00', '2800', '0', 0),
(62, 57, 21, 3, '0.00', '1680', '0', 2),
(63, 58, 20, 1, '0.00', '2800', '0', 0),
(64, 58, 21, 3, '0.00', '560', '0', 2),
(65, 59, 20, 1, '0.00', '7000', '0', 0),
(66, 59, 21, 3, '0.00', '1400', '0', 2),
(67, 60, 20, 1, '0.00', '2800', '0', 0),
(68, 60, 21, 3, '0.00', '560', '0', 2),
(69, 61, 20, 1, '0.00', '2800', '0', 1),
(70, 61, 21, 1, '0.00', '560', '0', 1),
(71, 62, 20, 1, '0.00', '2800', '0', 1),
(72, 62, 21, 1, '0.00', '560', '0', 1),
(73, 63, 20, 1, '0.00', '2800', '0', 1),
(74, 63, 21, 1, '0.00', '560', '0', 1),
(75, 64, 20, 1, '0.00', '2800', '0', 1),
(76, 64, 21, 1, '0.00', '560', '0', 1),
(77, 65, 20, 1, '0.00', '1400', '0', 0),
(78, 65, 21, 1, '0.00', '280', '0', 2),
(79, 66, 20, 1, '0.00', '1400', '0', 0),
(80, 66, 21, 1, '0.00', '280', '0', 2),
(81, 67, 20, 1, '0.00', '1400', '0', 0),
(82, 67, 21, 1, '0.00', '280', '0', 2),
(83, 68, 20, 1, '0.00', '1400', '0', 0),
(84, 68, 21, 1, '0.00', '280', '0', 2),
(85, 69, 20, 1, '0.00', '1400', '0', 0),
(86, 69, 21, 1, '0.00', '280', '0', 2),
(87, 70, 20, 2, '0.00', '1400', '0', 2),
(88, 71, 21, 1, '0.00', '5400', '3000', 2),
(89, 72, 21, 1, '0.00', '13955', '7500', 2),
(90, 73, 21, 1, '0.00', '4900', '2600', 2),
(91, 76, 20, 1, '0.00', '2200', '0', 0),
(92, 76, 21, 1, '0.00', '2200', '0', 0),
(93, 77, 20, 1, '0.00', '2200', '0', 0),
(94, 77, 21, 1, '0.00', '2200', '0', 0),
(95, 78, 20, 1, '0.00', '2200', '0', 0),
(96, 78, 21, 1, '0.00', '2200', '0', 0),
(97, 79, 20, 1, '0.00', '2200', '0', 0),
(98, 79, 21, 2, '0.00', '2200', '0', 0),
(99, 80, 20, 1, '0.00', '1400', '0', 0),
(100, 81, 20, 1, '0.00', '1400', '0', 0),
(101, 82, 21, 1, '0.00', '7200', '4000', 0),
(102, 83, 21, 1, '0.00', '6150', '3300', 0),
(103, 84, 21, 1, '0.00', '7200', '4000', 0),
(104, 85, 21, 1, '0.00', '6150', '3300', 0),
(105, 86, 21, 1, '0.00', '7200', '4000', 0),
(106, 87, 21, 1, '0.00', '6150', '3300', 0),
(107, 88, 21, 1, '0.00', '7200', '4000', 0),
(108, 89, 21, 1, '0.00', '6150', '3300', 0),
(109, 90, 21, 1, '0.00', '7200', '4000', 0),
(110, 91, 21, 1, '0.00', '6150', '3300', 0),
(111, 92, 21, 1, '0.00', '7200', '4000', 0),
(112, 93, 21, 1, '0.00', '7200', '4000', 0),
(113, 94, 21, 1, '0.00', '7200', '4000', 0),
(114, 96, 21, 1, '0.00', '7200', '4000', 0),
(115, 97, 21, 1, '0.00', '7200', '4000', 0),
(116, 97, 21, 1, '0.00', '6150', '3300', 0),
(117, 98, 21, 1, '0.00', '7200', '4000', 0),
(118, 99, 21, 1, '0.00', '7200', '4000', 0),
(119, 99, 21, 1, '0.00', '6150', '3300', 0),
(120, 100, 21, 1, '0.00', '7200', '4000', 0),
(121, 100, 21, 1, '0.00', '6150', '3300', 0),
(122, 103, 21, 1, '0.00', '7200', '4000', 0),
(123, 104, 21, 1, '0.00', '7200', '4000', 0),
(124, 105, 21, 1, '0.00', '7200', '4000', 0),
(125, 105, 21, 1, '0.00', '6150', '3300', 0),
(126, 106, 21, 1, '0.00', '7200', '4000', 0),
(127, 106, 21, 1, '0.00', '6150', '3300', 0),
(128, 107, 21, 1, '0.00', '7200', '4000', 0),
(129, 108, 21, 1, '0.00', '7200', '4000', 0),
(130, 109, 20, 1, '0.00', '9000', '2500', 0),
(131, 110, 20, 1, '0.00', '3500', '0', 0),
(132, 111, 16, 1, '0.00', '15225', '0', 0),
(133, 112, 16, 1, '0.00', '30499', '0', 0),
(134, 113, 16, 1, '0.00', '15225', '0', 0),
(135, 114, 16, 1, '0.00', '3850', '0', 0),
(136, 115, 16, 1, '0.00', '0', '0', 0),
(137, 116, 16, 1, '0.00', '0', '0', 0),
(138, 117, 21, 1, '0.00', '12600', '7000', 0),
(139, 118, 16, 1, '0.00', '30499', '0', 0),
(140, 119, 21, 1, '0.00', '25417', '0', 0),
(141, 120, 21, 1, '0.00', '12600', '7000', 0),
(142, 121, 16, 1, '0.00', '15225', '7000', 0),
(143, 122, 16, 1, '0.00', '15225', '0', 0),
(144, 123, 16, 1, '0.00', '15225', '7000', 0),
(145, 124, 16, 1, '0.00', '15225', '0', 0),
(146, 125, 16, 1, '0.00', '15225', '7000', 0),
(147, 126, 16, 1, '0.00', '15225', '7000', 2),
(148, 127, 16, 1, '0.00', '15225', '14000', 2),
(149, 128, 16, 1, '0.00', '60900', '7000', 2),
(150, 129, 16, 1, '0.00', '60900', '7000', 2),
(151, 130, 16, 1, '0.00', '60900', '7000', 2),
(152, 131, 16, 1, '0.00', '60900', '7000', 2),
(153, 132, 16, 1, '0.00', '60900', '7000', 2),
(154, 133, 16, 1, '0.00', '15225', '7000', 2),
(155, 134, 16, 1, '0.00', '15225', '7000', 2),
(156, 135, 16, 1, '0.00', '15225', '7000', 2),
(157, 136, 16, 1, '0.00', '15225', '7000', 2),
(158, 137, 16, 1, '0.00', '15225', '7000', 2),
(159, 138, 16, 1, '0.00', '15225', '7000', 2),
(160, 143, 16, 1, '0.00', '8700', '2000', 1),
(161, 144, 16, 1, '0.00', '8700', '2000', 1),
(162, 145, 21, 1, '0.00', '7262', '0', 1),
(163, 146, 21, 1, '0.00', '3350', '1800', 1),
(164, 147, 21, 1, '0.00', '3600', '1000', 1),
(165, 148, 21, 1, '0.00', '3350', '1800', 1),
(166, 149, 21, 1, '0.00', '3600', '1000', 1),
(167, 150, 21, 1, '0.00', '3350', '1800', 1),
(168, 151, 21, 1, '0.00', '3600', '1000', 1),
(169, 152, 21, 1, '0.00', '3350', '1800', 1),
(170, 153, 21, 1, '3600.00', '1800', '1000', 1),
(171, 154, 21, 1, '3350.00', '1675', '1800', 1),
(172, 155, 21, 1, '3600.00', '1800', '1000', 1),
(173, 156, 21, 1, '3350.00', '1675', '1800', 1),
(174, 157, 21, 1, '3600.00', '1800', '1000', 1),
(175, 158, 21, 1, '3350.00', '1675', '1800', 1),
(176, 159, 16, 1, '4350.00', '1450', '2000', 2),
(177, 160, 16, 1, '8300.00', '2767', '7200', 2),
(178, 161, 16, 1, '1925.00', '642', '0', 0),
(179, 162, 20, 1, '3350.00', '3350', '0', 0);

-- --------------------------------------------------------

--
-- Table structure for table `plan_your_trip_payment_data`
--

CREATE TABLE `plan_your_trip_payment_data` (
  `id` int(11) NOT NULL,
  `plan_your_trip_reservation_id` int(11) NOT NULL,
  `pay_ways_value` enum('company','home','work') NOT NULL,
  `home_phone` varchar(255) NOT NULL,
  `home_date_of_collection` date NOT NULL,
  `home_address` varchar(255) NOT NULL,
  `work_phone` varchar(255) NOT NULL,
  `work_date_of_collection` date NOT NULL,
  `work_address` varchar(255) NOT NULL
) ENGINE=InnoDB DEFAULT CHARSET=utf8;

--
-- Dumping data for table `plan_your_trip_payment_data`
--

INSERT INTO `plan_your_trip_payment_data` (`id`, `plan_your_trip_reservation_id`, `pay_ways_value`, `home_phone`, `home_date_of_collection`, `home_address`, `work_phone`, `work_date_of_collection`, `work_address`) VALUES
(1, 32, 'work', '', '0000-00-00', '', '000', '0000-00-00', '0000'),
(2, 34, 'company', '', '0000-00-00', '', '', '0000-00-00', ''),
(3, 34, 'company', '', '0000-00-00', '', '', '0000-00-00', ''),
(4, 34, 'company', '', '0000-00-00', '', '', '0000-00-00', ''),
(5, 34, 'company', '', '0000-00-00', '', '', '0000-00-00', ''),
(6, 34, 'company', '', '0000-00-00', '', '', '0000-00-00', ''),
(7, 34, 'company', '', '0000-00-00', '', '', '0000-00-00', ''),
(8, 34, 'company', '', '0000-00-00', '', '', '0000-00-00', ''),
(9, 35, 'company', '', '0000-00-00', '', '', '0000-00-00', ''),
(10, 35, 'company', '', '0000-00-00', '', '', '0000-00-00', ''),
(11, 35, 'company', '', '0000-00-00', '', '', '0000-00-00', ''),
(12, 35, 'company', '', '0000-00-00', '', '', '0000-00-00', ''),
(13, 35, 'company', '', '0000-00-00', '', '', '0000-00-00', ''),
(14, 34, 'company', '', '0000-00-00', '', '', '0000-00-00', ''),
(15, 34, 'company', '', '0000-00-00', '', '', '0000-00-00', ''),
(16, 36, 'company', '', '0000-00-00', '', '', '0000-00-00', ''),
(17, 36, 'company', '', '0000-00-00', '', '', '0000-00-00', ''),
(18, 37, 'company', '', '0000-00-00', '', '', '0000-00-00', ''),
(19, 43, 'company', '', '0000-00-00', '', '', '0000-00-00', ''),
(20, 150, 'company', '', '0000-00-00', '', '', '0000-00-00', '');

-- --------------------------------------------------------

--
-- Table structure for table `plan_your_trip_reservation`
--

CREATE TABLE `plan_your_trip_reservation` (
  `id` int(11) NOT NULL,
  `reservation_code` varchar(255) NOT NULL,
  `name` varchar(255) NOT NULL,
  `phone_1` varchar(255) NOT NULL,
  `phone_2` varchar(255) NOT NULL,
  `email` varchar(255) NOT NULL,
  `birthdate` date NOT NULL,
  `no_of_adults` int(11) NOT NULL,
  `no_of_childs` int(11) NOT NULL,
  `no_of_infants` int(11) NOT NULL,
  `reservation_price` decimal(11,2) NOT NULL,
  `visa_required` tinyint(1) NOT NULL,
  `created_by` int(11) NOT NULL,
  `creation_date` timestamp NOT NULL DEFAULT CURRENT_TIMESTAMP
) ENGINE=InnoDB DEFAULT CHARSET=utf8;

--
-- Dumping data for table `plan_your_trip_reservation`
--

INSERT INTO `plan_your_trip_reservation` (`id`, `reservation_code`, `name`, `phone_1`, `phone_2`, `email`, `birthdate`, `no_of_adults`, `no_of_childs`, `no_of_infants`, `reservation_price`, `visa_required`, `created_by`, `creation_date`) VALUES
(3, '', 'adsad', '', '000', 'mr.success70@yahoo.com', '0000-00-00', 3, 0, 0, '0.00', 1, 0, '2017-04-06 15:51:02'),
(4, '', 'adsad', '', '000', 'mr.success70@yahoo.com', '0000-00-00', 3, 0, 0, '0.00', 1, 0, '2017-04-06 15:52:17'),
(5, '', 'adsad', '', '000', 'mr.success70@yahoo.com', '0000-00-00', 3, 0, 0, '0.00', 1, 0, '2017-04-06 15:52:53'),
(6, '', 'adsad', '', '000', 'mr.success70@yahoo.com', '0000-00-00', 3, 0, 0, '0.00', 1, 0, '2017-04-06 15:53:49'),
(7, '', 'adsad', '', '000', 'mr.success70@yahoo.com', '0000-00-00', 3, 0, 0, '0.00', 1, 0, '2017-04-06 15:54:32'),
(8, '', 'adsad', '', '000', 'mr.success70@yahoo.com', '0000-00-00', 3, 0, 0, '265672.00', 1, 0, '2017-04-06 15:55:42'),
(9, '', 'asdasd', '00', '000', 'mr.success70@yahoo.com', '1992-11-17', 2, 2, 0, '0.00', 1, 0, '2017-04-06 22:25:34'),
(10, '', 'asdasd', '00', '000', 'mr.success70@yahoo.com', '1992-11-17', 2, 2, 0, '0.00', 1, 0, '2017-04-06 22:27:13'),
(11, '', 'asdasd', '00', '000', 'mr.success70@yahoo.com', '1992-11-17', 2, 2, 0, '0.00', 1, 0, '2017-04-06 22:27:29'),
(12, '', 'asdasd', '00', '000', 'mr.success70@yahoo.com', '1992-11-17', 2, 2, 0, '0.00', 1, 0, '2017-04-06 22:30:07'),
(13, '', 'asdasd', '00', '000', 'mr.success70@yahoo.com', '1992-11-17', 2, 2, 0, '0.00', 1, 0, '2017-04-06 22:30:31'),
(14, '', 'asdasd', '00', '000', 'mr.success70@yahoo.com', '1992-11-17', 2, 2, 0, '3950400.00', 1, 0, '2017-04-06 22:31:01'),
(15, '', 'adsad', '000', '0000', 'mr.success70@yahoo.com', '1992-11-17', 2, 1, 0, '2059696.00', 1, 0, '2017-04-06 22:41:39'),
(16, '', 'adsad', '000', '0000', 'mr.success70@yahoo.com', '1992-11-17', 2, 1, 0, '2049600.00', 1, 0, '2017-04-06 22:42:35'),
(17, '', 'adsad', '000', '0000', 'mr.success70@yahoo.com', '1992-11-17', 2, 1, 0, '2049600.00', 1, 0, '2017-04-06 22:47:35'),
(18, '', 'adsad', '000', '0000', 'mr.success70@yahoo.com', '1992-11-17', 2, 1, 0, '2049600.00', 1, 0, '2017-04-06 22:52:34'),
(19, '', 'adsad', '000', '0000', 'mr.success70@yahoo.com', '1992-11-17', 2, 1, 0, '2049600.00', 1, 0, '2017-04-06 23:06:56'),
(20, '', 'adsad', '000', '0000', 'mr.success70@yahoo.com', '1992-11-17', 2, 1, 0, '2049600.00', 1, 0, '2017-04-06 23:13:05'),
(21, '', 'asdasd', '000', '0000', 'mr.success789@gmail.com', '1992-11-17', 2, 1, 0, '2087696.00', 1, 0, '2017-04-09 13:39:20'),
(22, '', 'asdasd', '000', '0000', 'mr.success789@gmail.com', '1992-11-17', 2, 1, 0, '2087696.00', 1, 0, '2017-04-09 13:40:26'),
(23, '', 'asdasd', '000', '0000', 'mr.success789@gmail.com', '1992-11-17', 2, 1, 0, '2087696.00', 1, 0, '2017-04-09 13:43:25'),
(24, '', 'asdasd', '000', '0000', 'mr.success789@gmail.com', '1992-11-17', 2, 1, 0, '2089296.00', 1, 0, '2017-04-09 13:43:56'),
(25, '', 'asdasd', '000', '0000', 'mr.success789@gmail.com', '1992-11-17', 2, 1, 0, '0.00', 1, 0, '2017-04-09 13:44:36'),
(26, '', 'asdasd', '000', '0000', 'mr.success789@gmail.com', '1992-11-17', 2, 1, 0, '0.00', 1, 0, '2017-04-09 13:45:03'),
(27, '', 'asdasd', '000', '0000', 'mr.success789@gmail.com', '1992-11-17', 2, 1, 0, '0.00', 1, 0, '2017-04-09 13:45:25'),
(28, '', 'asdasd', '000', '0000', 'mr.success789@gmail.com', '1992-11-17', 2, 1, 0, '2089296.00', 1, 0, '2017-04-09 13:45:49'),
(29, '', 'asdasd', '000', '0000', 'mr.success789@gmail.com', '1992-11-17', 2, 0, 0, '154896.00', 1, 0, '2017-04-09 13:46:14'),
(30, '', 'asdasd', '000', '000', 'mr.success70@yahoo.com', '1992-11-17', 2, 0, 0, '96800.00', 1, 0, '2017-04-09 14:16:39'),
(31, '', 'adsad', '000', '0000', 'mr.success70@yahoo.com', '1992-11-17', 2, 0, 0, '92000.00', 1, 0, '2017-04-09 14:58:18'),
(32, '', 'adsad', '000', '0000', 'mr.success70@yahoo.com', '1992-11-17', 2, 0, 0, '96800.00', 1, 0, '2017-04-09 15:05:33'),
(33, '', 'سشيسشي', '123213', '23112', 'amrandcompany@gmail.com', '2000-04-05', 1, 0, 0, '0.00', 0, 0, '2017-04-09 15:23:00'),
(34, '', 'adsad', '000', '0000', 'mr.success70@yahoo.com', '1992-11-17', 2, 0, 0, '183944.00', 1, 0, '2017-04-09 15:34:22'),
(35, '', 'يسبب', '23132', '12321', 'amrandcompany@gmail.com', '2000-03-31', 1, 0, 0, '0.00', 0, 0, '2017-04-09 15:37:15'),
(36, '', 'walid Elkelany', '123213', '23112', 'solder_X@hotmail.com', '2000-04-05', 1, 0, 0, '0.00', 0, 0, '2017-04-09 15:40:23'),
(37, '', 'aaaa', '000', '0000', 'smada_1982@hotmail.com', '1992-11-17', 2, 0, 0, '146896.00', 1, 0, '2017-04-09 16:06:57'),
(38, '', 'احمد محد', '0215789', '0415748', 'xx@xx.com', '2000-04-05', 5, 3, 0, '69360.00', 0, 0, '2017-04-09 18:32:36'),
(39, '', 'احمد محد', '0215789', '0415748', 'xx@xx.com', '2000-04-05', 5, 3, 0, '69360.00', 0, 0, '2017-04-09 18:33:30'),
(40, '', 'احمد محد', '0215789', '0415748', 'xx@xx.com', '2000-04-05', 5, 3, 0, '69760.00', 1, 0, '2017-04-09 18:34:23'),
(41, '', 'adsad', '000', '000', 'mr.success70@yahoo.com', '1992-11-17', 5, 3, 0, '73400.00', 1, 0, '2017-04-09 18:38:38'),
(42, '', 'adsad', '000', '000', 'mr.success70@yahoo.com', '1992-11-17', 5, 3, 0, '42300.00', 1, 0, '2017-04-09 18:40:03'),
(43, '', 'احمد ليبسءل', '13232', '213123', 'a@h.com', '1990-04-09', 5, 3, 0, '65685.00', 1, 0, '2017-04-09 18:49:58'),
(44, '', 'asdasd', '000', '0000', '0000', '1992-11-17', 5, 2, 0, '0.00', 1, 0, '2017-04-09 19:37:26'),
(45, '', 'asdasd', '000', '0000', '0000', '1992-11-17', 5, 2, 0, '37880.00', 1, 0, '2017-04-09 19:38:17'),
(46, '', 'asdasd', '000', '0000', '0000', '1992-11-17', 5, 2, 0, '37880.00', 1, 0, '2017-04-09 19:58:52'),
(47, '', 'asdasd', '000', '0000', '0000', '1992-11-17', 5, 2, 0, '37880.00', 1, 0, '2017-04-09 20:08:16'),
(48, '', 'asdasd', '000', '0000', '0000', '1992-11-17', 5, 2, 0, '0.00', 1, 0, '2017-04-09 20:15:15'),
(49, '', 'asdasd', '000', '0000', '0000', '1992-11-17', 5, 2, 0, '0.00', 1, 0, '2017-04-09 20:15:30'),
(50, '', 'asdasd', '000', '0000', '0000', '1992-11-17', 5, 2, 0, '0.00', 1, 0, '2017-04-09 20:34:12'),
(51, '', 'asdasd', '000', '0000', '0000', '1992-11-17', 5, 2, 0, '37880.00', 1, 0, '2017-04-09 20:34:25'),
(52, '', 'asdasd', '000', '0000', '0000', '1992-11-17', 5, 2, 0, '44600.00', 1, 0, '2017-04-09 20:35:02'),
(53, '', 'asdasd', '000', '0000', '0000', '1992-11-17', 5, 2, 0, '41800.00', 1, 0, '2017-04-09 20:57:24'),
(54, '', 'asdasd', '000', '0000', '0000', '1992-11-17', 5, 2, 0, '50200.00', 1, 0, '2017-04-09 20:58:43'),
(55, '', 'asdasd', '000', '0000', '0000', '1992-11-17', 5, 2, 0, '41800.00', 1, 0, '2017-04-09 21:05:12'),
(56, '', 'asdasd', '000', '000', 'mr.success70@yahoo.com', '1992-11-17', 3, 2, 0, '34350.00', 1, 0, '2017-04-09 21:56:38'),
(57, '', 'asdasd', '000', '000', 'mr.success70@yahoo.com', '1992-11-17', 3, 2, 0, '35950.00', 1, 0, '2017-04-09 22:29:03'),
(58, '', 'asdasd', '000', '000', 'mr.success70@yahoo.com', '1992-11-17', 3, 2, 0, '35950.00', 1, 0, '2017-04-09 22:31:10'),
(59, '', 'asdasd', '000', '000', 'mr.success70@yahoo.com', '1992-11-17', 3, 2, 2, '41750.00', 1, 0, '2017-04-09 22:35:40'),
(60, '', 'adsad', '000', '0000', 'mr.success70@yahoo.com', '1992-11-17', 3, 2, 0, '27520.00', 1, 0, '2017-04-10 07:23:24'),
(61, '', 'adsad', '000', '0000', 'mr.success70@yahoo.com', '1992-11-17', 3, 2, 0, '1680.00', 1, 0, '2017-04-10 09:23:58'),
(62, '', 'adsad', '000', '0000', 'mr.success70@yahoo.com', '1992-11-17', 3, 2, 0, '0.00', 1, 0, '2017-04-10 09:26:08'),
(63, '', 'adsad', '000', '0000', 'mr.success70@yahoo.com', '1992-11-17', 3, 2, 0, '10680.00', 1, 0, '2017-04-10 09:26:49'),
(64, '', 'adsad', '000', '0000', 'mr.success70@yahoo.com', '1992-11-17', 3, 2, 0, '11680.00', 1, 0, '2017-04-10 10:02:18'),
(65, '', 'adsad', '000', '0000', 'mr.success70@yahoo.com', '1992-11-17', 3, 2, 0, '26680.00', 1, 0, '2017-04-10 10:03:42'),
(66, '', 'adsad', '000', '0000', 'mr.success70@yahoo.com', '1992-11-17', 2, 2, 0, '28600.00', 1, 0, '2017-04-10 10:07:08'),
(67, '', 'سيبسيبسي ', '2312', '1312', 'solder_X@hotmail.com', '1985-04-06', 2, 2, 0, '101255.00', 1, 0, '2017-04-10 12:50:31'),
(68, '', 'بيسبسي يسب سي', '1321213', '213213', 'solder_X@hotmail.com', '1985-04-05', 2, 1, 0, '0.00', 1, 0, '2017-04-10 13:41:47'),
(69, '', 'adsad', '000', '000', 'mr.success70@yahoo.com', '1992-11-17', 3, 0, 0, '0.00', 1, 0, '2017-04-10 14:47:24'),
(70, '', 'adsad', '000', '000', 'mr.success70@yahoo.com', '1992-11-17', 3, 0, 0, '19400.00', 1, 0, '2017-04-10 14:56:07'),
(71, '', 'adsad', '000', '000', 'mr.success70@yahoo.com', '1992-11-17', 3, 0, 0, '20600.00', 1, 0, '2017-04-10 14:57:20'),
(72, '', 'adsad', '000', '000', 'mr.success70@yahoo.com', '1992-11-17', 3, 0, 0, '20600.00', 1, 0, '2017-04-10 15:16:45'),
(73, '', 'adsad', '000', '000', 'mr.success70@yahoo.com', '1992-11-17', 5, 0, 0, '22800.00', 1, 0, '2017-04-10 15:20:45'),
(74, '', 'adsad', '000', '0000', 'mr.success70@yahoo.com', '1992-11-17', 1, 2, 0, '0.00', 1, 0, '2017-04-10 16:42:38'),
(75, '', 'adsad', '000', '0000', 'mr.success70@yahoo.com', '1992-11-17', 1, 2, 0, '7600.00', 1, 0, '2017-04-10 16:43:31'),
(76, '', 'adsad', '000', '0000', 'mr.success70@yahoo.com', '1992-11-17', 1, 2, 0, '15600.00', 1, 0, '2017-04-10 16:44:40'),
(77, '', 'adsad', '000', '0000', 'mr.success70@yahoo.com', '1992-11-17', 1, 2, 0, '13000.00', 1, 0, '2017-04-10 16:47:00'),
(78, '', 'adsad', '000', '0000', 'mr.success70@yahoo.com', '1992-11-17', 1, 2, 0, '13000.00', 1, 0, '2017-04-10 16:56:24'),
(79, '', 'adsad', '000', '0000', 'mr.success70@yahoo.com', '1992-11-17', 1, 2, 0, '13000.00', 1, 0, '2017-04-10 16:57:52'),
(80, '', 'adssds', '221', '12321', 'amrandcompany@gmail.com', '1985-04-10', 2, 2, 0, '59850.00', 1, 0, '2017-04-10 17:00:45'),
(81, '', 'adsad', '000', '000', 'mr.success70@yahoo.com', '1992-11-17', 2, 2, 0, '19700.00', 1, 0, '2017-04-10 17:04:14'),
(82, '', 'dsfsd', '213123', '123123', 'solder_X@hotmail.com', '1985-04-05', 2, 0, 0, '10000.00', 1, 0, '2017-04-10 17:06:24'),
(83, '', 'dsfsd', '213123', '123123', 'solder_X@hotmail.com', '1985-04-05', 2, 2, 0, '18000.00', 1, 0, '2017-04-10 17:11:11'),
(84, '', 'dsfsd', '213123', '123123', 'solder_X@hotmail.com', '1985-04-05', 2, 2, 0, '0.00', 1, 0, '2017-04-10 17:12:33'),
(85, '', 'dsfsd', '213123', '123123', 'solder_X@hotmail.com', '1985-04-05', 2, 2, 0, '0.00', 1, 0, '2017-04-10 17:13:16'),
(86, '', 'dsfsd', '213123', '123123', 'solder_X@hotmail.com', '1985-04-05', 2, 2, 0, '0.00', 1, 0, '2017-04-10 17:13:46'),
(87, '', 'dsfsd', '213123', '123123', 'solder_X@hotmail.com', '1985-04-05', 2, 2, 0, '0.00', 1, 0, '2017-04-10 17:14:06'),
(88, '', 'dsfsd', '213123', '123123', 'solder_X@hotmail.com', '1985-04-05', 2, 2, 0, '19600.00', 1, 0, '2017-04-10 17:14:12'),
(89, '', 'dsfdsf', '123213', '32432', 'solder_X@hotmail.com', '1985-04-10', 2, 2, 0, '59850.00', 1, 0, '2017-04-10 17:16:25'),
(90, '', 'dsfdsf', '123213', '32432', 'solder_X@hotmail.com', '1985-04-10', 2, 2, 0, '59850.00', 1, 0, '2017-04-10 17:22:02'),
(91, '', 'dsfdsf', '123213', '32432', 'solder_X@hotmail.com', '1985-04-10', 2, 2, 0, '59850.00', 1, 0, '2017-04-10 17:23:02'),
(92, '', 'dsfdsf', '123213', '32432', 'solder_X@hotmail.com', '1985-04-10', 2, 2, 0, '59850.00', 1, 0, '2017-04-10 17:23:19'),
(93, '', 'dsfdsf', '123213', '32432', 'solder_X@hotmail.com', '1985-04-10', 2, 2, 0, '0.00', 1, 0, '2017-04-10 17:25:13'),
(94, '', 'dsfdsf', '123213', '32432', 'solder_X@hotmail.com', '1985-04-10', 2, 2, 0, '0.00', 1, 0, '2017-04-10 17:25:42'),
(95, '', 'dsfdsf', '123213', '32432', 'solder_X@hotmail.com', '1985-04-10', 2, 2, 0, '0.00', 1, 0, '2017-04-10 17:27:03'),
(96, '', 'dsfdsf', '123213', '32432', 'solder_X@hotmail.com', '1985-04-10', 2, 2, 0, '0.00', 1, 0, '2017-04-10 17:33:45'),
(97, '', 'dsfdsf', '123213', '32432', 'solder_X@hotmail.com', '1985-04-10', 2, 2, 0, '59850.00', 1, 0, '2017-04-10 17:34:07'),
(98, '', 'dsfdsf', '123213', '32432', 'solder_X@hotmail.com', '1985-04-10', 2, 2, 0, '0.00', 1, 0, '2017-04-10 17:35:03'),
(99, '', 'dsfdsf', '123213', '32432', 'solder_X@hotmail.com', '1985-04-10', 2, 2, 0, '59850.00', 1, 0, '2017-04-10 17:36:13'),
(100, '', 'dsfdsf', '123213', '32432', 'solder_X@hotmail.com', '1985-04-10', 2, 2, 0, '59850.00', 1, 0, '2017-04-10 17:40:43'),
(101, '', 'dsfdsf', '123213', '32432', 'solder_X@hotmail.com', '1985-04-10', 2, 2, 0, '0.00', 1, 0, '2017-04-10 17:42:12'),
(102, '', 'dsfdsf', '123213', '32432', 'solder_X@hotmail.com', '1985-04-10', 2, 2, 0, '0.00', 1, 0, '2017-04-10 17:43:14'),
(103, '', 'dsfdsf', '123213', '32432', 'solder_X@hotmail.com', '1985-04-10', 2, 2, 0, '0.00', 1, 0, '2017-04-10 17:45:28'),
(104, '', 'dsfdsf', '123213', '32432', 'solder_X@hotmail.com', '1985-04-10', 2, 2, 0, '0.00', 1, 0, '2017-04-10 17:45:53'),
(105, '', 'dsfdsf', '123213', '32432', 'solder_X@hotmail.com', '1985-04-10', 2, 2, 0, '59850.00', 1, 0, '2017-04-10 17:58:59'),
(106, '', 'dsfdsf', '123213', '32432', 'solder_X@hotmail.com', '1985-04-10', 2, 2, 0, '59850.00', 1, 0, '2017-04-10 18:04:40'),
(107, '', 'dsfdsf', '123213', '32432', 'solder_X@hotmail.com', '1985-04-10', 2, 2, 0, '30800.00', 1, 0, '2017-04-10 18:08:59'),
(108, '', 'dsfdsf', '123213', '32432', 'solder_X@hotmail.com', '1985-04-10', 2, 2, 0, '30800.00', 1, 0, '2017-04-10 18:15:59'),
(109, '', 'سييبسب', '123213', '23112', 'solder_X@hotmail.com', '1985-04-10', 1, 1, 0, '21300.00', 1, 0, '2017-04-10 18:35:00'),
(110, '', 'سييبسب', '123213', '23112', 'solder_X@hotmail.com', '1985-04-10', 1, 2, 0, '17700.00', 1, 0, '2017-04-10 18:40:10'),
(111, '', 'adsad', '000', '000', 'mr.success789@gmail.com', '1992-11-17', 3, 0, 0, '33975.00', 1, 0, '2017-04-10 19:06:12'),
(112, '', 'walid Elkelany', 'sadas', '23112', 'amrandcompany@gmail.com', '1985-04-10', 3, 0, 0, '49249.00', 1, 0, '2017-04-10 19:06:28'),
(113, '', 'adsad', '000', '000', 'mr.success789@gmail.com', '1992-11-17', 3, 0, 0, '38775.00', 1, 0, '2017-04-10 19:08:52'),
(114, '', 'walid Elkelany', 'sadas', '23112', 'solder_X@hotmail.com', '1985-04-04', 3, 0, 0, '27400.00', 1, 0, '2017-04-10 19:10:47'),
(115, '', 'adsad', '000', '000', 'mr.success789@gmail.com', '1992-11-17', 3, 2, 0, '35550.00', 1, 0, '2017-04-10 19:17:28'),
(116, '', 'adsad', '000', '000', 'mr.success789@gmail.com', '1992-11-17', 3, 2, 0, '35550.00', 1, 0, '2017-04-10 19:17:53'),
(117, '', 'adsad', '0000', '0000', 'mr.success70@yahoo.com', '1992-11-17', 2, 2, 0, '47300.00', 1, 0, '2017-04-10 19:20:01'),
(118, '', 'adsad', '0000', '0000', 'mr.success70@yahoo.com', '1992-11-17', 3, 2, 0, '66049.00', 1, 0, '2017-04-10 19:21:41'),
(119, '', 'adsad', '0000', '0000', 'mr.success70@yahoo.com', '1992-11-17', 2, 2, 0, '53117.00', 1, 0, '2017-04-10 19:22:15'),
(120, '', 'adsad', '0000', '0000', 'mr.success70@yahoo.com', '1992-11-17', 2, 2, 0, '47300.00', 1, 0, '2017-04-10 19:24:36'),
(121, '', 'adsad', '0000', '0000', 'mr.success70@yahoo.com', '1992-11-17', 3, 2, 0, '57775.00', 1, 0, '2017-04-10 19:25:44'),
(122, '', 'adsad', '000', '000', 'mr.success70@yahoo.com', '1992-11-17', 3, 0, 0, '38775.00', 1, 0, '2017-04-10 20:39:37'),
(123, '', 'adsad', '000', '000', 'mr.success70@yahoo.com', '1992-11-17', 3, 2, 0, '57775.00', 1, 0, '2017-04-10 20:40:14'),
(124, '', 'adsad', '000', '000', 'mr.success70@yahoo.com', '1992-11-17', 3, 0, 0, '38775.00', 1, 0, '2017-04-10 20:42:23'),
(125, '', 'adsad', '000', '000', 'mr.success70@yahoo.com', '1992-11-17', 3, 2, 0, '57775.00', 1, 0, '2017-04-10 20:42:53'),
(126, '', 'adsad', '0000', '0000', 'mr.success70@yahoo.com', '1992-11-17', 3, 2, 0, '57775.00', 1, 0, '2017-04-10 21:19:34'),
(127, '', 'adsad', '0000', '0000', 'mr.success70@yahoo.com', '1992-11-17', 3, 2, 0, '64775.00', 1, 0, '2017-04-10 21:38:52'),
(128, '', 'adsad', '0000', '0000', 'mr.success70@yahoo.com', '1992-11-17', 3, 2, 0, '103450.00', 1, 0, '2017-04-10 21:46:46'),
(129, '', 'adsad', '0000', '0000', 'mr.success70@yahoo.com', '1992-11-17', 3, 2, 0, '103450.00', 1, 0, '2017-04-10 21:46:55'),
(130, '', 'adsad', '0000', '0000', 'mr.success70@yahoo.com', '1992-11-17', 3, 2, 0, '103450.00', 1, 0, '2017-04-10 21:48:07'),
(131, '', 'adsad', '0000', '0000', 'mr.success70@yahoo.com', '1992-11-17', 3, 2, 0, '103450.00', 1, 0, '2017-04-10 21:48:55'),
(132, '', 'adsad', '0000', '0000', 'mr.success70@yahoo.com', '1992-11-17', 3, 2, 0, '103450.00', 1, 0, '2017-04-10 21:50:06'),
(133, '', 'adsad', '0000', '0000', 'mr.success70@yahoo.com', '1992-11-17', 3, 2, 0, '57775.00', 1, 0, '2017-04-10 21:52:07'),
(134, '', 'adsad', '0000', '0000', 'mr.success70@yahoo.com', '1992-11-17', 3, 2, 0, '57775.00', 1, 0, '2017-04-10 21:52:41'),
(135, '', 'adsad', '0000', '0000', 'mr.success70@yahoo.com', '1992-11-17', 3, 2, 0, '57775.00', 1, 0, '2017-04-10 21:52:55'),
(136, '', 'adsad', '0000', '0000', 'mr.success70@yahoo.com', '1992-11-17', 3, 2, 0, '57775.00', 1, 0, '2017-04-10 21:53:13'),
(137, '', 'adsad', '0000', '0000', 'mr.success70@yahoo.com', '1992-11-17', 3, 2, 0, '57775.00', 1, 0, '2017-04-10 21:53:59'),
(138, '', 'adsad', '000', '000', 'mr.success70@yahoo.com', '1992-11-17', 3, 2, 0, '57775.00', 1, 0, '2017-04-10 21:55:18'),
(139, '', 'adsad', '000', '0000', 'mr.success70@yahoo.com', '1992-11-17', 3, 1, 0, '37700.00', 1, 0, '2017-04-11 10:41:07'),
(140, '', 'adsad', '000', '0000', 'mr.success70@yahoo.com', '1992-11-17', 3, 1, 0, '37700.00', 1, 0, '2017-04-11 11:00:25'),
(141, '', 'adsad', '000', '0000', 'mr.success70@yahoo.com', '1992-11-17', 2, 1, 0, '55812.00', 1, 0, '2017-04-11 16:56:37'),
(142, '', 'adsad', '000', '0000', 'mr.success70@yahoo.com', '1992-11-17', 2, 1, 0, '53150.00', 1, 0, '2017-04-11 16:57:06'),
(143, '', 'adsad', '000', '0000', 'mr.success70@yahoo.com', '1992-11-17', 2, 1, 0, '53150.00', 1, 0, '2017-04-11 17:01:55'),
(144, '', 'adsad', '000', '0000', 'mr.success70@yahoo.com', '1992-11-17', 2, 1, 0, '53150.00', 1, 0, '2017-04-11 17:29:43'),
(145, '', 'adsad', '000', '0000', 'mr.success70@yahoo.com', '1992-11-17', 2, 1, 0, '0.00', 1, 0, '2017-04-11 18:40:31'),
(146, '', 'adsad', '000', '0000', 'mr.success70@yahoo.com', '1992-11-17', 2, 1, 0, '31450.00', 1, 0, '2017-04-11 18:40:51'),
(147, '', 'adsad', '000', '0000', 'mr.success70@yahoo.com', '1992-11-17', 2, 1, 0, '31450.00', 1, 0, '2017-04-11 18:41:56'),
(148, '', 'adsad', '000', '0000', 'mr.success70@yahoo.com', '1992-11-17', 2, 1, 0, '31450.00', 1, 0, '2017-04-11 18:42:56'),
(149, '', 'asdasd', '00111', '01010', 'mr.success70@yahoo.com', '1992-11-17', 3, 2, 0, '57400.00', 1, 0, '2017-04-11 20:43:32'),
(150, '', 'adsad', '00', '000', 'mr.success70@yahoo.com', '1992-11-17', 3, 0, 0, '7925.00', 1, 0, '2017-04-11 21:20:04'),
(151, '', 'vdgdgd', '1212', '211', 'mv@mv.com', '2000-04-12', 1, 0, 0, '2000.00', 1, 0, '2017-04-12 13:11:32'),
(152, '', 'adsad', '00', '000', 'mr.success789@gmail.com', '1992-11-17', 1, 0, 0, '5350.00', 1, 0, '2017-04-19 14:58:58'),
(153, '', 'walid Elkelany', '213', '2133', 'solder_X@hotmail.com', '1985-04-23', 1, 0, 0, '0.00', 0, 0, '2017-04-23 11:00:26');

-- --------------------------------------------------------

--
-- Table structure for table `plan_your_trip_travellers`
--

CREATE TABLE `plan_your_trip_travellers` (
  `id` int(11) NOT NULL,
  `plan_your_trip_reservation_id` int(11) NOT NULL,
  `name` varchar(255) NOT NULL,
  `gender` varchar(10) NOT NULL,
  `birthdate` date NOT NULL
) ENGINE=InnoDB DEFAULT CHARSET=utf8;

--
-- Dumping data for table `plan_your_trip_travellers`
--

INSERT INTO `plan_your_trip_travellers` (`id`, `plan_your_trip_reservation_id`, `name`, `gender`, `birthdate`) VALUES
(1, 19, 'asdsad', ' Male', '1992-11-17'),
(2, 19, 'sadasd', ' Male', '1992-11-17'),
(3, 19, 'أيثيل', ' Male', '2010-02-05'),
(4, 20, 'asdsad', ' Male', '1992-11-17'),
(5, 20, 'sadasd', ' Male', '1992-11-17'),
(6, 20, 'أيثيل', ' Male', '2010-02-05'),
(7, 21, 'asdasd', ' Male', '1992-11-17'),
(8, 21, 'sadasd', ' Male', '1992-11-17'),
(9, 21, 'ww', ' Male', '2010-02-05'),
(10, 22, 'asdasd', ' Male', '1992-11-17'),
(11, 22, 'sadasd', ' Male', '1992-11-17'),
(12, 22, 'ww', ' Male', '2010-02-05'),
(13, 23, 'asdasd', ' Male', '1992-11-17'),
(14, 23, 'sadasd', ' Male', '1992-11-17'),
(15, 23, 'ww', ' Male', '2010-02-05'),
(16, 24, 'asdasd', ' Male', '1992-11-17'),
(17, 24, 'sadasd', ' Male', '1992-11-17'),
(18, 24, 'ww', ' Male', '2010-02-05'),
(19, 28, 'asdasd', ' Male', '1992-11-17'),
(20, 28, 'sadasd', ' Male', '1992-11-17'),
(21, 28, 'ww', ' Male', '2010-02-05'),
(22, 29, 'asdasd', ' Male', '1992-11-17'),
(23, 29, 'sadasd', ' Male', '1992-11-17'),
(24, 29, 'ww', ' Male', '2010-02-05'),
(25, 30, 'asdasd', ' Male', '1992-11-17'),
(26, 30, 'sadasd', ' Male', '1992-11-17'),
(27, 31, 'asdasd', ' Male', '1992-11-17'),
(28, 31, 'sadasd', ' Female', '1992-11-17'),
(29, 32, 'asdsad', ' Male', '1992-11-17'),
(30, 32, 'sadasd', ' Female', '1992-11-17'),
(31, 34, 'asdsad', ' Female', '1992-11-17'),
(32, 34, 'asdasd', ' Male', '1992-11-17'),
(33, 37, 'aa', ' Male', '1992-11-17'),
(34, 37, 'aaa', ' Male', '1992-11-17'),
(35, 38, 'احمد ميكسلب', ' Male', '2000-04-09'),
(36, 38, 'اطيكطيكبن', ' Female', '2000-04-04'),
(37, 38, 'لثيﻻاثيسئ', ' Male', '2000-04-09'),
(38, 38, 'سافلافل', ' Male', '2000-04-07'),
(39, 38, 'فثغ3ض34', ' Female', '2000-04-09'),
(40, 39, 'احمد ميكسلب', ' Male', '2000-04-09'),
(41, 39, 'اطيكطيكبن', ' Female', '2000-04-04'),
(42, 39, 'لثيﻻاثيسئ', ' Male', '2000-04-09'),
(43, 39, 'سافلافل', ' Male', '2000-04-07'),
(44, 39, 'فثغ3ض34', ' Female', '2000-04-09'),
(45, 40, 'احمد ميكسلب', ' Male', '2000-04-09'),
(46, 40, 'اطيكطيكبن', ' Female', '2000-04-04'),
(47, 40, 'لثيﻻاثيسئ', ' Male', '2000-04-09'),
(48, 40, 'سافلافل', ' Male', '2000-04-07'),
(49, 40, 'فثغ3ض34', ' Female', '2000-04-09'),
(50, 41, 'asdsad', ' Male', '1992-11-17'),
(51, 41, 'sadasd', ' Female', '1992-11-17'),
(52, 41, 'asdasd', ' Male', '1992-11-17'),
(53, 41, 'asdasd', ' Male', '1992-11-17'),
(54, 41, 'sss', ' Male', '1992-11-17'),
(55, 41, 'ww', ' Male', '2010-02-05'),
(56, 41, 'adad', ' Male', '2010-02-05'),
(57, 41, 'aaa', ' Male', '2010-02-05'),
(58, 42, 'asdsad', ' Male', '1992-11-17'),
(59, 42, 'sadasd', ' Female', '1992-11-17'),
(60, 42, 'asdasd', ' Male', '1992-11-17'),
(61, 42, 'asdasd', ' Male', '1992-11-17'),
(62, 42, 'sss', ' Male', '1992-11-17'),
(63, 42, 'ww', ' Male', '2010-02-05'),
(64, 42, 'adad', ' Male', '2010-02-05'),
(65, 42, 'aaa', ' Male', '2010-02-05'),
(66, 43, 'شسيشس ', ' Male', '1999-04-04'),
(67, 43, 'سيشس يشسي', ' Male', '1999-04-04'),
(68, 43, 'بيليب', ' Female', '1999-04-04'),
(69, 43, 'شس يسشي', ' Female', '1999-04-04'),
(70, 43, 'سشيشسبليبل', ' Male', '1999-04-04'),
(71, 43, 'بليبل', ' Male', '2010-04-09'),
(72, 43, 'بيلبيل', ' Male', '2010-04-09'),
(73, 43, 'بلييب', ' Female', '2010-04-09'),
(74, 45, 'asdsad', ' Male', '1992-11-17'),
(75, 45, 'asdasd', ' Male', '1992-11-17'),
(76, 45, 'asdasd', ' Male', '1992-11-17'),
(77, 45, 'qqq', ' Male', '1992-11-17'),
(78, 45, 'sss', ' Male', '1992-11-17'),
(79, 45, 'أيثيل', ' Male', '2010-02-05'),
(80, 45, 'أيثيل', ' Female', '2010-02-05'),
(81, 46, 'asdsad', ' Male', '1992-11-17'),
(82, 46, 'asdasd', ' Male', '1992-11-17'),
(83, 46, 'asdasd', ' Male', '1992-11-17'),
(84, 46, 'qqq', ' Male', '1992-11-17'),
(85, 46, 'sss', ' Male', '1992-11-17'),
(86, 46, 'أيثيل', ' Male', '2010-02-05'),
(87, 46, 'أيثيل', ' Female', '2010-02-05'),
(88, 47, 'asdsad', ' Male', '1992-11-17'),
(89, 47, 'asdasd', ' Male', '1992-11-17'),
(90, 47, 'asdasd', ' Male', '1992-11-17'),
(91, 47, 'qqq', ' Male', '1992-11-17'),
(92, 47, 'sss', ' Male', '1992-11-17'),
(93, 47, 'أيثيل', ' Male', '2010-02-05'),
(94, 47, 'أيثيل', ' Female', '2010-02-05'),
(95, 51, 'asdsad', ' Male', '1992-11-17'),
(96, 51, 'asdasd', ' Male', '1992-11-17'),
(97, 51, 'asdasd', ' Male', '1992-11-17'),
(98, 51, 'qqq', ' Male', '1992-11-17'),
(99, 51, 'sss', ' Male', '1992-11-17'),
(100, 51, 'أيثيل', ' Male', '2010-02-05'),
(101, 51, 'أيثيل', ' Female', '2010-02-05'),
(102, 52, 'asdsad', ' Male', '1992-11-17'),
(103, 52, 'asdasd', ' Male', '1992-11-17'),
(104, 52, 'asdasd', ' Male', '1992-11-17'),
(105, 52, 'qqq', ' Male', '1992-11-17'),
(106, 52, 'sss', ' Male', '1992-11-17'),
(107, 52, 'أيثيل', ' Male', '2010-02-05'),
(108, 52, 'أيثيل', ' Female', '2010-02-05'),
(109, 53, 'asdsad', ' Male', '1992-11-17'),
(110, 53, 'asdasd', ' Male', '1992-11-17'),
(111, 53, 'asdasd', ' Male', '1992-11-17'),
(112, 53, 'qqq', ' Male', '1992-11-17'),
(113, 53, 'sss', ' Male', '1992-11-17'),
(114, 53, 'أيثيل', ' Male', '2010-02-05'),
(115, 53, 'أيثيل', ' Female', '2010-02-05'),
(116, 54, 'asdsad', ' Male', '1992-11-17'),
(117, 54, 'asdasd', ' Male', '1992-11-17'),
(118, 54, 'asdasd', ' Male', '1992-11-17'),
(119, 54, 'qqq', ' Male', '1992-11-17'),
(120, 54, 'sss', ' Male', '1992-11-17'),
(121, 54, 'أيثيل', ' Male', '2010-02-05'),
(122, 54, 'أيثيل', ' Female', '2010-02-05'),
(123, 55, 'asdsad', ' Male', '1992-11-17'),
(124, 55, 'asdasd', ' Male', '1992-11-17'),
(125, 55, 'asdasd', ' Male', '1992-11-17'),
(126, 55, 'qqq', ' Male', '1992-11-17'),
(127, 55, 'sss', ' Male', '1992-11-17'),
(128, 55, 'أيثيل', ' Male', '2010-02-05'),
(129, 55, 'أيثيل', ' Female', '2010-02-05'),
(130, 56, 'asdasd', ' Male', '1992-11-17'),
(131, 56, 'sadasd', ' Male', '1992-11-17'),
(132, 56, 'asdsad', ' Female', '1992-11-16'),
(133, 56, 'أيثيل', ' Male', '2010-02-05'),
(134, 56, 'أيثيل', ' Male', '2010-02-05'),
(135, 57, 'asdasd', ' Male', '1992-11-17'),
(136, 57, 'sadasd', ' Male', '1992-11-17'),
(137, 57, 'asdsad', ' Female', '1992-11-16'),
(138, 57, 'أيثيل', ' Male', '2010-02-05'),
(139, 57, 'أيثيل', ' Male', '2010-02-05'),
(140, 58, 'asdasd', ' Male', '1992-11-17'),
(141, 58, 'sadasd', ' Male', '1992-11-17'),
(142, 58, 'asdsad', ' Female', '1992-11-16'),
(143, 58, 'أيثيل', ' Male', '2010-02-05'),
(144, 58, 'أيثيل', ' Male', '2010-02-05'),
(145, 59, 'asdasd', ' Male', '1992-11-17'),
(146, 59, 'sadasd', ' Male', '1992-11-17'),
(147, 59, 'asdsad', ' Female', '1992-11-16'),
(148, 59, 'أيثيل', ' Male', '2010-02-05'),
(149, 59, 'أيثيل', ' Male', '2010-02-05'),
(150, 59, 'rree', ' Male', '2016-11-30'),
(151, 59, 'qqq', ' Male', '2016-11-23'),
(152, 60, 'asdasd', ' Male', '1992-11-17'),
(153, 60, 'sadasd', ' Male', '1992-11-17'),
(154, 60, 'asdsad', ' Male', '1992-11-17'),
(155, 60, 'ww', ' Male', '2010-02-05'),
(156, 60, 'أيثيل', ' Male', '2010-02-05'),
(157, 61, 'asdasd', ' Male', '1992-11-17'),
(158, 61, 'sadasd', ' Male', '1992-11-17'),
(159, 61, 'asdsad', ' Male', '1992-11-17'),
(160, 61, 'ww', ' Male', '2010-02-05'),
(161, 61, 'أيثيل', ' Male', '2010-02-05'),
(162, 63, 'asdasd', ' Male', '1992-11-17'),
(163, 63, 'sadasd', ' Male', '1992-11-17'),
(164, 63, 'asdsad', ' Male', '1992-11-17'),
(165, 63, 'ww', ' Male', '2010-02-05'),
(166, 63, 'أيثيل', ' Male', '2010-02-05'),
(167, 64, 'asdasd', ' Male', '1992-11-17'),
(168, 64, 'sadasd', ' Male', '1992-11-17'),
(169, 64, 'asdsad', ' Male', '1992-11-17'),
(170, 64, 'ww', ' Male', '2010-02-05'),
(171, 64, 'أيثيل', ' Male', '2010-02-05'),
(172, 65, 'asdasd', ' Male', '1992-11-17'),
(173, 65, 'sadasd', ' Male', '1992-11-17'),
(174, 65, 'asdsad', ' Male', '1992-11-17'),
(175, 65, 'ww', ' Male', '2010-02-05'),
(176, 65, 'أيثيل', ' Male', '2010-02-05'),
(177, 66, 'asdsad', ' Male', '1992-11-17'),
(178, 66, 'asdsad', ' Male', '1992-11-17'),
(179, 66, 'sadasd', ' Male', '1992-11-17'),
(180, 66, 'ww', ' Male', '2010-02-05'),
(181, 66, 'أيثيل', ' Male', '2010-02-05'),
(182, 67, 'ؤئءئء', ' Male', '2005-04-03'),
(183, 67, 'رءيسيب', ' Female', '2010-04-05'),
(184, 70, 'asdsad', ' Male', '1992-11-17'),
(185, 70, 'asdasd', ' Male', '1992-11-17'),
(186, 70, 'asdasd', ' Male', '1992-11-17'),
(187, 71, 'asdsad', ' Male', '1992-11-17'),
(188, 71, 'asdasd', ' Male', '1992-11-17'),
(189, 71, 'asdasd', ' Male', '1992-11-17'),
(190, 72, 'asdsad', ' Male', '1992-11-17'),
(191, 72, 'asdasd', ' Male', '1992-11-17'),
(192, 72, 'asdasd', ' Male', '1992-11-17'),
(193, 73, 'asdsad', ' Male', '1992-11-17'),
(194, 73, 'sadasd', ' Male', '1992-11-17'),
(195, 73, 'asdasd', ' Male', '1992-11-17'),
(196, 73, 'asdasd', ' Male', '1992-11-17'),
(197, 73, 'sss', ' Male', '1992-11-17'),
(198, 75, 'ww', ' Male', '2010-02-05'),
(199, 75, 'أيثيل', ' Male', '2010-02-05'),
(200, 76, 'ww', ' Male', '2010-02-05'),
(201, 76, 'أيثيل', ' Male', '2010-02-05'),
(202, 77, 'ww', ' Male', '2010-02-05'),
(203, 77, 'أيثيل', ' Male', '2010-02-05'),
(204, 78, 'ww', ' Male', '2010-02-05'),
(205, 78, 'أيثيل', ' Male', '2010-02-05'),
(206, 79, 'ww', ' Male', '2010-02-05'),
(207, 79, 'أيثيل', ' Male', '2010-02-05'),
(208, 80, 'fsdfsd', ' Male', '2000-04-10'),
(209, 80, 'dsfdf', ' Female', '2000-04-10'),
(210, 80, 'ewrewr', ' Male', '2010-04-04'),
(211, 80, 'defsdfs', ' Male', '2010-04-04'),
(212, 81, 'asdsad', ' Male', '1992-11-17'),
(213, 81, 'sadasd', ' Male', '1992-11-17'),
(214, 81, 'ww', ' Female', '2010-02-05'),
(215, 81, 'أيثيل', ' Male', '2010-02-05'),
(216, 82, '5464546', ' Male', '2000-04-04'),
(217, 82, 'fdsgdfg', ' Female', '2000-04-04'),
(218, 83, '5464546', ' Male', '2000-04-04'),
(219, 83, 'fdsgdfg', ' Female', '2000-04-04'),
(220, 83, 'fdgfdg', ' Male', '2010-04-04'),
(221, 83, 'erewrewr', ' Female', '2010-04-04'),
(222, 88, '5464546', ' Male', '2000-04-04'),
(223, 88, 'fdsgdfg', ' Female', '2000-04-04'),
(224, 88, 'fdgfdg', ' Male', '2010-04-04'),
(225, 88, 'erewrewr', ' Female', '2010-04-04'),
(226, 89, 'dsfds', ' Male', '1985-04-10'),
(227, 89, 'dsfsdf', ' Female', '1985-04-10'),
(228, 89, 'fdssdf', ' Male', '2010-04-10'),
(229, 89, 'sdf', ' Female', '2010-04-10'),
(230, 90, 'dsfds', ' Male', '1985-04-10'),
(231, 90, 'dsfsdf', ' Female', '1985-04-10'),
(232, 90, 'fdssdf', ' Male', '2010-04-10'),
(233, 90, 'sdf', ' Female', '2010-04-10'),
(234, 91, 'dsfds', ' Male', '1985-04-10'),
(235, 91, 'dsfsdf', ' Female', '1985-04-10'),
(236, 91, 'fdssdf', ' Male', '2010-04-10'),
(237, 91, 'sdf', ' Female', '2010-04-10'),
(238, 92, 'dsfds', ' Male', '1985-04-10'),
(239, 92, 'dsfsdf', ' Female', '1985-04-10'),
(240, 92, 'fdssdf', ' Male', '2010-04-10'),
(241, 92, 'sdf', ' Female', '2010-04-10'),
(242, 97, 'dsfds', ' Male', '1985-04-10'),
(243, 97, 'dsfsdf', ' Female', '1985-04-10'),
(244, 97, 'fdssdf', ' Male', '2010-04-10'),
(245, 97, 'sdf', ' Female', '2010-04-10'),
(246, 99, 'dsfds', ' Male', '1985-04-10'),
(247, 99, 'dsfsdf', ' Female', '1985-04-10'),
(248, 99, 'fdssdf', ' Male', '2010-04-10'),
(249, 99, 'sdf', ' Female', '2010-04-10'),
(250, 100, 'dsfds', ' Male', '1985-04-10'),
(251, 100, 'dsfsdf', ' Female', '1985-04-10'),
(252, 100, 'fdssdf', ' Male', '2010-04-10'),
(253, 100, 'sdf', ' Female', '2010-04-10'),
(254, 105, 'dsfds', ' Male', '1985-04-10'),
(255, 105, 'dsfsdf', ' Female', '1985-04-10'),
(256, 105, 'fdssdf', ' Male', '2010-04-10'),
(257, 105, 'sdf', ' Female', '2010-04-10'),
(258, 106, 'dsfds', ' Male', '1985-04-10'),
(259, 106, 'dsfsdf', ' Female', '1985-04-10'),
(260, 106, 'fdssdf', ' Male', '2010-04-10'),
(261, 106, 'sdf', ' Female', '2010-04-10'),
(262, 107, 'dsfds', ' Male', '1985-04-10'),
(263, 107, 'dsfsdf', ' Female', '1985-04-10'),
(264, 107, 'fdssdf', ' Male', '2010-04-10'),
(265, 107, 'sdf', ' Female', '2010-04-10'),
(266, 108, 'dsfds', ' Male', '1985-04-10'),
(267, 108, 'dsfsdf', ' Female', '1985-04-10'),
(268, 108, 'fdssdf', ' Male', '2009-04-10'),
(269, 108, 'sdf', ' Female', '2009-04-10'),
(270, 109, 'بيبيس', ' Male', '1985-04-10'),
(271, 109, 'يبسب', ' Male', '2009-04-10'),
(272, 110, 'بيبيس', ' Male', '1985-04-10'),
(273, 110, 'يسبيب', ' Male', '2009-04-10'),
(274, 110, 'سيبسي', ' Female', '2009-04-10'),
(275, 111, 'asdsad', ' Male', '1992-11-17'),
(276, 111, 'asdasd', ' Male', '1992-11-17'),
(277, 111, 'asdasd', ' Male', '1992-11-17'),
(278, 113, 'asdsad', ' Male', '1992-11-17'),
(279, 113, 'asdasd', ' Male', '1992-11-17'),
(280, 113, 'asdasd', ' Male', '1992-11-17'),
(281, 114, 'احمد حسام ميدو', ' Male', '1985-04-04'),
(282, 114, 'fdsgdfg', ' Male', '1985-04-04'),
(283, 114, 'fdsfsd', ' Female', '1985-04-04'),
(284, 115, 'asdsad', ' Male', '1992-11-17'),
(285, 115, 'asdasd', ' Male', '1992-11-17'),
(286, 115, 'asdasd', ' Male', '1992-11-17'),
(287, 115, 'أيثيل', ' Male', '2009-02-05'),
(288, 115, 'أيثيل', ' Male', '2012-02-06'),
(289, 116, 'asdsad', ' Male', '1992-11-17'),
(290, 116, 'asdasd', ' Male', '1992-11-17'),
(291, 116, 'asdasd', ' Male', '1992-11-17'),
(292, 116, 'أيثيل', ' Male', '2009-02-05'),
(293, 116, 'أيثيل', ' Male', '2012-02-06'),
(294, 117, 'asdsad', ' Male', '1992-11-17'),
(295, 117, 'asdasd', ' Male', '1992-11-17'),
(296, 117, 'ww', ' Male', '2010-02-05'),
(297, 117, 'أيثيل', ' Male', '2010-02-05'),
(298, 118, 'asdsad', ' Male', '1992-11-17'),
(299, 118, 'sadasd', ' Male', '1992-11-17'),
(300, 118, 'asdasd', ' Male', '1992-11-17'),
(301, 118, 'ww', ' Male', '2010-02-05'),
(302, 118, 'أيثيل', ' Male', '2010-02-05'),
(303, 119, 'asdasd', ' Male', '1992-11-17'),
(304, 119, 'asdsad', ' Male', '1992-11-17'),
(305, 119, 'sadasd', ' Male', '1992-11-17'),
(306, 119, 'ww', ' Male', '2010-02-05'),
(307, 119, 'أيثيل', ' Male', '2010-02-05'),
(308, 120, 'asdasd', ' Male', '1992-11-17'),
(309, 120, 'asdsad', ' Male', '1992-11-17'),
(310, 120, 'sadasd', ' Male', '1992-11-17'),
(311, 120, 'ww', ' Male', '2010-02-05'),
(312, 120, 'أيثيل', ' Male', '2010-02-05'),
(313, 121, 'asdsad', ' Male', '1992-11-17'),
(314, 121, 'sadasd', ' Male', '1992-11-17'),
(315, 121, 'asdasd', ' Male', '1992-11-17'),
(316, 121, 'ww', ' Male', '2010-02-05'),
(317, 121, 'أيثيل', ' Male', '2010-02-05'),
(318, 122, 'asdsad', ' Male', '1992-11-17'),
(319, 122, 'sadasd', ' Female', '1992-11-17'),
(320, 122, 'asdasd', ' Male', '1992-11-17'),
(321, 123, 'asdsad', ' Male', '1992-11-17'),
(322, 123, 'sadasd', ' Female', '1992-11-17'),
(323, 123, 'asdasd', ' Male', '1992-11-17'),
(324, 123, 'ww', ' Male', '2010-02-05'),
(325, 123, 'أيثيل', ' Male', '2010-02-05'),
(326, 124, 'asdsad', ' Male', '1992-11-17'),
(327, 124, 'sadasd', ' Female', '1992-11-17'),
(328, 124, 'asdasd', ' Male', '1992-11-17'),
(329, 124, 'ww', ' Male', '2010-02-05'),
(330, 124, 'أيثيل', ' Male', '2010-02-05'),
(331, 125, 'asdsad', ' Male', '1992-11-17'),
(332, 125, 'sadasd', ' Female', '1992-11-17'),
(333, 125, 'asdasd', ' Male', '1992-11-17'),
(334, 125, 'ww', ' Male', '2010-02-05'),
(335, 125, 'أيثيل', ' Male', '2010-02-05'),
(336, 126, 'asdsad', ' Male', '1992-11-17'),
(337, 126, 'sadasd', ' Male', '1992-11-17'),
(338, 126, 'asdasd', ' Male', '1992-11-17'),
(339, 126, 'ww', ' Male', '2010-02-05'),
(340, 126, 'أيثيل', ' Male', '2010-02-05'),
(341, 127, 'asdsad', ' Male', '1992-11-17'),
(342, 127, 'sadasd', ' Male', '1992-11-17'),
(343, 127, 'asdasd', ' Male', '1992-11-17'),
(344, 127, 'ww', ' Male', '2010-02-05'),
(345, 127, 'أيثيل', ' Male', '2010-02-05'),
(346, 128, 'asdsad', ' Male', '1992-11-17'),
(347, 128, 'sadasd', ' Male', '1992-11-17'),
(348, 128, 'asdasd', ' Male', '1992-11-17'),
(349, 128, 'ww', ' Male', '2010-02-05'),
(350, 128, 'أيثيل', ' Male', '2010-02-05'),
(351, 129, 'asdsad', ' Male', '1992-11-17'),
(352, 129, 'sadasd', ' Male', '1992-11-17'),
(353, 129, 'asdasd', ' Male', '1992-11-17'),
(354, 129, 'ww', ' Male', '2010-02-05'),
(355, 129, 'أيثيل', ' Male', '2010-02-05'),
(356, 130, 'asdsad', ' Male', '1992-11-17'),
(357, 130, 'sadasd', ' Male', '1992-11-17'),
(358, 130, 'asdasd', ' Male', '1992-11-17'),
(359, 130, 'ww', ' Male', '2010-02-05'),
(360, 130, 'أيثيل', ' Male', '2010-02-05'),
(361, 131, 'asdsad', ' Male', '1992-11-17'),
(362, 131, 'sadasd', ' Male', '1992-11-17'),
(363, 131, 'asdasd', ' Male', '1992-11-17'),
(364, 131, 'ww', ' Male', '2010-02-05'),
(365, 131, 'أيثيل', ' Male', '2010-02-05'),
(366, 132, 'asdsad', ' Male', '1992-11-17'),
(367, 132, 'sadasd', ' Male', '1992-11-17'),
(368, 132, 'asdasd', ' Male', '1992-11-17'),
(369, 132, 'ww', ' Male', '2010-02-05'),
(370, 132, 'أيثيل', ' Male', '2010-02-05'),
(371, 133, 'asdsad', ' Male', '1992-11-17'),
(372, 133, 'sadasd', ' Male', '1992-11-17'),
(373, 133, 'asdasd', ' Male', '1992-11-17'),
(374, 133, 'ww', ' Male', '2010-02-05'),
(375, 133, 'أيثيل', ' Male', '2010-02-05'),
(376, 134, 'asdsad', ' Male', '1992-11-17'),
(377, 134, 'sadasd', ' Male', '1992-11-17'),
(378, 134, 'asdasd', ' Male', '1992-11-17'),
(379, 134, 'ww', ' Male', '2010-02-05'),
(380, 134, 'أيثيل', ' Male', '2010-02-05'),
(381, 135, 'asdsad', ' Male', '1992-11-17'),
(382, 135, 'sadasd', ' Male', '1992-11-17'),
(383, 135, 'asdasd', ' Male', '1992-11-17'),
(384, 135, 'ww', ' Male', '2010-02-05'),
(385, 135, 'أيثيل', ' Male', '2010-02-05'),
(386, 136, 'asdsad', ' Male', '1992-11-17'),
(387, 136, 'sadasd', ' Male', '1992-11-17'),
(388, 136, 'asdasd', ' Male', '1992-11-17'),
(389, 136, 'ww', ' Male', '2010-02-05'),
(390, 136, 'أيثيل', ' Male', '2010-02-05'),
(391, 137, 'asdsad', ' Male', '1992-11-17'),
(392, 137, 'sadasd', ' Male', '1992-11-17'),
(393, 137, 'asdasd', ' Male', '1992-11-17'),
(394, 137, 'ww', ' Male', '2009-08-11'),
(395, 137, 'أيثيل', ' Male', '2009-08-11'),
(396, 138, 'asdsad', ' Male', '1992-11-17'),
(397, 138, 'sadasd', ' Female', '1992-11-17'),
(398, 138, 'asdasd', ' Male', '1992-11-17'),
(399, 138, 'ww', ' Male', '2010-02-05'),
(400, 138, 'أيثيل', ' Male', '2010-02-05'),
(401, 139, 'asdsad', ' Male', '1992-11-17'),
(402, 139, 'sadasd', ' Male', '1992-11-17'),
(403, 139, 'asdasd', ' Male', '1992-11-17'),
(404, 139, 'ww', ' Male', '2010-02-05'),
(405, 140, 'asdsad', ' Male', '1992-11-17'),
(406, 140, 'sadasd', ' Male', '1992-11-17'),
(407, 140, 'asdasd', ' Male', '1992-11-17'),
(408, 140, 'ww', ' Male', '2010-02-05'),
(409, 141, 'asdasd', ' Male', '1992-11-17'),
(410, 141, 'sadasd', ' Female', '1992-11-17'),
(411, 141, 'ww', ' Male', '2010-02-05'),
(412, 142, 'asdasd', ' Male', '1992-11-17'),
(413, 142, 'sadasd', ' Female', '1992-11-17'),
(414, 142, 'ww', ' Male', '2010-02-05'),
(415, 143, 'asdasd', ' Male', '1992-11-17'),
(416, 143, 'sadasd', ' Female', '1992-11-17'),
(417, 143, 'ww', ' Male', '2010-02-05'),
(418, 144, 'asdasd', ' Male', '1992-11-17'),
(419, 144, 'sadasd', ' Female', '1992-11-17'),
(420, 144, 'ww', ' Male', '2010-02-05'),
(421, 146, 'asdasd', ' Male', '1992-11-17'),
(422, 146, 'sadasd', ' Female', '1992-11-17'),
(423, 146, 'ww', ' Male', '2010-02-05'),
(424, 147, 'asdasd', ' Male', '1992-11-17'),
(425, 147, 'sadasd', ' Female', '1992-11-17'),
(426, 147, 'ww', ' Male', '2010-02-05'),
(427, 148, 'asdasd', ' Male', '1992-11-17'),
(428, 148, 'sadasd', ' Female', '1992-11-17'),
(429, 148, 'ww', ' Male', '2010-02-05'),
(430, 149, 'asdsad', ' Male', '1992-11-17'),
(431, 149, 'sadasd', ' Male', '1992-11-17'),
(432, 149, 'asdasd', ' Male', '1992-11-17'),
(433, 149, 'ww', ' Male', '2010-02-05'),
(434, 149, 'أيثيل', ' Male', '2010-02-05'),
(435, 150, 'asdsad', ' Male', '1992-11-17'),
(436, 150, 'asdasd', ' Male', '1992-11-17'),
(437, 150, 'asdasd', ' Male', '1992-11-17'),
(438, 152, 'aaa', ' Male', '1992-11-17'),
(439, 153, 'احمد حسام ميدو', ' Male', '2000-04-04');

-- --------------------------------------------------------

--
-- Table structure for table `programs`
--

CREATE TABLE `programs` (
  `id` int(11) NOT NULL,
  `title_ar` varchar(255) NOT NULL,
  `title_en` varchar(255) NOT NULL,
  `price_start_from` float NOT NULL,
  `currency_id` int(11) NOT NULL,
  `this_order` int(11) NOT NULL,
  `viewed_no` int(11) NOT NULL,
  `reserved_no` int(11) NOT NULL,
  `image` varchar(255) NOT NULL,
  `nights` int(11) NOT NULL,
  `program_include_ar` text NOT NULL,
  `program_include_en` varchar(255) NOT NULL,
  `desc_ar` text NOT NULL,
  `desc_en` varchar(255) NOT NULL,
  `main_categories_id` int(11) NOT NULL,
  `sub_categories_id` int(11) NOT NULL,
  `special_offer` tinyint(1) NOT NULL DEFAULT '0',
  `show_in_home` tinyint(1) NOT NULL,
  `stars` int(11) NOT NULL,
  `child_price` decimal(10,0) NOT NULL,
  `infant_price` decimal(10,0) NOT NULL,
  `created_by` int(11) NOT NULL,
  `active` tinyint(1) NOT NULL,
  `created_at` timestamp NOT NULL DEFAULT CURRENT_TIMESTAMP
) ENGINE=InnoDB DEFAULT CHARSET=utf8;

--
-- Dumping data for table `programs`
--

INSERT INTO `programs` (`id`, `title_ar`, `title_en`, `price_start_from`, `currency_id`, `this_order`, `viewed_no`, `reserved_no`, `image`, `nights`, `program_include_ar`, `program_include_en`, `desc_ar`, `desc_en`, `main_categories_id`, `sub_categories_id`, `special_offer`, `show_in_home`, `stars`, `child_price`, `infant_price`, `created_by`, `active`, `created_at`) VALUES
(1, 'بورتو سخنه', '55', 1200, 2, 1, 142, 2, 's_251763_437388862.jpg', 0, '55', '55', 'هناك حقيقة مثبتة منذ زمن طويل وهي أن المحتوى المقروء لصفحة ما سيلهي القارئ عن التركيز على الشكل الخارجي للنص أو شكل توضع الفقرات في الصفحة التي يقرأه', '55', 0, 0, 0, 0, 0, '0', '0', 97, 1, '2016-11-16 14:37:21'),
(3, 'شرم الشيخ', '', 2300, 2, 3, 4, 1, '65484560.jpg', 0, '<p>هذا البرنامج يشمل اﻻفطار والغداء والعشاء والمشروبات</p>\\r\\n', '', 'رحلة شرم الشيخ 4 ايام 3 ليالى', '', 0, 0, 0, 0, 0, '0', '0', 104, 1, '2016-11-16 14:37:21'),
(4, 'برنامج الغردقة', '', 1150, 2, 5, 8, 1, '56345095.jpg', 0, '<p>البرنامج يشمل اقامة كاملة</p>\\r\\n', '', 'رحلة فندق هيلتون الغردقة', '', 0, 0, 0, 0, 0, '0', '0', 97, 1, '2016-11-16 14:37:21'),
(6, 'اجازة نصف العام', '', 900, 2, 1, 0, 0, '56345302.jpg', 0, '<p dir="RTL"><strong>الإقامة لمدة 4 أيام / 3 ليالي ( بالإفطار و العشاء) بفندق  Novotel SSH Palm</strong></p>\\r\\n\\r\\n<p dir="RTL"><strong>التمتع بكل مميزات المنتجع من (ملاعب و حمامات سباحة و شاطئ وخدمات اخري) مجانا </strong></p>\\r\\n', '', 'رحلة اجازة نصف العام', '', 0, 0, 0, 0, 0, '0', '0', 104, 1, '2016-11-16 14:37:21'),
(7, 'رحلة راس السنه', '', 1110, 2, 3, 0, 0, '65483824.jpg', 0, '<p dir="RTL"><strong>هذا العرض يشمل الاقامه بـ</strong></p>\\r\\n\\r\\n<p dir="RTL"><strong>( الافطار وغذاء وعشاء ومشروبات وسناكس)</strong></p>\\r\\n', '', 'رحلة راس السنة', '', 0, 0, 0, 0, 0, '0', '0', 104, 1, '2016-11-16 14:37:21'),
(8, 'رحلة الغردقة', '', 900, 2, 2, 13, 0, '56345302.jpg', 0, '<p>هذا البرنامج يشتمل اﻻفطار والعشاء</p>\r\n\r\n<p>\\r\\n</p>\r\n', '', 'رحلة الغردقه 5ايام 4 ليالى', '', 0, 0, 0, 0, 0, '0', '0', 104, 1, '2016-11-16 14:37:21'),
(9, 'الغردقة 4 ايام 3 ليالى', '', 1150, 2, 2, 8, 0, '8690955.jpg', 0, '<p>هذا البرنامج يشمل اﻻفطار والعشاء</p>\\r\\n', '', 'رحلة الغردقة 4 ايام 3 ليالى', '', 0, 0, 0, 0, 0, '0', '0', 104, 1, '2016-11-16 14:37:21'),
(10, 'فندق العين السخنة', '', 640, 2, 3, 2, 0, '24055193.jpg', 0, '<p>هذا البرنامج يشمل اﻻفطار والعشاء</p>\\r\\n', '', 'عرض فندق العين السخنه برنامج اقتصادى', '', 0, 0, 0, 0, 0, '0', '0', 104, 1, '2016-11-16 14:37:21'),
(11, 'رحلة شهر العسل', 'test', 930, 2, 3, 11, 9, '64017335.jpg', 0, 'رحلة شهر العسل فندق تروبيتال نعمه باى', 'test', 'رحلة شهر العسل فندق تروبيتال نعمه باى', 'test', 3, 5, 0, 0, 0, '0', '0', 104, 1, '2016-11-16 14:37:21'),
(12, 'رحﻻت اﻻسكندرية', '', 590, 2, 2, 0, 0, '59168821.jpg', 0, '<p>البرنامج يشمل  الاقامة 3 ايام 2 ليلتين بفندق بلازا شاملة الأفطار<strong> </strong></p>\\r\\n', '', 'رحلة اﻻسكندرية فندق بﻻزا', '', 0, 0, 0, 0, 0, '0', '0', 104, 1, '2016-11-16 14:37:21'),
(13, 'رحﻻت اﻻسكندرية المعمورة', '', 640, 2, 1, 15, 1, '51458952.jpg', 0, '<p> </p>\\r\\n\\r\\n<p>- الاقامة 3 ايام 2 ليلتين بفندق براديس شاملة الأفطار في غرف الدور الأول</p>\\r\\n', '', 'رحﻻت اﻻسكندرية فندق بارادايس ان المعمورة', '', 0, 0, 0, 0, 0, '0', '0', 104, 1, '2016-11-16 14:47:49'),
(14, 'رحلة الغردقة', 'رحلة الغردقة', 1400, 2, 2, 32, 2, 'pool--v6048065.jpg', 0, 'رحلة الغردقة', 'رحلة الغردقة', 'رحلة الغردقة', 'رحلة الغردقة', 3, 4, 0, 0, 0, '0', '0', 104, 1, '2016-11-22 09:24:42'),
(17, 'منتجعات العين السخنة', '', 410, 2, 3, 6, 1, '202-1468137872original.jpg', 0, '<p>لاقامة 03 ايام / 02 ليلة بفندق لاسيرينا بيتش  نصف اقامة شاملة (الأفطار+ العشاء) في الغرف الخلفية</p>\\r\\n', '', 'منتجعات العين السخنة فندق ﻻسيرينا بيتش ', '', 0, 0, 0, 0, 0, '0', '0', 104, 1, '2016-11-22 11:50:59'),
(18, 'رحلة شرم الشيخ', 'رحلة شرم الشيخ', 1060, 2, 3, 13, 2, '123-1468141684original.jpg', 0, 'رحلة شرم الشيخ', 'رحلة شرم الشيخ', 'رحلة شرم الشيخ', 'رحلة شرم الشيخ', 3, 4, 0, 0, 0, '0', '0', 104, 1, '2016-11-22 12:13:16'),
(19, 'رحلة راس سدر', 'رحلة راس سدر', 535, 2, 3, 13, 1, '47-1460532349original.jpg', 0, 'رحلة راس سدر', 'رحلة راس سدر', 'رحلات راس سدر- فندق سناواى لاجون', 'رحلة راس سدر', 6, 0, 0, 0, 0, '0', '0', 104, 1, '2016-11-22 12:41:05'),
(20, 'رحلة الجونه', 'رحلة الجونه', 900, 2, 3, 90, 14, '132-1460470932original.jpg', 0, 'رحلة الجونه', 'رحلة الجونه', 'رحلة الجونه', 'رحلة الجونه', 3, 4, 0, 0, 0, '0', '0', 104, 1, '2016-11-22 13:17:21'),
(21, 'برنامج غرقنا', '', 1500, 2, 3, 2, 1, 'caijw_main01_r.jpg', 0, '<p>كل حاجه ممكن تتخيلها</p>\\r\\n', '', 'كل حاجه ممكن تتخيلها', '', 0, 0, 0, 0, 0, '0', '0', 111, 1, '2016-12-01 15:24:46'),
(22, 'برنامج حج و عمرة 1', '', 1200, 2, 1, 28, 0, 'HL_swimmingpool_13_675x359_FitToBoxSmallDimension_Center.jpg', 0, '<p>sss</p>\\r\\n', '', 'sss', '', 0, 0, 0, 0, 0, '0', '0', 104, 1, '2016-12-04 11:47:34'),
(26, 'شرم الشيخ مع الفجر', '', 1245, 2, 3, 0, 0, 'caijw_main01_r4.jpg', 0, '<p>شش</p>\\r\\n', '', 'شش', '', 0, 0, 0, 0, 0, '0', '0', 117, 1, '2016-12-17 12:12:15'),
(30, 'برنامج شرم الشيخ', 'sharm program', 2000, 2, 2, 72, 7, 's_106769_437388863.jpg', 0, 'برنامج شرم الشيخ', 'sharm program', 'برنامج شرم الشيخ', 'sharm program', 9, 0, 0, 0, 0, '0', '0', 0, 1, '2017-03-13 10:19:23'),
(31, 'رحلة دريم بارم ', 'dream park', 250, 2, 2, 15, 3, 's_748457_13-04-11_09-14-24am_483774633-1.jpg', 0, 'رحلة دريم بارم ', 'dream park', 'رحلة دريم بارم ', 'dream park', 14, 0, 0, 0, 0, '0', '0', 0, 1, '2017-03-13 10:21:10'),
(33, 'عمرة رجب و شعبان  الفاخرة', 'عمرة رجب و شعبان  الفاخرة', 16000, 2, 4, 108, 0, 's_275396_Hyatt-Regency-Makkah-P019-King-Bedroom-with-View_gallery-2-3-item-panel3.jpg', 9, 'انضم لعملاء ناشيونال ايجيبت للسياحه المميزون واحجز عمره رجب وشعبان\r\nخدمات لم يسبق لها مثيل في السوق المصري وتشمل:\r\n١-السفر من صاله كبار الزوار بمطار القاهره\r\n٢- إشراف ديني واداري مميز طوال الرحله\r\n٣- خدمه نقل الحقائب والوزن الجماعي للمجموعات\r\n٤- وجبات ساخنه وعصائر ومشروبات خلال جميع التنقلات الداخليه\r\n٥- الانتقالات الداخليه باتوبيسات حديثه مكيفه ٢٠١٧ مع وجود خدمه الواي فاي في الأتوبيسات\r\n٦- هدايا قيمه ومميزه لجميع المعتمرين\r\n٧- شرح كامل لمزارات المدينه بصحبه الإشراف الديني\r\n٨- مزارات مدينه جده ومولاتها قبل العوده بيوم للتسوق\r\n٩- خدمات كبار السن ومتحدي الإعاقة\r\nربما لا نكون الأرخص لكننا بالتاكيد افضل اختياراتك لاننا ............ نعرف_ماتستحق', 'انضم لعملاء ناشيونال ايجيبت للسياحه المميزون واحجز عمره رجب وشعبان\r\nخدمات لم يسبق لها مثيل في السوق المصري وتشمل:\r\n١-السفر من صاله كبار الزوار بمطار القاهره\r\n٢- إشراف ديني واداري مميز طوال الرحله\r\n٣- خدمه نقل الحقائب والوزن الجماعي للمجموعات\r\n٤- وجبات ساخ', 'افضل عروض عمرة رجب و شعبان', 'افضل عروض عمرة رجب و شعبان', 6, 10, 0, 0, 5, '0', '0', 0, 1, '2017-04-01 13:47:16'),
(35, 'عمرة رجب وشعبان المميزة', 'عمرة رجب وشعبان المميزة', 14800, 2, 4, 0, 0, 's_240611_1479408159-794104.jpg', 9, 'انضم لعملاء ناشيونال ايجيبت للسياحه المميزون واحجز عمره رجب وشعبان\r\nخدمات لم يسبق لها مثيل في السوق المصري وتشمل:\r\n١-السفر من صاله كبار الزوار بمطار القاهره\r\n٢- إشراف ديني واداري مميز طوال الرحله\r\n٣- خدمه نقل الحقائب والوزن الجماعي للمجموعات\r\n٤- وجبات ساخنه وعصائر ومشروبات خلال جميع التنقلات الداخليه\r\n٥- الانتقالات الداخليه باتوبيسات حديثه مكيفه ٢٠١٧ مع وجود خدمه الواي فاي في الأتوبيسات\r\n٦- هدايا قيمه ومميزه لجميع المعتمرين\r\n٧- شرح كامل لمزارات المدينه بصحبه الإشراف الديني\r\n٨- مزارات مدينه جده ومولاتها قبل العوده بيوم للتسوق\r\n٩- خدمات كبار السن ومتحدي الإعاقة\r\nربما لا نكون الأرخص لكننا بالتاكيد افضل اختياراتك لاننا ............ نعرف_ماتستحق', 'انضم لعملاء ناشيونال ايجيبت للسياحه المميزون واحجز عمره رجب وشعبان\r\nخدمات لم يسبق لها مثيل في السوق المصري وتشمل:\r\n١-السفر من صاله كبار الزوار بمطار القاهره\r\n٢- إشراف ديني واداري مميز طوال الرحله\r\n٣- خدمه نقل الحقائب والوزن الجماعي للمجموعات\r\n٤- وجبات ساخ', 'افضل عروض عمرة رجب و شعبان', 'افضل عروض عمرة رجب و شعبان', 6, 10, 0, 0, 5, '0', '0', 0, 1, '2017-04-02 10:41:20'),
(40, 'عمرة رجب و شعبان 5 نجوم أ', 'عمرة رجب و شعبان 5نجوم أ', 13400, 2, 4, 1, 0, 's_918796_27778172.jpg', 9, 'انضم لعملاء ناشيونال ايجيبت للسياحه المميزون واحجز عمره رجب وشعبان\r\nخدمات لم يسبق لها مثيل في السوق المصري وتشمل:\r\n١-السفر من صاله كبار الزوار بمطار القاهره\r\n٢- إشراف ديني واداري مميز طوال الرحله\r\n٣- خدمه نقل الحقائب والوزن الجماعي للمجموعات\r\n٤- وجبات ساخنه وعصائر ومشروبات خلال جميع التنقلات الداخليه\r\n٥- الانتقالات الداخليه باتوبيسات حديثه مكيفه ٢٠١٧ مع وجود خدمه الواي فاي في الأتوبيسات\r\n٦- هدايا قيمه ومميزه لجميع المعتمرين\r\n٧- شرح كامل لمزارات المدينه بصحبه الإشراف الديني\r\n٨- مزارات مدينه جده ومولاتها قبل العوده بيوم للتسوق\r\n٩- خدمات كبار السن ومتحدي الإعاقة\r\nربما لا نكون الأرخص لكننا بالتاكيد افضل اختياراتك لاننا ............ نعرف_ماتستحق', 'انضم لعملاء ناشيونال ايجيبت للسياحه المميزون واحجز عمره رجب وشعبان\r\nخدمات لم يسبق لها مثيل في السوق المصري وتشمل:\r\n١-السفر من صاله كبار الزوار بمطار القاهره\r\n٢- إشراف ديني واداري مميز طوال الرحله\r\n٣- خدمه نقل الحقائب والوزن الجماعي للمجموعات\r\n٤- وجبات ساخ', 'افضل عروض عمرة رجب و شعبان', 'افضل عروض عمرة رجب و شعبان', 6, 10, 0, 0, 5, '0', '0', 0, 1, '2017-04-02 11:10:25'),
(41, 'عمرة رجب و شعبان5 نجوم ب', 'عمرة رجب وشعبان 5نجوم ب', 12500, 2, 5, 0, 0, 's_902505_292d5dd7-6cff-4424-8fa5-d737f0160a49.jpg', 9, 'انضم لعملاء ناشيونال ايجيبت للسياحه المميزون واحجز عمره رجب وشعبان\r\nخدمات لم يسبق لها مثيل في السوق المصري وتشمل:\r\n١-السفر من صاله كبار الزوار بمطار القاهره\r\n٢- إشراف ديني واداري مميز طوال الرحله\r\n٣- خدمه نقل الحقائب والوزن الجماعي للمجموعات\r\n٤- وجبات ساخنه وعصائر ومشروبات خلال جميع التنقلات الداخليه\r\n٥- الانتقالات الداخليه باتوبيسات حديثه مكيفه ٢٠١٧ مع وجود خدمه الواي فاي في الأتوبيسات\r\n٦- هدايا قيمه ومميزه لجميع المعتمرين\r\n٧- شرح كامل لمزارات المدينه بصحبه الإشراف الديني\r\n٨- مزارات مدينه جده ومولاتها قبل العوده بيوم للتسوق\r\n٩- خدمات كبار السن ومتحدي الإعاقة\r\nربما لا نكون الأرخص لكننا بالتاكيد افضل اختياراتك لاننا ............ نعرف_ماتستحق', 'انضم لعملاء ناشيونال ايجيبت للسياحه المميزون واحجز عمره رجب وشعبان\r\nخدمات لم يسبق لها مثيل في السوق المصري وتشمل:\r\n١-السفر من صاله كبار الزوار بمطار القاهره\r\n٢- إشراف ديني واداري مميز طوال الرحله\r\n٣- خدمه نقل الحقائب والوزن الجماعي للمجموعات\r\n٤- وجبات ساخ', 'افضل عروض عمرة رجب و شعبان', 'افضل عروض عمرة رجب و شعبان', 6, 10, 0, 0, 5, '0', '0', 0, 1, '2017-04-02 11:23:38'),
(42, 'عمرة رجب و شعبان5 نجوم فاخر', 'عمرة رجب وشعبان 5نجوم فاخر', 13400, 2, 7, 0, 0, 's_690734_hqdefault.jpg', 9, 'انضم لعملاء ناشيونال ايجيبت للسياحه المميزون واحجز عمره رجب وشعبان\r\nخدمات لم يسبق لها مثيل في السوق المصري وتشمل:\r\n١-السفر من صاله كبار الزوار بمطار القاهره\r\n٢- إشراف ديني واداري مميز طوال الرحله\r\n٣- خدمه نقل الحقائب والوزن الجماعي للمجموعات\r\n٤- وجبات ساخنه وعصائر ومشروبات خلال جميع التنقلات الداخليه\r\n٥- الانتقالات الداخليه باتوبيسات حديثه مكيفه ٢٠١٧ مع وجود خدمه الواي فاي في الأتوبيسات\r\n٦- هدايا قيمه ومميزه لجميع المعتمرين\r\n٧- شرح كامل لمزارات المدينه بصحبه الإشراف الديني\r\n٨- مزارات مدينه جده ومولاتها قبل العوده بيوم للتسوق\r\n٩- خدمات كبار السن ومتحدي الإعاقة\r\nربما لا نكون الأرخص لكننا بالتاكيد افضل اختياراتك لاننا ............ نعرف_ماتستحق', 'انضم لعملاء ناشيونال ايجيبت للسياحه المميزون واحجز عمره رجب وشعبان\r\nخدمات لم يسبق لها مثيل في السوق المصري وتشمل:\r\n١-السفر من صاله كبار الزوار بمطار القاهره\r\n٢- إشراف ديني واداري مميز طوال الرحله\r\n٣- خدمه نقل الحقائب والوزن الجماعي للمجموعات\r\n٤- وجبات ساخ', 'افضل عروض عمرة رجب و شعبان', 'افضل عروض عمرة رجب و شعبان', 6, 10, 0, 0, 5, '0', '0', 0, 1, '2017-04-02 11:42:39'),
(43, ' عمرة رجب و شعبان 5 نجوم 10 ايام', 'عمرة رجب و شعبان 5 نجوم 10 ايام', 12750, 2, 8, 1, 1, 's_727837_Hyatt-Regency-Makkah-P007-Tea-Lounge-Sitting-Area_gallery-2-3-item-panel.jpg', 9, 'انضم لعملاء ناشيونال ايجيبت للسياحه المميزون واحجز عمره رجب وشعبان\r\nخدمات لم يسبق لها مثيل في السوق المصري وتشمل:\r\n١-السفر من صاله كبار الزوار بمطار القاهره\r\n٢- إشراف ديني واداري مميز طوال الرحله\r\n٣- خدمه نقل الحقائب والوزن الجماعي للمجموعات\r\n٤- وجبات ساخنه وعصائر ومشروبات خلال جميع التنقلات الداخليه\r\n٥- الانتقالات الداخليه باتوبيسات حديثه مكيفه ٢٠١٧ مع وجود خدمه الواي فاي في الأتوبيسات\r\n٦- هدايا قيمه ومميزه لجميع المعتمرين\r\n٧- شرح كامل لمزارات المدينه بصحبه الإشراف الديني\r\n٨- مزارات مدينه جده ومولاتها قبل العوده بيوم للتسوق\r\n٩- خدمات كبار السن ومتحدي الإعاقة\r\nربما لا نكون الأرخص لكننا بالتاكيد افضل اختياراتك لاننا ............ نعرف_ماتستحق', 'انضم لعملاء ناشيونال ايجيبت للسياحه المميزون واحجز عمره رجب وشعبان\r\nخدمات لم يسبق لها مثيل في السوق المصري وتشمل:\r\n١-السفر من صاله كبار الزوار بمطار القاهره\r\n٢- إشراف ديني واداري مميز طوال الرحله\r\n٣- خدمه نقل الحقائب والوزن الجماعي للمجموعات\r\n٤- وجبات ساخ', 'افضل عروض عمرة رجب و شعبان', 'افضل عروض عمرة رجب و شعبان', 6, 10, 0, 0, 5, '0', '0', 0, 1, '2017-04-02 12:04:05'),
(44, 'عمرة رجب و شعبان 5 نجوم', 'عمرة رجب وشعبان 5نجوم', 12400, 2, 9, 74, 34, 's_889744_53502914.jpg', 9, 'انضم لعملاء ناشيونال ايجيبت للسياحه المميزون واحجز عمره رجب وشعبان\r\nخدمات لم يسبق لها مثيل في السوق المصري وتشمل:\r\n١-السفر من صاله كبار الزوار بمطار القاهره\r\n٢- إشراف ديني واداري مميز طوال الرحله\r\n٣- خدمه نقل الحقائب والوزن الجماعي للمجموعات\r\n٤- وجبات ساخنه وعصائر ومشروبات خلال جميع التنقلات الداخليه\r\n٥- الانتقالات الداخليه باتوبيسات حديثه مكيفه ٢٠١٧ مع وجود خدمه الواي فاي في الأتوبيسات\r\n٦- هدايا قيمه ومميزه لجميع المعتمرين\r\n٧- شرح كامل لمزارات المدينه بصحبه الإشراف الديني\r\n٨- مزارات مدينه جده ومولاتها قبل العوده بيوم للتسوق\r\n٩- خدمات كبار السن ومتحدي الإعاقة\r\nربما لا نكون الأرخص لكننا بالتاكيد افضل اختياراتك لاننا ............ نعرف_ماتستحق', 'انضم لعملاء ناشيونال ايجيبت للسياحه المميزون واحجز عمره رجب وشعبان\r\nخدمات لم يسبق لها مثيل في السوق المصري وتشمل:\r\n١-السفر من صاله كبار الزوار بمطار القاهره\r\n٢- إشراف ديني واداري مميز طوال الرحله\r\n٣- خدمه نقل الحقائب والوزن الجماعي للمجموعات\r\n٤- وجبات ساخ', 'افضل عروض عمرة رجب و شعبان', 'افضل عروض عمرة رجب و شعبان', 6, 10, 0, 0, 5, '0', '0', 0, 1, '2017-04-02 12:10:02'),
(45, 'عمرة رجب و شعبان', 'عمرة رجب وشعبان', 12200, 2, 10, 0, 0, 's_43244_68828431.jpg', 9, 'انضم لعملاء ناشيونال ايجيبت للسياحه المميزون واحجز عمره رجب وشعبان\r\nخدمات لم يسبق لها مثيل في السوق المصري وتشمل:\r\n١-السفر من صاله كبار الزوار بمطار القاهره\r\n٢- إشراف ديني واداري مميز طوال الرحله\r\n٣- خدمه نقل الحقائب والوزن الجماعي للمجموعات\r\n٤- وجبات ساخنه وعصائر ومشروبات خلال جميع التنقلات الداخليه\r\n٥- الانتقالات الداخليه باتوبيسات حديثه مكيفه ٢٠١٧ مع وجود خدمه الواي فاي في الأتوبيسات\r\n٦- هدايا قيمه ومميزه لجميع المعتمرين\r\n٧- شرح كامل لمزارات المدينه بصحبه الإشراف الديني\r\n٨- مزارات مدينه جده ومولاتها قبل العوده بيوم للتسوق\r\n٩- خدمات كبار السن ومتحدي الإعاقة\r\nربما لا نكون الأرخص لكننا بالتاكيد افضل اختياراتك لاننا ............ نعرف_ماتستحق', 'انضم لعملاء ناشيونال ايجيبت للسياحه المميزون واحجز عمره رجب وشعبان\r\nخدمات لم يسبق لها مثيل في السوق المصري وتشمل:\r\n١-السفر من صاله كبار الزوار بمطار القاهره\r\n٢- إشراف ديني واداري مميز طوال الرحله\r\n٣- خدمه نقل الحقائب والوزن الجماعي للمجموعات\r\n٤- وجبات ساخ', 'افضل عروض عمرة رجب و شعبان', 'افضل عروض عمرة رجب و شعبان', 6, 10, 0, 0, 5, '200', '150', 0, 1, '2017-04-02 12:16:17'),
(46, 'عمرة رجب و شعبان', 'عمرة رجب و شعبان أ', 11500, 2, 11, 181, 3, 's_312423_569252391.jpg', 9, 'انضم لعملاء ناشيونال ايجيبت للسياحه المميزون واحجز عمره رجب وشعبان\r\nخدمات لم يسبق لها مثيل في السوق المصري وتشمل:\r\n١-السفر من صاله كبار الزوار بمطار القاهره\r\n٢- إشراف ديني واداري مميز طوال الرحله\r\n٣- خدمه نقل الحقائب والوزن الجماعي للمجموعات\r\n٤- وجبات ساخنه وعصائر ومشروبات خلال جميع التنقلات الداخليه\r\n٥- الانتقالات الداخليه باتوبيسات حديثه مكيفه ٢٠١٧ مع وجود خدمه الواي فاي في الأتوبيسات\r\n٦- هدايا قيمه ومميزه لجميع المعتمرين\r\n٧- شرح كامل لمزارات المدينه بصحبه الإشراف الديني\r\n٨- مزارات مدينه جده ومولاتها قبل العوده بيوم للتسوق\r\n٩- خدمات كبار السن ومتحدي الإعاقة\r\nربما لا نكون الأرخص لكننا بالتاكيد افضل اختياراتك لاننا ............ نعرف_ماتستحق', 'انضم لعملاء ناشيونال ايجيبت للسياحه المميزون واحجز عمره رجب وشعبان\r\nخدمات لم يسبق لها مثيل في السوق المصري وتشمل:\r\n١-السفر من صاله كبار الزوار بمطار القاهره\r\n٢- إشراف ديني واداري مميز طوال الرحله\r\n٣- خدمه نقل الحقائب والوزن الجماعي للمجموعات\r\n٤- وجبات ساخ', 'افضل عروض عمرة رجب و شعبان', 'افضل عروض عمرة رجب و شعبان', 6, 10, 0, 0, 5, '0', '0', 0, 1, '2017-04-02 12:20:34'),
(47, 'عمرة رجب و شعبان', 'عمرة رجب و شعبان ب', 11100, 2, 12, 68, 2, 's_879179_68828425.jpg', 9, 'انضم لعملاء ناشيونال ايجيبت للسياحه المميزون واحجز عمره رجب وشعبان\r\nخدمات لم يسبق لها مثيل في السوق المصري وتشمل:\r\n١-السفر من صاله كبار الزوار بمطار القاهره\r\n٢- إشراف ديني واداري مميز طوال الرحله\r\n٣- خدمه نقل الحقائب والوزن الجماعي للمجموعات\r\n٤- وجبات ساخنه وعصائر ومشروبات خلال جميع التنقلات الداخليه\r\n٥- الانتقالات الداخليه باتوبيسات حديثه مكيفه ٢٠١٧ مع وجود خدمه الواي فاي في الأتوبيسات\r\n٦- هدايا قيمه ومميزه لجميع المعتمرين\r\n٧- شرح كامل لمزارات المدينه بصحبه الإشراف الديني\r\n٨- مزارات مدينه جده ومولاتها قبل العوده بيوم للتسوق\r\n٩- خدمات كبار السن ومتحدي الإعاقة\r\nربما لا نكون الأرخص لكننا بالتاكيد افضل اختياراتك لاننا ............ نعرف_ماتستحق', 'انضم لعملاء ناشيونال ايجيبت للسياحه المميزون واحجز عمره رجب وشعبان\r\nخدمات لم يسبق لها مثيل في السوق المصري وتشمل:\r\n١-السفر من صاله كبار الزوار بمطار القاهره\r\n٢- إشراف ديني واداري مميز طوال الرحله\r\n٣- خدمه نقل الحقائب والوزن الجماعي للمجموعات\r\n٤- وجبات ساخ', 'افضل عروض عمرة رجب و شعبان', 'افضل عروض عمرة رجب و شعبان', 6, 10, 0, 0, 5, '200', '100', 0, 1, '2017-04-02 12:26:33'),
(48, 'عمرة رجب و شعبان 4 نجوم', 'عمرة رجب وشعبان 4 نجوم', 10300, 2, 12, 3, 0, 's_935019_maxresdefault.jpg', 9, 'انضم لعملاء ناشيونال ايجيبت للسياحه المميزون واحجز عمره رجب وشعبان\r\nخدمات لم يسبق لها مثيل في السوق المصري وتشمل:\r\n١-السفر من صاله كبار الزوار بمطار القاهره\r\n٢- إشراف ديني واداري مميز طوال الرحله\r\n٣- خدمه نقل الحقائب والوزن الجماعي للمجموعات\r\n٤- وجبات ساخنه وعصائر ومشروبات خلال جميع التنقلات الداخليه\r\n٥- الانتقالات الداخليه باتوبيسات حديثه مكيفه ٢٠١٧ مع وجود خدمه الواي فاي في الأتوبيسات\r\n٦- هدايا قيمه ومميزه لجميع المعتمرين\r\n٧- شرح كامل لمزارات المدينه بصحبه الإشراف الديني\r\n٨- مزارات مدينه جده ومولاتها قبل العوده بيوم للتسوق\r\n٩- خدمات كبار السن ومتحدي الإعاقة\r\nربما لا نكون الأرخص لكننا بالتاكيد افضل اختياراتك لاننا ............ نعرف_ماتستحق', 'انضم لعملاء ناشيونال ايجيبت للسياحه المميزون واحجز عمره رجب وشعبان\r\nخدمات لم يسبق لها مثيل في السوق المصري وتشمل:\r\n١-السفر من صاله كبار الزوار بمطار القاهره\r\n٢- إشراف ديني واداري مميز طوال الرحله\r\n٣- خدمه نقل الحقائب والوزن الجماعي للمجموعات\r\n٤- وجبات ساخ', 'انضم لعملاء ناشيونال ايجيبت للسياحه المميزون واحجز عمره رجب وشعبان خدمات لم يسبق لها مثيل في السوق المصري ', 'انضم لعملاء ناشيونال ايجيبت للسياحه المميزون واحجز عمره رجب وشعبان خدمات لم يسبق لها مثيل في السوق المصري ', 6, 10, 0, 0, 4, '0', '0', 0, 1, '2017-04-02 12:35:06'),
(49, 'عمرة رجب وشعبان 4 نجوم أ', 'عمرة رجب وشعبان 4 نجوم أ', 9650, 2, 1, 7, 14, 's_144561_82897758.jpg', 9, 'انضم لعملاء ناشيونال ايجيبت للسياحه المميزون واحجز عمره رجب وشعبان\r\nخدمات لم يسبق لها مثيل في السوق المصري وتشمل:\r\n١-السفر من صاله كبار الزوار بمطار القاهره\r\n٢- إشراف ديني واداري مميز طوال الرحله\r\n٣- خدمه نقل الحقائب والوزن الجماعي للمجموعات\r\n٤- وجبات ساخنه وعصائر ومشروبات خلال جميع التنقلات الداخليه\r\n٥- الانتقالات الداخليه باتوبيسات حديثه مكيفه ٢٠١٧ مع وجود خدمه الواي فاي في الأتوبيسات\r\n٦- هدايا قيمه ومميزه لجميع المعتمرين\r\n٧- شرح كامل لمزارات المدينه بصحبه الإشراف الديني\r\n٨- مزارات مدينه جده ومولاتها قبل العوده بيوم للتسوق\r\n٩- خدمات كبار السن ومتحدي الإعاقة\r\nربما لا نكون الأرخص لكننا بالتاكيد افضل اختياراتك لاننا ............ نعرف_ماتستحق', 'انضم لعملاء ناشيونال ايجيبت للسياحه المميزون واحجز عمره رجب وشعبان\r\nخدمات لم يسبق لها مثيل في السوق المصري وتشمل:\r\n١-السفر من صاله كبار الزوار بمطار القاهره\r\n٢- إشراف ديني واداري مميز طوال الرحله\r\n٣- خدمه نقل الحقائب والوزن الجماعي للمجموعات\r\n٤- وجبات ساخ', 'انضم لعملاء ناشيونال ايجيبت للسياحه المميزون واحجز عمره رجب وشعبان خدمات لم يسبق لها مثيل في السوق المصري ', 'انضم لعملاء ناشيونال ايجيبت للسياحه المميزون واحجز عمره رجب وشعبان خدمات لم يسبق لها مثيل في السوق المصري ', 6, 10, 0, 0, 5, '0', '0', 0, 1, '2017-04-02 12:39:54'),
(50, 'عمرة اخر شعبان اول رمضان بداية مدينة الفاخرة', ' عمرة اخر شعبان اول رمضان بداية مدينة الفاخرة', 23000, 2, 14, 0, 0, 's_58623_53502903.jpg', 9, 'انضم لعملاء ناشيونال ايجيبت للسياحه المميزون واحجز عمره اخر شعبان اول رمضان\r\nخدمات لم يسبق لها مثيل في السوق المصري وتشمل:\r\n١-السفر من صاله كبار الزوار بمطار القاهره\r\n٢- إشراف ديني واداري مميز طوال الرحله\r\n٣- خدمه نقل الحقائب والوزن الجماعي للمجموعات\r\n٤- وجبات ساخنه وعصائر ومشروبات خلال جميع التنقلات الداخليه\r\n٥- الانتقالات الداخليه باتوبيسات حديثه مكيفه ٢٠١٧ مع وجود خدمه الواي فاي في الأتوبيسات\r\n٦- هدايا قيمه ومميزه لجميع المعتمرين\r\n٧- شرح كامل لمزارات المدينه بصحبه الإشراف الديني\r\n٨- مزارات مدينه جده ومولاتها قبل العوده بيوم للتسوق\r\n٩- خدمات كبار السن ومتحدي الإعاقة\r\nربما لا نكون الأرخص لكننا بالتاكيد افضل اختياراتك لاننا ............ نعرف_ماتستحق', 'انضم لعملاء ناشيونال ايجيبت للسياحه المميزون واحجز عمره اخر شعبان اول رمضان\r\nخدمات لم يسبق لها مثيل في السوق المصري وتشمل:\r\n١-السفر من صاله كبار الزوار بمطار القاهره\r\n٢- إشراف ديني واداري مميز طوال الرحله\r\n٣- خدمه نقل الحقائب والوزن الجماعي للمجموعات\r\n٤- ', ' افضل عروض عمرة اخر شعبان اول رمضان', ' افضل عروض عمرة اخر شعبان اول رمضان', 6, 12, 0, 0, 5, '0', '0', 0, 1, '2017-04-02 12:56:07'),
(51, 'عمرة اخر شعبان اول رمضان بداية مدينة مميزة', 'عمرة اخر شعبان اول رمضان بداية مدينة مميزة', 21450, 2, 15, 0, 0, 's_903406_68313_47_z.jpg', 9, 'انضم لعملاء ناشيونال ايجيبت للسياحه المميزون واحجز عمره اخر شعبان اول رمضان\r\nخدمات لم يسبق لها مثيل في السوق المصري وتشمل:\r\n١-السفر من صاله كبار الزوار بمطار القاهره\r\n٢- إشراف ديني واداري مميز طوال الرحله\r\n٣- خدمه نقل الحقائب والوزن الجماعي للمجموعات\r\n٤- وجبات ساخنه وعصائر ومشروبات خلال جميع التنقلات الداخليه\r\n٥- الانتقالات الداخليه باتوبيسات حديثه مكيفه ٢٠١٧ مع وجود خدمه الواي فاي في الأتوبيسات\r\n٦- هدايا قيمه ومميزه لجميع المعتمرين\r\n٧- شرح كامل لمزارات المدينه بصحبه الإشراف الديني\r\n٨- مزارات مدينه جده ومولاتها قبل العوده بيوم للتسوق\r\n٩- خدمات كبار السن ومتحدي الإعاقة\r\nربما لا نكون الأرخص لكننا بالتاكيد افضل اختياراتك لاننا ............ نعرف_ماتستحق', 'انضم لعملاء ناشيونال ايجيبت للسياحه المميزون واحجز عمره اخر شعبان اول رمضان\r\nخدمات لم يسبق لها مثيل في السوق المصري وتشمل:\r\n١-السفر من صاله كبار الزوار بمطار القاهره\r\n٢- إشراف ديني واداري مميز طوال الرحله\r\n٣- خدمه نقل الحقائب والوزن الجماعي للمجموعات\r\n٤- ', ' افضل عروض عمرة اخر شعبان اول رمضان', ' افضل عروض عمرة اخر شعبان اول رمضان', 6, 12, 0, 0, 5, '0', '0', 0, 1, '2017-04-02 13:07:15'),
(52, 'عمرة اخر شعبان اول رمضان بداية مدينة 5 نجوم', 'عمرة اخر شعبان اول رمضان بداية مدينة 5 نجوم', 20500, 2, 16, 0, 0, 's_497720_564720_29_z.jpg', 9, 'انضم لعملاء ناشيونال ايجيبت للسياحه المميزون واحجز عمره اخر شعبان اول رمضان\r\nخدمات لم يسبق لها مثيل في السوق المصري وتشمل:\r\n١-السفر من صاله كبار الزوار بمطار القاهره\r\n٢- إشراف ديني واداري مميز طوال الرحله\r\n٣- خدمه نقل الحقائب والوزن الجماعي للمجموعات\r\n٤- وجبات ساخنه وعصائر ومشروبات خلال جميع التنقلات الداخليه\r\n٥- الانتقالات الداخليه باتوبيسات حديثه مكيفه ٢٠١٧ مع وجود خدمه الواي فاي في الأتوبيسات\r\n٦- هدايا قيمه ومميزه لجميع المعتمرين\r\n٧- شرح كامل لمزارات المدينه بصحبه الإشراف الديني\r\n٨- مزارات مدينه جده ومولاتها قبل العوده بيوم للتسوق\r\n٩- خدمات كبار السن ومتحدي الإعاقة\r\nربما لا نكون الأرخص لكننا بالتاكيد افضل اختياراتك لاننا ............ نعرف_ماتستحق', 'انضم لعملاء ناشيونال ايجيبت للسياحه المميزون واحجز عمره اخر شعبان اول رمضان\r\nخدمات لم يسبق لها مثيل في السوق المصري وتشمل:\r\n١-السفر من صاله كبار الزوار بمطار القاهره\r\n٢- إشراف ديني واداري مميز طوال الرحله\r\n٣- خدمه نقل الحقائب والوزن الجماعي للمجموعات\r\n٤- ', ' افضل عروض عمرة اخر شعبان اول رمضان', ' افضل عروض عمرة اخر شعبان اول رمضان', 6, 12, 0, 0, 5, '0', '0', 0, 1, '2017-04-02 13:12:32'),
(53, 'عمرة اخر شعبان اول رمضان بداية مدينة 4 نجوم', 'عمرة اخر شعبان اول رمضان بداية مدينة 4 نجوم', 14100, 2, 16, 0, 0, 's_736087_820096611.jpg', 9, 'انضم لعملاء ناشيونال ايجيبت للسياحه المميزون واحجز عمره اخر شعبان اول رمضان\r\nخدمات لم يسبق لها مثيل في السوق المصري وتشمل:\r\n١-السفر من صاله كبار الزوار بمطار القاهره\r\n٢- إشراف ديني واداري مميز طوال الرحله\r\n٣- خدمه نقل الحقائب والوزن الجماعي للمجموعات\r\n٤- وجبات ساخنه وعصائر ومشروبات خلال جميع التنقلات الداخليه\r\n٥- الانتقالات الداخليه باتوبيسات حديثه مكيفه ٢٠١٧ مع وجود خدمه الواي فاي في الأتوبيسات\r\n٦- هدايا قيمه ومميزه لجميع المعتمرين\r\n٧- شرح كامل لمزارات المدينه بصحبه الإشراف الديني\r\n٨- مزارات مدينه جده ومولاتها قبل العوده بيوم للتسوق\r\n٩- خدمات كبار السن ومتحدي الإعاقة\r\nربما لا نكون الأرخص لكننا بالتاكيد افضل اختياراتك لاننا ............ نعرف_ماتستحق', 'انضم لعملاء ناشيونال ايجيبت للسياحه المميزون واحجز عمره اخر شعبان اول رمضان\r\nخدمات لم يسبق لها مثيل في السوق المصري وتشمل:\r\n١-السفر من صاله كبار الزوار بمطار القاهره\r\n٢- إشراف ديني واداري مميز طوال الرحله\r\n٣- خدمه نقل الحقائب والوزن الجماعي للمجموعات\r\n٤- ', 'افضل عروض عمرة اخر شعبان اول رمضان', 'افضل عروض عمرة اخر شعبان اول رمضان', 6, 12, 0, 0, 4, '0', '0', 0, 1, '2017-04-02 13:17:56'),
(54, 'عمرة اخر شعبان اول رمضان بداية مكة الفاخرة', 'عمرة اخر شعبان اول رمضان بداية مكة الفاخرة', 16400, 2, 17, 0, 0, 's_339292_hyatt-regency-makkah1.jpg', 9, 'انضم لعملاء ناشيونال ايجيبت للسياحه المميزون واحجز عمره اخر شعبان اول رمضان\r\nخدمات لم يسبق لها مثيل في السوق المصري وتشمل:\r\n١-السفر من صاله كبار الزوار بمطار القاهره\r\n٢- إشراف ديني واداري مميز طوال الرحله\r\n٣- خدمه نقل الحقائب والوزن الجماعي للمجموعات\r\n٤- وجبات ساخنه وعصائر ومشروبات خلال جميع التنقلات الداخليه\r\n٥- الانتقالات الداخليه باتوبيسات حديثه مكيفه ٢٠١٧ مع وجود خدمه الواي فاي في الأتوبيسات\r\n٦- هدايا قيمه ومميزه لجميع المعتمرين\r\n٧- شرح كامل لمزارات المدينه بصحبه الإشراف الديني\r\n٨- مزارات مدينه جده ومولاتها قبل العوده بيوم للتسوق\r\n٩- خدمات كبار السن ومتحدي الإعاقة\r\nربما لا نكون الأرخص لكننا بالتاكيد افضل اختياراتك لاننا ............ نعرف_ماتستحق', 'انضم لعملاء ناشيونال ايجيبت للسياحه المميزون واحجز عمره اخر شعبان اول رمضان\r\nخدمات لم يسبق لها مثيل في السوق المصري وتشمل:\r\n١-السفر من صاله كبار الزوار بمطار القاهره\r\n٢- إشراف ديني واداري مميز طوال الرحله\r\n٣- خدمه نقل الحقائب والوزن الجماعي للمجموعات\r\n٤- ', 'افضل عروض عمرة اخر شعبان اول رمضان', 'افضل عروض عمرة اخر شعبان اول رمضان', 6, 12, 0, 0, 5, '0', '0', 0, 1, '2017-04-02 13:22:06'),
(55, 'عمرة اخر شعبان اول رمضان بداية مكة مميزة', 'عمرة اخر شعبان اول رمضان بداية مكة مميزة', 15000, 2, 17, 0, 0, 's_13288_15_-Resturant-1.jpg', 9, 'انضم لعملاء ناشيونال ايجيبت للسياحه المميزون واحجز عمره اخر شعبان اول رمضان\r\nخدمات لم يسبق لها مثيل في السوق المصري وتشمل:\r\n١-السفر من صاله كبار الزوار بمطار القاهره\r\n٢- إشراف ديني واداري مميز طوال الرحله\r\n٣- خدمه نقل الحقائب والوزن الجماعي للمجموعات\r\n٤- وجبات ساخنه وعصائر ومشروبات خلال جميع التنقلات الداخليه\r\n٥- الانتقالات الداخليه باتوبيسات حديثه مكيفه ٢٠١٧ مع وجود خدمه الواي فاي في الأتوبيسات\r\n٦- هدايا قيمه ومميزه لجميع المعتمرين\r\n٧- شرح كامل لمزارات المدينه بصحبه الإشراف الديني\r\n٨- مزارات مدينه جده ومولاتها قبل العوده بيوم للتسوق\r\n٩- خدمات كبار السن ومتحدي الإعاقة\r\nربما لا نكون الأرخص لكننا بالتاكيد افضل اختياراتك لاننا ............ نعرف_ماتستحق', 'انضم لعملاء ناشيونال ايجيبت للسياحه المميزون واحجز عمره اخر شعبان اول رمضان\r\nخدمات لم يسبق لها مثيل في السوق المصري وتشمل:\r\n١-السفر من صاله كبار الزوار بمطار القاهره\r\n٢- إشراف ديني واداري مميز طوال الرحله\r\n٣- خدمه نقل الحقائب والوزن الجماعي للمجموعات\r\n٤- ', 'افضل عروض عمرة اخر شعبان اول رمضان', 'افضل عروض عمرة اخر شعبان اول رمضان', 6, 12, 0, 0, 5, '0', '0', 0, 1, '2017-04-02 13:26:56'),
(56, 'عمرة اخر شعبان اول رمضان بداية مكة 5نجوم', 'عمرة اخر شعبان اول رمضان بداية مكة 5نجوم', 14700, 2, 18, 0, 0, 's_139247_9832257_6_z.jpg', 9, 'انضم لعملاء ناشيونال ايجيبت للسياحه المميزون واحجز عمره اخر شعبان اول رمضان\r\nخدمات لم يسبق لها مثيل في السوق المصري وتشمل:\r\n١-السفر من صاله كبار الزوار بمطار القاهره\r\n٢- إشراف ديني واداري مميز طوال الرحله\r\n٣- خدمه نقل الحقائب والوزن الجماعي للمجموعات\r\n٤- وجبات ساخنه وعصائر ومشروبات خلال جميع التنقلات الداخليه\r\n٥- الانتقالات الداخليه باتوبيسات حديثه مكيفه ٢٠١٧ مع وجود خدمه الواي فاي في الأتوبيسات\r\n٦- هدايا قيمه ومميزه لجميع المعتمرين\r\n٧- شرح كامل لمزارات المدينه بصحبه الإشراف الديني\r\n٨- مزارات مدينه جده ومولاتها قبل العوده بيوم للتسوق\r\n٩- خدمات كبار السن ومتحدي الإعاقة\r\nربما لا نكون الأرخص لكننا بالتاكيد افضل اختياراتك لاننا ............ نعرف_ماتستحق', 'انضم لعملاء ناشيونال ايجيبت للسياحه المميزون واحجز عمره اخر شعبان اول رمضان\r\nخدمات لم يسبق لها مثيل في السوق المصري وتشمل:\r\n١-السفر من صاله كبار الزوار بمطار القاهره\r\n٢- إشراف ديني واداري مميز طوال الرحله\r\n٣- خدمه نقل الحقائب والوزن الجماعي للمجموعات\r\n٤- ', 'افضل عروض عمرة اخر شعبان اول رمضان', 'افضل عروض عمرة اخر شعبان اول رمضان', 6, 12, 0, 0, 4, '0', '0', 0, 1, '2017-04-02 13:31:45'),
(57, 'عمرة اخر شعبان اول رمضان بداية مكة 4نجوم', 'عمرة اخر شعبان اول رمضان بداية مكة 4نجوم', 13850, 2, 18, 0, 0, 's_283617_29141042.jpg', 9, 'انضم لعملاء ناشيونال ايجيبت للسياحه المميزون واحجز عمره اخر شعبان اول رمضان\r\nخدمات لم يسبق لها مثيل في السوق المصري وتشمل:\r\n١-السفر من صاله كبار الزوار بمطار القاهره\r\n٢- إشراف ديني واداري مميز طوال الرحله\r\n٣- خدمه نقل الحقائب والوزن الجماعي للمجموعات\r\n٤- وجبات ساخنه وعصائر ومشروبات خلال جميع التنقلات الداخليه\r\n٥- الانتقالات الداخليه باتوبيسات حديثه مكيفه ٢٠١٧ مع وجود خدمه الواي فاي في الأتوبيسات\r\n٦- هدايا قيمه ومميزه لجميع المعتمرين\r\n٧- شرح كامل لمزارات المدينه بصحبه الإشراف الديني\r\n٨- مزارات مدينه جده ومولاتها قبل العوده بيوم للتسوق\r\n٩- خدمات كبار السن ومتحدي الإعاقة\r\nربما لا نكون الأرخص لكننا بالتاكيد افضل اختياراتك لاننا ............ نعرف_ماتستحق', 'انضم لعملاء ناشيونال ايجيبت للسياحه المميزون واحجز عمره اخر شعبان اول رمضان\r\nخدمات لم يسبق لها مثيل في السوق المصري وتشمل:\r\n١-السفر من صاله كبار الزوار بمطار القاهره\r\n٢- إشراف ديني واداري مميز طوال الرحله\r\n٣- خدمه نقل الحقائب والوزن الجماعي للمجموعات\r\n٤- ', 'افضل عروض عمرة اخر شعبان اول رمضان', 'افضل عروض عمرة اخر شعبان اول رمضان', 6, 12, 0, 0, 4, '0', '0', 0, 1, '2017-04-02 13:37:26'),
(58, 'عمرة اول رمضان الفاخرة', 'عمرة اول رمضان الفاخرة', 23950, 2, 19, 0, 0, 's_751164_Hyatt-Regency-Makkah-P019-King-Bedroom-with-View_gallery-2-3-item-panel_(1).jpg', 9, 'انضم لعملاء ناشيونال ايجيبت للسياحه المميزون واحجز عمره اول رمضان\r\nخدمات لم يسبق لها مثيل في السوق المصري وتشمل:\r\n١-السفر من صاله كبار الزوار بمطار القاهره\r\n٢- إشراف ديني واداري مميز طوال الرحله\r\n٣- خدمه نقل الحقائب والوزن الجماعي للمجموعات\r\n٤- وجبات ساخنه وعصائر ومشروبات خلال جميع التنقلات الداخليه\r\n٥- الانتقالات الداخليه باتوبيسات حديثه مكيفه ٢٠١٧ مع وجود خدمه الواي فاي في الأتوبيسات\r\n٦- هدايا قيمه ومميزه لجميع المعتمرين\r\n٧- شرح كامل لمزارات المدينه بصحبه الإشراف الديني\r\n٨- مزارات مدينه جده ومولاتها قبل العوده بيوم للتسوق\r\n٩- خدمات كبار السن ومتحدي الإعاقة\r\nربما لا نكون الأرخص لكننا بالتاكيد افضل اختياراتك لاننا ............ نعرف_ماتستحق', 'انضم لعملاء ناشيونال ايجيبت للسياحه المميزون واحجز عمره اول رمضان\r\nخدمات لم يسبق لها مثيل في السوق المصري وتشمل:\r\n١-السفر من صاله كبار الزوار بمطار القاهره\r\n٢- إشراف ديني واداري مميز طوال الرحله\r\n٣- خدمه نقل الحقائب والوزن الجماعي للمجموعات\r\n٤- وجبات ساخن', 'افضل عروض عمرة اول رمضان', 'افضل عروض عمرة اول رمضان', 6, 13, 0, 0, 5, '0', '0', 0, 1, '2017-04-02 13:42:35'),
(59, ' عمرة اول رمضان المميزة', 'عمرة اول رمضان المميزة', 23000, 2, 20, 0, 0, 's_745914_68828337.jpg', 9, 'انضم لعملاء ناشيونال ايجيبت للسياحه المميزون واحجز عمره اول رمضان\r\nخدمات لم يسبق لها مثيل في السوق المصري وتشمل:\r\n١-السفر من صاله كبار الزوار بمطار القاهره\r\n٢- إشراف ديني واداري مميز طوال الرحله\r\n٣- خدمه نقل الحقائب والوزن الجماعي للمجموعات\r\n٤- وجبات ساخنه وعصائر ومشروبات خلال جميع التنقلات الداخليه\r\n٥- الانتقالات الداخليه باتوبيسات حديثه مكيفه ٢٠١٧ مع وجود خدمه الواي فاي في الأتوبيسات\r\n٦- هدايا قيمه ومميزه لجميع المعتمرين\r\n٧- شرح كامل لمزارات المدينه بصحبه الإشراف الديني\r\n٨- مزارات مدينه جده ومولاتها قبل العوده بيوم للتسوق\r\n٩- خدمات كبار السن ومتحدي الإعاقة\r\nربما لا نكون الأرخص لكننا بالتاكيد افضل اختياراتك لاننا ............ نعرف_ماتستحق', 'انضم لعملاء ناشيونال ايجيبت للسياحه المميزون واحجز عمره اول رمضان\r\nخدمات لم يسبق لها مثيل في السوق المصري وتشمل:\r\n١-السفر من صاله كبار الزوار بمطار القاهره\r\n٢- إشراف ديني واداري مميز طوال الرحله\r\n٣- خدمه نقل الحقائب والوزن الجماعي للمجموعات\r\n٤- وجبات ساخن', 'افضل عروض عمرة اول رمضان', 'افضل عروض عمرة اول رمضان', 6, 13, 0, 0, 5, '0', '0', 0, 1, '2017-04-02 13:47:00'),
(60, 'عمرة اول رمضان 5نجوم', 'عمرة اول رمضان 5نجوم', 22500, 2, 14, 0, 0, 's_25398_569252392.jpg', 9, 'انضم لعملاء ناشيونال ايجيبت للسياحه المميزون واحجز عمره اول رمضان\r\nخدمات لم يسبق لها مثيل في السوق المصري وتشمل:\r\n١-السفر من صاله كبار الزوار بمطار القاهره\r\n٢- إشراف ديني واداري مميز طوال الرحله\r\n٣- خدمه نقل الحقائب والوزن الجماعي للمجموعات\r\n٤- وجبات ساخنه وعصائر ومشروبات خلال جميع التنقلات الداخليه\r\n٥- الانتقالات الداخليه باتوبيسات حديثه مكيفه ٢٠١٧ مع وجود خدمه الواي فاي في الأتوبيسات\r\n٦- هدايا قيمه ومميزه لجميع المعتمرين\r\n٧- شرح كامل لمزارات المدينه بصحبه الإشراف الديني\r\n٨- مزارات مدينه جده ومولاتها قبل العوده بيوم للتسوق\r\n٩- خدمات كبار السن ومتحدي الإعاقة\r\nربما لا نكون الأرخص لكننا بالتاكيد افضل اختياراتك لاننا ............ نعرف_ماتستحق', 'انضم لعملاء ناشيونال ايجيبت للسياحه المميزون واحجز عمره اول رمضان\r\nخدمات لم يسبق لها مثيل في السوق المصري وتشمل:\r\n١-السفر من صاله كبار الزوار بمطار القاهره\r\n٢- إشراف ديني واداري مميز طوال الرحله\r\n٣- خدمه نقل الحقائب والوزن الجماعي للمجموعات\r\n٤- وجبات ساخن', 'افضل عروض عمرة اول رمضان', 'افضل عروض عمرة اول رمضان', 6, 13, 0, 0, 5, '0', '0', 0, 1, '2017-04-02 13:52:41'),
(61, 'عمرة اول رمضان 4 نجوم', 'عمرة اول رمضان 4 نجوم', 15600, 2, 21, 0, 0, 's_329504_Ramada_Dar_Al_Faazin_12.jpg', 9, 'انضم لعملاء ناشيونال ايجيبت للسياحه المميزون واحجز عمره اول رمضان\r\nخدمات لم يسبق لها مثيل في السوق المصري وتشمل:\r\n١-السفر من صاله كبار الزوار بمطار القاهره\r\n٢- إشراف ديني واداري مميز طوال الرحله\r\n٣- خدمه نقل الحقائب والوزن الجماعي للمجموعات\r\n٤- وجبات ساخنه وعصائر ومشروبات خلال جميع التنقلات الداخليه\r\n٥- الانتقالات الداخليه باتوبيسات حديثه مكيفه ٢٠١٧ مع وجود خدمه الواي فاي في الأتوبيسات\r\n٦- هدايا قيمه ومميزه لجميع المعتمرين\r\n٧- شرح كامل لمزارات المدينه بصحبه الإشراف الديني\r\n٨- مزارات مدينه جده ومولاتها قبل العوده بيوم للتسوق\r\n٩- خدمات كبار السن ومتحدي الإعاقة\r\nربما لا نكون الأرخص لكننا بالتاكيد افضل اختياراتك لاننا ............ نعرف_ماتستحق', 'انضم لعملاء ناشيونال ايجيبت للسياحه المميزون واحجز عمره اول رمضان\r\nخدمات لم يسبق لها مثيل في السوق المصري وتشمل:\r\n١-السفر من صاله كبار الزوار بمطار القاهره\r\n٢- إشراف ديني واداري مميز طوال الرحله\r\n٣- خدمه نقل الحقائب والوزن الجماعي للمجموعات\r\n٤- وجبات ساخن', 'افضل عروض عمرة اول رمضان', 'افضل عروض عمرة اول رمضان', 6, 13, 0, 0, 4, '0', '0', 0, 1, '2017-04-02 13:57:21'),
(62, 'عمرة رمضان ختام المدينة الفاخرة', 'عمرة رمضان ختام المدينة الفاخرة', 35800, 2, 29, 0, 0, 's_471568_68828344.jpg', 16, 'انضم لعملاء ناشيونال ايجيبت للسياحه المميزون واحجز عمره رمضان\r\nخدمات لم يسبق لها مثيل في السوق المصري وتشمل:\r\n١-السفر من صاله كبار الزوار بمطار القاهره\r\n٢- إشراف ديني واداري مميز طوال الرحله\r\n٣- خدمه نقل الحقائب والوزن الجماعي للمجموعات\r\n٤- وجبات ساخنه وعصائر ومشروبات خلال جميع التنقلات الداخليه\r\n٥- الانتقالات الداخليه باتوبيسات حديثه مكيفه ٢٠١٧ مع وجود خدمه الواي فاي في الأتوبيسات\r\n٦- هدايا قيمه ومميزه لجميع المعتمرين\r\n٧- شرح كامل لمزارات المدينه بصحبه الإشراف الديني\r\n٨- مزارات مدينه جده ومولاتها قبل العوده بيوم للتسوق\r\n٩- خدمات كبار السن ومتحدي الإعاقة\r\nربما لا نكون الأرخص لكننا بالتاكيد افضل اختياراتك لاننا ............ نعرف_ماتستحق', 'انضم لعملاء ناشيونال ايجيبت للسياحه المميزون واحجز عمره رمضان\r\nخدمات لم يسبق لها مثيل في السوق المصري وتشمل:\r\n١-السفر من صاله كبار الزوار بمطار القاهره\r\n٢- إشراف ديني واداري مميز طوال الرحله\r\n٣- خدمه نقل الحقائب والوزن الجماعي للمجموعات\r\n٤- وجبات ساخنه وع', 'افضل عروض عمرة رمضان', 'افضل عروض عمرة رمضان', 6, 16, 0, 0, 5, '0', '0', 0, 1, '2017-04-02 15:01:53'),
(63, 'عمرة رمضان ختام المدينة المميزة', 'عمرة رمضان ختام المدينة المميزة', 28000, 2, 23, 0, 0, 's_202757_Duble_Room_1.jpg', 16, 'انضم لعملاء ناشيونال ايجيبت للسياحه المميزون واحجز عمره رجب وشعبان\r\nخدمات لم يسبق لها مثيل في السوق المصري وتشمل:\r\n١-السفر من صاله كبار الزوار بمطار القاهره\r\n٢- إشراف ديني واداري مميز طوال الرحله\r\n٣- خدمه نقل الحقائب والوزن الجماعي للمجموعات\r\n٤- وجبات ساخنه وعصائر ومشروبات خلال جميع التنقلات الداخليه\r\n٥- الانتقالات الداخليه باتوبيسات حديثه مكيفه ٢٠١٧ مع وجود خدمه الواي فاي في الأتوبيسات\r\n٦- هدايا قيمه ومميزه لجميع المعتمرين\r\n٧- شرح كامل لمزارات المدينه بصحبه الإشراف الديني\r\n٨- مزارات مدينه جده ومولاتها قبل العوده بيوم للتسوق\r\n٩- خدمات كبار السن ومتحدي الإعاقة\r\nربما لا نكون الأرخص لكننا بالتاكيد افضل اختياراتك لاننا ............ نعرف_ماتستح', 'انضم لعملاء ناشيونال ايجيبت للسياحه المميزون واحجز عمره رجب وشعبان\r\nخدمات لم يسبق لها مثيل في السوق المصري وتشمل:\r\n١-السفر من صاله كبار الزوار بمطار القاهره\r\n٢- إشراف ديني واداري مميز طوال الرحله\r\n٣- خدمه نقل الحقائب والوزن الجماعي للمجموعات\r\n٤- وجبات ساخ', 'افضل عروض عمرة رمضان', 'افضل عروض عمرة رمضان', 6, 16, 0, 0, 5, '0', '0', 0, 1, '2017-04-02 15:20:56'),
(64, 'عمرة رمضان ختام المدينة 4نجوم', 'عمرة رمضان ختام المدينة 4 نجوم', 19750, 2, 24, 0, 0, 's_912743_569252394.jpg', 16, 'انضم لعملاء ناشيونال ايجيبت للسياحه المميزون واحجز عمره رجب وشعبان\r\nخدمات لم يسبق لها مثيل في السوق المصري وتشمل:\r\n١-السفر من صاله كبار الزوار بمطار القاهره\r\n٢- إشراف ديني واداري مميز طوال الرحله\r\n٣- خدمه نقل الحقائب والوزن الجماعي للمجموعات\r\n٤- وجبات ساخنه وعصائر ومشروبات خلال جميع التنقلات الداخليه\r\n٥- الانتقالات الداخليه باتوبيسات حديثه مكيفه ٢٠١٧ مع وجود خدمه الواي فاي في الأتوبيسات\r\n٦- هدايا قيمه ومميزه لجميع المعتمرين\r\n٧- شرح كامل لمزارات المدينه بصحبه الإشراف الديني\r\n٨- مزارات مدينه جده ومولاتها قبل العوده بيوم للتسوق\r\n٩- خدمات كبار السن ومتحدي الإعاقة\r\nربما لا نكون الأرخص لكننا بالتاكيد افضل اختياراتك لاننا ............ نعرف_ماتستح', 'انضم لعملاء ناشيونال ايجيبت للسياحه المميزون واحجز عمره رجب وشعبان\r\nخدمات لم يسبق لها مثيل في السوق المصري وتشمل:\r\n١-السفر من صاله كبار الزوار بمطار القاهره\r\n٢- إشراف ديني واداري مميز طوال الرحله\r\n٣- خدمه نقل الحقائب والوزن الجماعي للمجموعات\r\n٤- وجبات ساخ', 'افضل عروض عمرة رمضان', 'افضل عروض عمرة رمضان', 6, 16, 0, 0, 4, '0', '0', 0, 1, '2017-04-02 15:31:27'),
(66, 'عمرة رمضان ختام مكة الفاخرة', 'عمرة رمضان ختام مكة الفاخرة', 72000, 2, 27, 0, 0, 's_259590_hyatt-regency-makkah2.jpg', 140, 'انضم لعملاء ناشيونال ايجيبت للسياحه المميزون واحجز عمره رجب وشعبان\r\nخدمات لم يسبق لها مثيل في السوق المصري وتشمل:\r\n١-السفر من صاله كبار الزوار بمطار القاهره\r\n٢- إشراف ديني واداري مميز طوال الرحله\r\n٣- خدمه نقل الحقائب والوزن الجماعي للمجموعات\r\n٤- وجبات ساخنه وعصائر ومشروبات خلال جميع التنقلات الداخليه\r\n٥- الانتقالات الداخليه باتوبيسات حديثه مكيفه ٢٠١٧ مع وجود خدمه الواي فاي في الأتوبيسات\r\n٦- هدايا قيمه ومميزه لجميع المعتمرين\r\n٧- شرح كامل لمزارات المدينه بصحبه الإشراف الديني\r\n٨- مزارات مدينه جده ومولاتها قبل العوده بيوم للتسوق\r\n٩- خدمات كبار السن ومتحدي الإعاقة\r\nربما لا نكون الأرخص لكننا بالتاكيد افضل اختياراتك لاننا ............ نعرف_ماتستح', 'انضم لعملاء ناشيونال ايجيبت للسياحه المميزون واحجز عمره رجب وشعبان\r\nخدمات لم يسبق لها مثيل في السوق المصري وتشمل:\r\n١-السفر من صاله كبار الزوار بمطار القاهره\r\n٢- إشراف ديني واداري مميز طوال الرحله\r\n٣- خدمه نقل الحقائب والوزن الجماعي للمجموعات\r\n٤- وجبات ساخ', 'افضل عروض عمرة رمضان', 'افضل عروض عمرة رمضان', 6, 15, 0, 0, 5, '0', '0', 0, 1, '2017-04-02 16:17:48'),
(67, 'عمرة رمضان ختام مكة المميزة', 'عمرة رمضان ختام مكة المميزة', 62600, 2, 29, 0, 0, 's_566227_68828380.jpg', 14, 'انضم لعملاء ناشيونال ايجيبت للسياحه المميزون واحجز عمره رجب وشعبان\r\nخدمات لم يسبق لها مثيل في السوق المصري وتشمل:\r\n١-السفر من صاله كبار الزوار بمطار القاهره\r\n٢- إشراف ديني واداري مميز طوال الرحله\r\n٣- خدمه نقل الحقائب والوزن الجماعي للمجموعات\r\n٤- وجبات ساخنه وعصائر ومشروبات خلال جميع التنقلات الداخليه\r\n٥- الانتقالات الداخليه باتوبيسات حديثه مكيفه ٢٠١٧ مع وجود خدمه الواي فاي في الأتوبيسات\r\n٦- هدايا قيمه ومميزه لجميع المعتمرين\r\n٧- شرح كامل لمزارات المدينه بصحبه الإشراف الديني\r\n٨- مزارات مدينه جده ومولاتها قبل العوده بيوم للتسوق\r\n٩- خدمات كبار السن ومتحدي الإعاقة\r\nربما لا نكون الأرخص لكننا بالتاكيد افضل اختياراتك لاننا ............ نعرف_ماتستح', 'انضم لعملاء ناشيونال ايجيبت للسياحه المميزون واحجز عمره رجب وشعبان\r\nخدمات لم يسبق لها مثيل في السوق المصري وتشمل:\r\n١-السفر من صاله كبار الزوار بمطار القاهره\r\n٢- إشراف ديني واداري مميز طوال الرحله\r\n٣- خدمه نقل الحقائب والوزن الجماعي للمجموعات\r\n٤- وجبات ساخ', 'افضل عروض عمرة رمضان', 'افضل عروض عمرة رمضان', 6, 15, 0, 0, 5, '0', '0', 0, 1, '2017-04-02 16:24:58'),
(68, 'عمرة رمضان ختام مكة 5نجوم ديلوكس', 'عمرة رمضان ختام مكة 5نجوم ديلوكس', 47750, 2, 29, 3, 0, 's_398426_55084990.jpg', 14, 'انضم لعملاء ناشيونال ايجيبت للسياحه المميزون واحجز عمره رجب وشعبان\r\nخدمات لم يسبق لها مثيل في السوق المصري وتشمل:\r\n١-السفر من صاله كبار الزوار بمطار القاهره\r\n٢- إشراف ديني واداري مميز طوال الرحله\r\n٣- خدمه نقل الحقائب والوزن الجماعي للمجموعات\r\n٤- وجبات ساخنه وعصائر ومشروبات خلال جميع التنقلات الداخليه\r\n٥- الانتقالات الداخليه باتوبيسات حديثه مكيفه ٢٠١٧ مع وجود خدمه الواي فاي في الأتوبيسات\r\n٦- هدايا قيمه ومميزه لجميع المعتمرين\r\n٧- شرح كامل لمزارات المدينه بصحبه الإشراف الديني\r\n٨- مزارات مدينه جده ومولاتها قبل العوده بيوم للتسوق\r\n٩- خدمات كبار السن ومتحدي الإعاقة\r\nربما لا نكون الأرخص لكننا بالتاكيد افضل اختياراتك لاننا ............ نعرف_ماتستح', 'انضم لعملاء ناشيونال ايجيبت للسياحه المميزون واحجز عمره رجب وشعبان\r\nخدمات لم يسبق لها مثيل في السوق المصري وتشمل:\r\n١-السفر من صاله كبار الزوار بمطار القاهره\r\n٢- إشراف ديني واداري مميز طوال الرحله\r\n٣- خدمه نقل الحقائب والوزن الجماعي للمجموعات\r\n٤- وجبات ساخ', 'افضل عروض عمرة رمضان', 'افضل عروض عمرة رمضان', 6, 15, 0, 0, 5, '0', '0', 0, 1, '2017-04-02 16:57:36'),
(69, 'عمرة رمضان ختام مكة 5 نجوم', 'عمرة رمضان ختام مكة 5 نجوم', 39900, 2, 29, 8, 0, 's_535204_elshohdaa3.jpg', 14, 'انضم لعملاء ناشيونال ايجيبت للسياحه المميزون واحجز عمره رجب وشعبان\r\nخدمات لم يسبق لها مثيل في السوق المصري وتشمل:\r\n١-السفر من صاله كبار الزوار بمطار القاهره\r\n٢- إشراف ديني واداري مميز طوال الرحله\r\n٣- خدمه نقل الحقائب والوزن الجماعي للمجموعات\r\n٤- وجبات ساخنه وعصائر ومشروبات خلال جميع التنقلات الداخليه\r\n٥- الانتقالات الداخليه باتوبيسات حديثه مكيفه ٢٠١٧ مع وجود خدمه الواي فاي في الأتوبيسات\r\n٦- هدايا قيمه ومميزه لجميع المعتمرين\r\n٧- شرح كامل لمزارات المدينه بصحبه الإشراف الديني\r\n٨- مزارات مدينه جده ومولاتها قبل العوده بيوم للتسوق\r\n٩- خدمات كبار السن ومتحدي الإعاقة\r\nربما لا نكون الأرخص لكننا بالتاكيد افضل اختياراتك لاننا ............ نعرف_ماتستح', 'انضم لعملاء ناشيونال ايجيبت للسياحه المميزون واحجز عمره رجب وشعبان\r\nخدمات لم يسبق لها مثيل في السوق المصري وتشمل:\r\n١-السفر من صاله كبار الزوار بمطار القاهره\r\n٢- إشراف ديني واداري مميز طوال الرحله\r\n٣- خدمه نقل الحقائب والوزن الجماعي للمجموعات\r\n٤- وجبات ساخ', 'افضل عروض عمرة رمضان', 'افضل عروض عمرة رمضان', 6, 15, 0, 0, 5, '0', '0', 0, 1, '2017-04-02 17:11:00'),
(70, 'عمرة رمضان ختام مكة 4نجوم ', 'عمرة رمضان ختام مكة 4نجوم', 33000, 2, 31, 0, 0, 's_831735_67210516.jpg', 14, 'انضم لعملاء ناشيونال ايجيبت للسياحه المميزون واحجز عمره رجب وشعبان\r\nخدمات لم يسبق لها مثيل في السوق المصري وتشمل:\r\n١-السفر من صاله كبار الزوار بمطار القاهره\r\n٢- إشراف ديني واداري مميز طوال الرحله\r\n٣- خدمه نقل الحقائب والوزن الجماعي للمجموعات\r\n٤- وجبات ساخنه وعصائر ومشروبات خلال جميع التنقلات الداخليه\r\n٥- الانتقالات الداخليه باتوبيسات حديثه مكيفه ٢٠١٧ مع وجود خدمه الواي فاي في الأتوبيسات\r\n٦- هدايا قيمه ومميزه لجميع المعتمرين\r\n٧- شرح كامل لمزارات المدينه بصحبه الإشراف الديني\r\n٨- مزارات مدينه جده ومولاتها قبل العوده بيوم للتسوق\r\n٩- خدمات كبار السن ومتحدي الإعاقة\r\nربما لا نكون الأرخص لكننا بالتاكيد افضل اختياراتك لاننا ............ نعرف_ماتستح', 'انضم لعملاء ناشيونال ايجيبت للسياحه المميزون واحجز عمره رجب وشعبان\r\nخدمات لم يسبق لها مثيل في السوق المصري وتشمل:\r\n١-السفر من صاله كبار الزوار بمطار القاهره\r\n٢- إشراف ديني واداري مميز طوال الرحله\r\n٣- خدمه نقل الحقائب والوزن الجماعي للمجموعات\r\n٤- وجبات ساخ', 'افضل عروض عمرة رمضان', 'افضل عروض عمرة رمضان', 9, 18, 1, 0, 4, '0', '0', 0, 1, '2017-04-02 17:17:05'),
(71, 'عمرة رمضان ختام مكة 4نجوم مميز', 'عمرة رمضان ختام مكة 4نجوم مميز', 32500, 2, 32, 0, 0, 's_308432_maxresdefault1.jpg', 14, 'انضم لعملاء ناشيونال ايجيبت للسياحه المميزون واحجز عمره رجب وشعبان\r\nخدمات لم يسبق لها مثيل في السوق المصري وتشمل:\r\n١-السفر من صاله كبار الزوار بمطار القاهره\r\n٢- إشراف ديني واداري مميز طوال الرحله\r\n٣- خدمه نقل الحقائب والوزن الجماعي للمجموعات\r\n٤- وجبات ساخنه وعصائر ومشروبات خلال جميع التنقلات الداخليه\r\n٥- الانتقالات الداخليه باتوبيسات حديثه مكيفه ٢٠١٧ مع وجود خدمه الواي فاي في الأتوبيسات\r\n٦- هدايا قيمه ومميزه لجميع المعتمرين\r\n٧- شرح كامل لمزارات المدينه بصحبه الإشراف الديني\r\n٨- مزارات مدينه جده ومولاتها قبل العوده بيوم للتسوق\r\n٩- خدمات كبار السن ومتحدي الإعاقة\r\nربما لا نكون الأرخص لكننا بالتاكيد افضل اختياراتك لاننا ............ نعرف_ماتستح', 'انضم لعملاء ناشيونال ايجيبت للسياحه المميزون واحجز عمره رجب وشعبان\r\nخدمات لم يسبق لها مثيل في السوق المصري وتشمل:\r\n١-السفر من صاله كبار الزوار بمطار القاهره\r\n٢- إشراف ديني واداري مميز طوال الرحله\r\n٣- خدمه نقل الحقائب والوزن الجماعي للمجموعات\r\n٤- وجبات ساخ', 'افضل عروض عمرة رمضان', 'افضل عروض عمرة رمضان', 6, 15, 1, 0, 4, '0', '0', 0, 1, '2017-04-02 17:28:30'),
(72, 'عمرة رمضان ختام مكة 4 نجوم', 'عمرة رمضان ختام مكة 4 نجوم', 25000, 2, 33, 0, 0, 's_693122_80606478.jpg', 14, 'انضم لعملاء ناشيونال ايجيبت للسياحه المميزون واحجز عمره رجب وشعبان\r\nخدمات لم يسبق لها مثيل في السوق المصري وتشمل:\r\n١-السفر من صاله كبار الزوار بمطار القاهره\r\n٢- إشراف ديني واداري مميز طوال الرحله\r\n٣- خدمه نقل الحقائب والوزن الجماعي للمجموعات\r\n٤- وجبات ساخنه وعصائر ومشروبات خلال جميع التنقلات الداخليه\r\n٥- الانتقالات الداخليه باتوبيسات حديثه مكيفه ٢٠١٧ مع وجود خدمه الواي فاي في الأتوبيسات\r\n٦- هدايا قيمه ومميزه لجميع المعتمرين\r\n٧- شرح كامل لمزارات المدينه بصحبه الإشراف الديني\r\n٨- مزارات مدينه جده ومولاتها قبل العوده بيوم للتسوق\r\n٩- خدمات كبار السن ومتحدي الإعاقة\r\nربما لا نكون الأرخص لكننا بالتاكيد افضل اختياراتك لاننا ............ نعرف_ماتستح', 'انضم لعملاء ناشيونال ايجيبت للسياحه المميزون واحجز عمره رجب وشعبان\r\nخدمات لم يسبق لها مثيل في السوق المصري وتشمل:\r\n١-السفر من صاله كبار الزوار بمطار القاهره\r\n٢- إشراف ديني واداري مميز طوال الرحله\r\n٣- خدمه نقل الحقائب والوزن الجماعي للمجموعات\r\n٤- وجبات ساخ', 'افضل عروض عمرة رمضان', 'افضل عروض عمرة رمضان', 6, 15, 1, 0, 4, '0', '0', 0, 1, '2017-04-02 17:41:57'),
(73, 'عمرة رمضان ختام مكة 4 نجوم أ', 'عمرة رمضان ختام مكة 4 نجوم أ', 21500, 2, 34, 23, 3, 's_93989_828977581.jpg', 14, 'انضم لعملاء ناشيونال ايجيبت للسياحه المميزون واحجز عمره رجب وشعبان\r\nخدمات لم يسبق لها مثيل في السوق المصري وتشمل:\r\n١-السفر من صاله كبار الزوار بمطار القاهره\r\n٢- إشراف ديني واداري مميز طوال الرحله\r\n٣- خدمه نقل الحقائب والوزن الجماعي للمجموعات\r\n٤- وجبات ساخنه وعصائر ومشروبات خلال جميع التنقلات الداخليه\r\n٥- الانتقالات الداخليه باتوبيسات حديثه مكيفه ٢٠١٧ مع وجود خدمه الواي فاي في الأتوبيسات\r\n٦- هدايا قيمه ومميزه لجميع المعتمرين\r\n٧- شرح كامل لمزارات المدينه بصحبه الإشراف الديني\r\n٨- مزارات مدينه جده ومولاتها قبل العوده بيوم للتسوق\r\n٩- خدمات كبار السن ومتحدي الإعاقة\r\nربما لا نكون الأرخص لكننا بالتاكيد افضل اختياراتك لاننا ............ نعرف_ماتستح', 'انضم لعملاء ناشيونال ايجيبت للسياحه المميزون واحجز عمره رجب وشعبان\r\nخدمات لم يسبق لها مثيل في السوق المصري وتشمل:\r\n١kkkkkk-السفر من صاله كبار الزوار بمطار القاهره\r\n٢- إشراف ديني واداري مميز طوال الرحله\r\n٣- خدمه نقل الحقائب والوزن الجماعي للمجموعات\r\n٤- وجب', 'افضل عروض عمرة رمضان', 'افضل عروض عمرة رمضان', 6, 15, 1, 1, 4, '200', '200', 0, 1, '2017-04-02 17:46:15');

-- --------------------------------------------------------

--
-- Table structure for table `programs_advantages`
--

CREATE TABLE `programs_advantages` (
  `id` int(11) NOT NULL,
  `programs_id` int(11) NOT NULL,
  `program_advantages_id` int(11) NOT NULL
) ENGINE=InnoDB DEFAULT CHARSET=utf8;

--
-- Dumping data for table `programs_advantages`
--

INSERT INTO `programs_advantages` (`id`, `programs_id`, `program_advantages_id`) VALUES
(10, 1, 5),
(11, 1, 4),
(12, 2, 2),
(13, 2, 3),
(14, 1, 2),
(15, 3, 7),
(16, 7, 7),
(17, 8, 8),
(18, 9, 7),
(20, 1, 12),
(21, 1, 17),
(22, 10, 7),
(23, 10, 12),
(24, 10, 6),
(25, 10, 8),
(26, 11, 3),
(27, 11, 7),
(28, 11, 8),
(29, 11, 12),
(30, 11, 9),
(31, 12, 2),
(33, 12, 9),
(34, 12, 14),
(35, 13, 3),
(36, 13, 7),
(37, 13, 9),
(38, 13, 12),
(39, 4, 3),
(40, 4, 7),
(41, 4, 12),
(42, 4, 13),
(43, 14, 3),
(44, 14, 7),
(45, 14, 9),
(46, 14, 12),
(47, 15, 2),
(48, 15, 7),
(49, 15, 11),
(50, 15, 12),
(51, 15, 10),
(52, 16, 2),
(53, 16, 7),
(54, 16, 9),
(55, 16, 8),
(56, 17, 2),
(57, 17, 7),
(58, 17, 14),
(59, 17, 8),
(60, 18, 3),
(61, 18, 7),
(62, 18, 12),
(63, 18, 10),
(64, 19, 2),
(65, 19, 7),
(66, 19, 8),
(67, 19, 15),
(68, 20, 3),
(69, 20, 8),
(70, 20, 14),
(71, 20, 11),
(74, 1, 7),
(77, 30, 21),
(1148, 69, 1),
(1149, 69, 4),
(1150, 69, 5),
(1151, 69, 13),
(1152, 69, 14),
(1153, 69, 15),
(1154, 69, 17),
(1155, 69, 21),
(1156, 69, 23),
(1157, 69, 24),
(1158, 69, 26),
(1159, 69, 27),
(1160, 68, 4),
(1161, 68, 5),
(1162, 68, 8),
(1163, 68, 12),
(1164, 68, 13),
(1165, 68, 14),
(1166, 68, 15),
(1167, 68, 16),
(1168, 68, 17),
(1169, 68, 21),
(1170, 68, 22),
(1171, 68, 23),
(1172, 68, 24),
(1173, 68, 25),
(1174, 68, 26),
(1175, 68, 27),
(1176, 67, 1),
(1177, 67, 4),
(1178, 67, 5),
(1179, 67, 8),
(1180, 67, 12),
(1181, 67, 13),
(1182, 67, 14),
(1183, 67, 15),
(1184, 67, 16),
(1185, 67, 17),
(1186, 67, 21),
(1187, 67, 22),
(1188, 67, 23),
(1189, 67, 24),
(1190, 67, 25),
(1191, 67, 26),
(1192, 67, 27),
(1193, 66, 1),
(1194, 66, 4),
(1195, 66, 5),
(1196, 66, 8),
(1197, 66, 12),
(1198, 66, 13),
(1199, 66, 14),
(1200, 66, 15),
(1201, 66, 16),
(1202, 66, 17),
(1203, 66, 21),
(1204, 66, 22),
(1205, 66, 23),
(1206, 66, 24),
(1207, 66, 25),
(1208, 66, 26),
(1209, 66, 27),
(1215, 64, 4),
(1216, 64, 5),
(1217, 64, 13),
(1218, 64, 15),
(1219, 64, 17),
(1220, 64, 21),
(1221, 64, 23),
(1222, 64, 24),
(1223, 64, 25),
(1224, 64, 26),
(1225, 64, 27),
(1226, 63, 1),
(1227, 63, 4),
(1228, 63, 5),
(1229, 63, 8),
(1230, 63, 12),
(1231, 63, 13),
(1232, 63, 14),
(1233, 63, 15),
(1234, 63, 16),
(1235, 63, 17),
(1236, 63, 21),
(1237, 63, 22),
(1238, 63, 23),
(1239, 63, 24),
(1240, 63, 25),
(1241, 63, 26),
(1242, 63, 27),
(1243, 62, 1),
(1244, 62, 4),
(1245, 62, 5),
(1246, 62, 8),
(1247, 62, 12),
(1248, 62, 13),
(1249, 62, 14),
(1250, 62, 15),
(1251, 62, 16),
(1252, 62, 17),
(1253, 62, 21),
(1254, 62, 23),
(1255, 62, 24),
(1256, 62, 25),
(1257, 62, 26),
(1258, 62, 27),
(1259, 61, 1),
(1260, 61, 4),
(1261, 61, 5),
(1262, 61, 13),
(1263, 61, 14),
(1264, 61, 15),
(1265, 61, 17),
(1266, 61, 21),
(1267, 61, 23),
(1268, 61, 24),
(1269, 61, 25),
(1270, 61, 26),
(1271, 61, 27),
(1272, 60, 1),
(1273, 60, 4),
(1274, 60, 5),
(1275, 60, 8),
(1276, 60, 12),
(1277, 60, 13),
(1278, 60, 14),
(1279, 60, 15),
(1280, 60, 16),
(1281, 60, 17),
(1282, 60, 21),
(1283, 60, 23),
(1284, 60, 24),
(1285, 60, 25),
(1286, 60, 26),
(1287, 60, 27),
(1288, 59, 4),
(1289, 59, 5),
(1290, 59, 8),
(1291, 59, 12),
(1292, 59, 13),
(1293, 59, 14),
(1294, 59, 15),
(1295, 59, 16),
(1296, 59, 17),
(1297, 59, 21),
(1298, 59, 22),
(1299, 59, 23),
(1300, 59, 24),
(1301, 59, 25),
(1302, 59, 26),
(1303, 59, 27),
(1304, 58, 1),
(1305, 58, 4),
(1306, 58, 5),
(1307, 58, 8),
(1308, 58, 12),
(1309, 58, 13),
(1310, 58, 14),
(1311, 58, 15),
(1312, 58, 16),
(1313, 58, 17),
(1314, 58, 21),
(1315, 58, 22),
(1316, 58, 23),
(1317, 58, 24),
(1318, 58, 25),
(1319, 58, 26),
(1320, 58, 27),
(1321, 57, 1),
(1322, 57, 4),
(1323, 57, 5),
(1324, 57, 13),
(1325, 57, 14),
(1326, 57, 15),
(1327, 57, 17),
(1328, 57, 21),
(1329, 57, 23),
(1330, 57, 24),
(1331, 57, 25),
(1332, 57, 26),
(1333, 57, 27),
(1334, 56, 1),
(1335, 56, 4),
(1336, 56, 5),
(1337, 56, 13),
(1338, 56, 15),
(1339, 56, 17),
(1340, 56, 21),
(1341, 56, 23),
(1342, 56, 24),
(1343, 56, 25),
(1344, 56, 26),
(1345, 56, 27),
(1346, 56, 28),
(1347, 55, 1),
(1348, 55, 4),
(1349, 55, 5),
(1350, 55, 8),
(1351, 55, 12),
(1352, 55, 13),
(1353, 55, 15),
(1354, 55, 16),
(1355, 55, 17),
(1356, 55, 21),
(1357, 55, 22),
(1358, 55, 23),
(1359, 55, 24),
(1360, 55, 25),
(1361, 55, 26),
(1362, 55, 27),
(1363, 54, 1),
(1364, 54, 4),
(1365, 54, 8),
(1366, 54, 12),
(1367, 54, 13),
(1368, 54, 14),
(1369, 54, 15),
(1370, 54, 16),
(1371, 54, 17),
(1372, 54, 21),
(1373, 54, 22),
(1374, 54, 23),
(1375, 54, 24),
(1376, 54, 25),
(1377, 54, 26),
(1378, 54, 27),
(1379, 53, 1),
(1380, 53, 4),
(1381, 53, 5),
(1382, 53, 13),
(1383, 53, 15),
(1384, 53, 17),
(1385, 53, 21),
(1386, 53, 23),
(1387, 53, 24),
(1388, 53, 25),
(1389, 53, 26),
(1390, 53, 27),
(1391, 52, 1),
(1392, 52, 4),
(1393, 52, 5),
(1394, 52, 8),
(1395, 52, 12),
(1396, 52, 13),
(1397, 52, 14),
(1398, 52, 15),
(1399, 52, 16),
(1400, 52, 17),
(1401, 52, 21),
(1402, 52, 22),
(1403, 52, 23),
(1404, 52, 24),
(1405, 52, 25),
(1406, 52, 26),
(1407, 52, 27),
(1408, 51, 1),
(1409, 51, 4),
(1410, 51, 5),
(1411, 51, 8),
(1412, 51, 12),
(1413, 51, 13),
(1414, 51, 14),
(1415, 51, 15),
(1416, 51, 16),
(1417, 51, 17),
(1418, 51, 21),
(1419, 51, 23),
(1420, 51, 24),
(1421, 51, 25),
(1422, 51, 26),
(1423, 51, 27),
(1424, 50, 1),
(1425, 50, 4),
(1426, 50, 5),
(1427, 50, 8),
(1428, 50, 12),
(1429, 50, 13),
(1430, 50, 14),
(1431, 50, 15),
(1432, 50, 16),
(1433, 50, 17),
(1434, 50, 21),
(1435, 50, 22),
(1436, 50, 23),
(1437, 50, 24),
(1438, 50, 25),
(1439, 50, 26),
(1440, 50, 27),
(1488, 46, 1),
(1489, 46, 4),
(1490, 46, 5),
(1491, 46, 8),
(1492, 46, 12),
(1493, 46, 13),
(1494, 46, 14),
(1495, 46, 15),
(1496, 46, 16),
(1497, 46, 17),
(1498, 46, 21),
(1499, 46, 22),
(1500, 46, 23),
(1501, 46, 24),
(1502, 46, 25),
(1503, 46, 26),
(1504, 46, 27),
(1522, 44, 1),
(1523, 44, 4),
(1524, 44, 5),
(1525, 44, 8),
(1526, 44, 12),
(1527, 44, 13),
(1528, 44, 14),
(1529, 44, 15),
(1530, 44, 16),
(1531, 44, 17),
(1532, 44, 21),
(1533, 44, 22),
(1534, 44, 23),
(1535, 44, 24),
(1536, 44, 25),
(1537, 44, 26),
(1538, 44, 27),
(1556, 43, 1),
(1557, 43, 4),
(1558, 43, 5),
(1559, 43, 8),
(1560, 43, 12),
(1561, 43, 13),
(1562, 43, 14),
(1563, 43, 15),
(1564, 43, 16),
(1565, 43, 17),
(1566, 43, 21),
(1567, 43, 22),
(1568, 43, 23),
(1569, 43, 24),
(1570, 43, 25),
(1571, 43, 26),
(1572, 43, 27),
(1573, 42, 1),
(1574, 42, 4),
(1575, 42, 5),
(1576, 42, 8),
(1577, 42, 12),
(1578, 42, 13),
(1579, 42, 14),
(1580, 42, 15),
(1581, 42, 16),
(1582, 42, 17),
(1583, 42, 21),
(1584, 42, 22),
(1585, 42, 23),
(1586, 42, 24),
(1587, 42, 25),
(1588, 42, 26),
(1589, 42, 27),
(1599, 41, 1),
(1600, 41, 4),
(1601, 41, 5),
(1602, 41, 13),
(1603, 41, 21),
(1604, 41, 23),
(1605, 41, 25),
(1606, 41, 26),
(1607, 41, 27),
(1608, 40, 1),
(1609, 40, 4),
(1610, 40, 5),
(1611, 40, 8),
(1612, 40, 12),
(1613, 40, 13),
(1614, 40, 14),
(1615, 40, 15),
(1616, 40, 16),
(1617, 40, 17),
(1618, 40, 21),
(1619, 40, 22),
(1620, 40, 23),
(1621, 40, 24),
(1622, 40, 25),
(1623, 40, 26),
(1624, 40, 27),
(1625, 35, 1),
(1626, 35, 4),
(1627, 35, 5),
(1628, 35, 8),
(1629, 35, 12),
(1630, 35, 13),
(1631, 35, 14),
(1632, 35, 15),
(1633, 35, 16),
(1634, 35, 17),
(1635, 35, 21),
(1636, 35, 22),
(1637, 35, 23),
(1638, 35, 24),
(1639, 35, 25),
(1640, 35, 26),
(1641, 35, 27),
(1642, 33, 1),
(1643, 33, 4),
(1644, 33, 5),
(1645, 33, 8),
(1646, 33, 12),
(1647, 33, 13),
(1648, 33, 14),
(1649, 33, 15),
(1650, 33, 16),
(1651, 33, 17),
(1652, 33, 21),
(1653, 33, 22),
(1654, 33, 23),
(1655, 33, 24),
(1656, 33, 25),
(1657, 33, 26),
(1658, 33, 27),
(1659, 33, 28),
(1676, 72, 4),
(1677, 72, 5),
(1678, 72, 13),
(1679, 72, 14),
(1680, 72, 15),
(1681, 72, 17),
(1682, 72, 21),
(1683, 72, 23),
(1684, 72, 24),
(1685, 72, 25),
(1686, 72, 26),
(1687, 72, 27),
(1688, 71, 1),
(1689, 71, 4),
(1690, 71, 5),
(1691, 71, 13),
(1692, 71, 14),
(1693, 71, 15),
(1694, 71, 17),
(1695, 71, 21),
(1696, 71, 23),
(1697, 71, 24),
(1698, 71, 25),
(1699, 71, 26),
(1700, 71, 27),
(1713, 70, 4),
(1714, 70, 5),
(1715, 70, 13),
(1716, 70, 14),
(1717, 70, 15),
(1718, 70, 17),
(1719, 70, 21),
(1720, 70, 23),
(1721, 70, 24),
(1722, 70, 25),
(1723, 70, 26),
(1724, 70, 27),
(1759, 49, 1),
(1760, 49, 4),
(1761, 49, 5),
(1762, 49, 8),
(1763, 49, 12),
(1764, 49, 13),
(1765, 49, 14),
(1766, 49, 15),
(1767, 49, 16),
(1768, 49, 17),
(1769, 49, 21),
(1770, 49, 23),
(1771, 49, 24),
(1772, 49, 25),
(1773, 49, 26),
(1774, 49, 27),
(1775, 49, 28),
(1776, 48, 1),
(1777, 48, 4),
(1778, 48, 5),
(1779, 48, 13),
(1780, 48, 14),
(1781, 48, 15),
(1782, 48, 17),
(1783, 48, 21),
(1784, 48, 23),
(1785, 48, 24),
(1786, 48, 25),
(1787, 48, 26),
(1788, 48, 27),
(1869, 45, 1),
(1870, 45, 4),
(1871, 45, 5),
(1872, 45, 8),
(1873, 45, 12),
(1874, 45, 13),
(1875, 45, 14),
(1876, 45, 15),
(1877, 45, 16),
(1878, 45, 17),
(1879, 45, 21),
(1880, 45, 22),
(1881, 45, 23),
(1882, 45, 24),
(1883, 45, 25),
(1884, 45, 26),
(1885, 45, 27),
(1886, 47, 1),
(1887, 47, 4),
(1888, 47, 5),
(1889, 47, 8),
(1890, 47, 12),
(1891, 47, 13),
(1892, 47, 14),
(1893, 47, 15),
(1894, 47, 16),
(1895, 47, 17),
(1896, 47, 21),
(1897, 47, 22),
(1898, 47, 23),
(1899, 47, 24),
(1900, 47, 25),
(1901, 47, 26),
(1902, 47, 27),
(1903, 73, 1),
(1904, 73, 4),
(1905, 73, 5),
(1906, 73, 8),
(1907, 73, 12),
(1908, 73, 13),
(1909, 73, 14),
(1910, 73, 15),
(1911, 73, 16),
(1912, 73, 17),
(1913, 73, 21),
(1914, 73, 23),
(1915, 73, 24),
(1916, 73, 25),
(1917, 73, 26),
(1918, 73, 28);

-- --------------------------------------------------------

--
-- Table structure for table `programs_extra_services`
--

CREATE TABLE `programs_extra_services` (
  `id` int(11) NOT NULL,
  `programs_id` int(11) NOT NULL,
  `program_extra_services_id` int(11) NOT NULL,
  `price` float NOT NULL
) ENGINE=InnoDB DEFAULT CHARSET=utf8;

--
-- Dumping data for table `programs_extra_services`
--

INSERT INTO `programs_extra_services` (`id`, `programs_id`, `program_extra_services_id`, `price`) VALUES
(4, 2, 4, 1000),
(5, 2, 3, 1000),
(6, 2, 5, 555),
(7, 5, 2, 555),
(8, 7, 6, 300),
(9, 8, 7, 333),
(10, 9, 8, 500),
(11, 1, 7, 150),
(12, 1, 8, 335),
(13, 10, 4, 250),
(14, 10, 12, 150),
(15, 10, 9, 120),
(16, 10, 7, 450),
(17, 11, 6, 450),
(18, 11, 8, 500),
(19, 11, 9, 200),
(20, 12, 4, 200),
(21, 12, 9, 150),
(22, 12, 6, 200),
(23, 13, 6, 300),
(24, 13, 4, 200),
(25, 4, 6, 350),
(26, 4, 7, 625),
(27, 4, 9, 200),
(28, 6, 3, 100),
(29, 14, 6, 550),
(30, 14, 8, 650),
(31, 14, 9, 300),
(32, 15, 4, 200),
(33, 15, 8, 350),
(34, 16, 4, 200),
(35, 16, 9, 150),
(36, 16, 12, 250),
(37, 17, 6, 200),
(38, 17, 12, 250),
(39, 18, 4, 250),
(40, 18, 7, 560),
(41, 18, 8, 500),
(42, 19, 6, 100),
(43, 19, 12, 200),
(44, 20, 6, 350),
(45, 20, 12, 200),
(46, 27, 14, 120),
(47, 27, 15, 130),
(48, 27, 16, 120),
(49, 28, 14, 10),
(50, 28, 15, 30),
(51, 28, 16, 70),
(52, 20, 9, 500),
(53, 29, 14, 25),
(54, 30, 20, 120),
(55, 30, 21, 130),
(56, 30, 22, 120),
(57, 31, 20, 120),
(58, 31, 21, 30),
(59, 31, 22, 120),
(60, 32, 28, 4000),
(61, 32, 35, 800),
(62, 32, 2, 5000),
(63, 33, 2, 10000),
(64, 33, 4, 1000),
(65, 45, 2, 120),
(66, 45, 3, 130),
(67, 47, 2, 100),
(68, 47, 3, 200),
(69, 44, 2, 150),
(70, 44, 3, 200),
(71, 44, 4, 500),
(72, 44, 25, 250),
(73, 44, 30, 200),
(74, 44, 21, 150);

-- --------------------------------------------------------

--
-- Table structure for table `programs_flight`
--

CREATE TABLE `programs_flight` (
  `id` int(11) NOT NULL,
  `programs_id` int(11) NOT NULL,
  `flight_reservation_id` int(11) NOT NULL,
  `adult_price` float NOT NULL,
  `child_price` float NOT NULL,
  `infant_price` float NOT NULL,
  `currency_id` int(11) NOT NULL,
  `viewed_no` int(11) NOT NULL,
  `reserved_no` int(11) NOT NULL,
  `special_offer` tinyint(1) NOT NULL DEFAULT '0',
  `offer_description` text NOT NULL,
  `created_by` int(11) NOT NULL,
  `active` tinyint(1) NOT NULL,
  `created_at` timestamp NOT NULL DEFAULT CURRENT_TIMESTAMP
) ENGINE=InnoDB DEFAULT CHARSET=utf8;

--
-- Dumping data for table `programs_flight`
--

INSERT INTO `programs_flight` (`id`, `programs_id`, `flight_reservation_id`, `adult_price`, `child_price`, `infant_price`, `currency_id`, `viewed_no`, `reserved_no`, `special_offer`, `offer_description`, `created_by`, `active`, `created_at`) VALUES
(3, 2, 7, 6000, 4000, 200, 0, 10, 5, 1, 'هناك حقيقة مثبتة منذ زمن طويل وهي أن المحتوى المقروء لصفحة ما سيلهي القارئ عن التركيز على الشكل الخارجي للنص أو شكل توضع الفقرات في الصفحة التي يقرأها.', 97, 1, '2016-10-23 09:24:36'),
(5, 3, 30, 0, 200, 150, 1, 20, 22, 1, '', 104, 1, '2016-10-31 12:19:29'),
(7, 6, 8, 0, 300, 200, 0, 0, 0, 0, '', 104, 1, '2016-11-15 12:25:14'),
(8, 7, 12, 0, 900, 400, 0, 0, 0, 0, '', 104, 1, '2016-11-16 07:36:25'),
(9, 8, 30, 0, 450, 250, 1, 0, 0, 0, '', 104, 1, '2016-11-16 08:21:31'),
(10, 9, 13, 0, 650, 100, 0, 0, 0, 0, '', 104, 1, '2016-11-16 08:48:09'),
(11, 1, 9, 0, 2020, 100, 2, 0, 0, 0, '', 104, 1, '2016-11-16 09:39:28'),
(12, 10, 15, 0, 320, 100, 0, 0, 0, 0, '', 104, 1, '2016-11-16 11:02:54'),
(13, 11, 30, 0, 494, 200, 1, 0, 0, 0, '', 104, 1, '2016-11-16 11:49:09'),
(14, 12, 17, 0, 350, 100, 0, 0, 0, 0, '', 104, 1, '2016-11-16 12:21:34'),
(15, 13, 18, 0, 420, 100, 0, 0, 0, 0, '', 104, 1, '2016-11-16 12:51:09'),
(16, 14, 30, 0, 820, 100, 1, 0, 0, 0, '', 104, 1, '2016-11-22 07:29:01'),
(17, 15, 21, 0, 295, 100, 0, 0, 0, 0, '', 104, 1, '2016-11-22 07:52:45'),
(18, 15, 8, 0, 295, 100, 0, 0, 0, 0, '', 104, 1, '2016-11-22 07:53:19'),
(19, 16, 22, 0, 450, 100, 0, 0, 0, 0, '', 104, 1, '2016-11-22 08:42:06'),
(20, 17, 23, 0, 220, 100, 0, 0, 0, 0, '', 104, 1, '2016-11-22 09:54:22'),
(21, 18, 30, 0, 550, 100, 1, 0, 0, 0, '', 104, 1, '2016-11-22 10:15:49'),
(22, 19, 25, 0, 275, 100, 0, 0, 0, 0, '', 104, 1, '2016-11-22 10:44:01'),
(23, 20, 30, 1500, 485, 100, 1, 0, 0, 0, '', 104, 1, '2016-11-22 11:20:45'),
(24, 21, 27, 0, 30, 45, 0, 0, 0, 0, '', 111, 1, '2016-12-01 13:30:44'),
(25, 26, 28, 0, 100, 50, 0, 0, 0, 0, '', 117, 1, '2016-12-17 10:13:47'),
(27, 28, 40, 0, 120, 30, 7, 0, 0, 0, '', 130, 1, '2017-01-04 09:05:13'),
(29, 29, 40, 120, 6200, 6200, 0, 0, 0, 0, '', 113, 1, '2017-01-18 11:09:58'),
(31, 32, 31, 0, 6850, 6850, 0, 0, 0, 0, '', 113, 1, '2017-01-18 12:13:17'),
(32, 31, 42, 500, 200, 100, 0, 0, 0, 0, '', 130, 1, '2017-01-18 16:03:28'),
(33, 27, 40, 0, 120, 120, 7, 0, 0, 0, '', 0, 0, '2017-02-26 09:34:11'),
(34, 20, 41, 111, 111, 111, 0, 0, 0, 0, '', 0, 0, '2017-03-08 12:41:08'),
(35, 30, 43, 1200, 250, 100, 0, 0, 0, 0, '', 0, 0, '2017-03-13 11:16:45'),
(36, 31, 43, 2000, 1500, 1200, 0, 0, 0, 0, '', 0, 0, '2017-03-13 11:17:32');

-- --------------------------------------------------------

--
-- Table structure for table `programs_levels`
--

CREATE TABLE `programs_levels` (
  `id` int(11) NOT NULL,
  `title_ar` varchar(255) DEFAULT NULL,
  `title_en` varchar(255) NOT NULL,
  `active` int(11) NOT NULL,
  `created_by` int(11) NOT NULL,
  `branches_id` int(11) NOT NULL,
  `is_deleted` int(11) NOT NULL,
  `deleted_by` int(11) NOT NULL
) ENGINE=InnoDB DEFAULT CHARSET=utf8;

--
-- Dumping data for table `programs_levels`
--

INSERT INTO `programs_levels` (`id`, `title_ar`, `title_en`, `active`, `created_by`, `branches_id`, `is_deleted`, `deleted_by`) VALUES
(2, 'اقتصادى', '0', 1, 97, 14, 0, 0),
(3, '5 نجوم', '0', 1, 104, 25, 0, 0),
(4, '4 نجوم', '0', 1, 104, 25, 0, 0),
(5, '3 نجوم', '0', 1, 104, 25, 0, 0),
(6, '5 نجوم', '5 stars', 1, 130, 47, 0, 0),
(7, '5 نجوم', '5 stars', 1, 141, 58, 0, 0);

-- --------------------------------------------------------

--
-- Table structure for table `programs_reservations`
--

CREATE TABLE `programs_reservations` (
  `id` int(11) NOT NULL,
  `reservation_code` varchar(255) NOT NULL,
  `program_trip_rates_id` int(11) NOT NULL,
  `fullname` varchar(255) NOT NULL,
  `phone` varchar(255) NOT NULL,
  `email` varchar(255) NOT NULL,
  `birthdate` date NOT NULL,
  `no_of_adults` int(11) NOT NULL,
  `no_of_childs` int(11) NOT NULL,
  `no_of_infants` int(11) NOT NULL,
  `reservation_price` decimal(11,2) NOT NULL,
  `created_at` timestamp NOT NULL DEFAULT CURRENT_TIMESTAMP
) ENGINE=InnoDB DEFAULT CHARSET=utf8;

--
-- Dumping data for table `programs_reservations`
--

INSERT INTO `programs_reservations` (`id`, `reservation_code`, `program_trip_rates_id`, `fullname`, `phone`, `email`, `birthdate`, `no_of_adults`, `no_of_childs`, `no_of_infants`, `reservation_price`, `created_at`) VALUES
(31, '', 35, 'aaaa', '000', 'aa@aa.com', '1992-11-17', 1, 1, 0, '22650.00', '2017-04-19 11:03:35'),
(32, '', 35, 'aaa', '000', 'mr.success789@gmail.com', '1992-11-17', 1, 0, 0, '22650.00', '2017-04-19 11:21:41'),
(33, '', 35, 'aaa', '000', 'mr.success789@gmail.com', '1992-11-17', 1, 0, 0, '22650.00', '2017-04-19 11:21:53'),
(34, '', 35, 'aaa', '000', 'mr.success789@gmail.com', '1992-11-17', 1, 0, 0, '22650.00', '2017-04-19 11:22:33'),
(35, '', 35, '000', '000', 'mr.success789@gmail.com', '1992-11-17', 1, 0, 0, '22500.00', '2017-04-19 11:24:25'),
(36, '', 35, 'aaa', '000', 'mr.success789@gmail.com', '1992-11-17', 1, 1, 0, '23150.00', '2017-04-19 11:27:32'),
(37, '', 35, '000', '000', 'mr.success789@gmail.com', '1992-11-17', 1, 0, 0, '22500.00', '2017-04-19 11:29:19'),
(38, '', 35, '000', '000', 'mr.success789@gmail.com', '1992-11-17', 1, 0, 0, '22650.00', '2017-04-19 11:31:41'),
(39, '', 35, '000', '000', 'mr.success789@gmail.com', '1992-11-17', 1, 0, 0, '22650.00', '2017-04-19 11:31:43'),
(40, '', 35, '000', '000', 'mr.success789@gmail.com', '1992-11-17', 1, 0, 0, '22650.00', '2017-04-19 11:31:43'),
(41, '', 35, '000', '000', 'mr.success789@gmail.com', '1992-11-17', 1, 0, 0, '22650.00', '2017-04-19 11:31:44'),
(42, '', 35, '000', '000', 'mr.success789@gmail.com', '1992-11-17', 1, 0, 0, '22650.00', '2017-04-19 11:31:44'),
(43, '', 35, '000', '000', 'mr.success789@gmail.com', '1992-11-17', 1, 0, 0, '22650.00', '2017-04-19 11:31:44'),
(44, '', 35, '000', '000', 'mr.success789@gmail.com', '1992-11-17', 1, 0, 0, '22650.00', '2017-04-19 11:31:44'),
(45, '', 35, '000', '000', 'mr.success789@gmail.com', '1992-11-17', 1, 0, 0, '22650.00', '2017-04-19 11:31:45'),
(46, '', 35, '000', '000', 'mr.success789@gmail.com', '1992-11-17', 1, 0, 0, '22650.00', '2017-04-19 11:31:45'),
(47, '', 35, '000', '55', 'mr.success789@gmail.com', '1992-11-17', 1, 0, 0, '22500.00', '2017-04-19 11:32:35'),
(48, '', 35, 'aaa', '000', 'mr.success789@gmail.com', '1992-11-17', 1, 1, 0, '23150.00', '2017-04-19 11:36:47'),
(49, '', 35, 'aaa', '000', 'mr.success789@gmail.com', '1992-11-17', 1, 0, 0, '23150.00', '2017-04-19 11:52:48'),
(50, '', 35, '   000', '000', 'mr.success789@gmail.com', '1992-11-17', 1, 0, 0, '22500.00', '2017-04-19 11:53:35'),
(51, '', 35, '000', '000', 'mr.success789@gmail.com', '1992-11-17', 1, 0, 0, '23150.00', '2017-04-19 12:57:11'),
(52, '', 35, '000', '000', 'mr.success789@gmail.com', '1992-11-17', 1, 0, 0, '22650.00', '2017-04-19 13:03:40'),
(53, '', 35, 'aaa', '000', 'mr.success789@gmail.com', '1992-11-17', 1, 0, 0, '23150.00', '2017-04-19 13:26:30'),
(54, '', 35, 'aaaa', '000', 'mr.success789@gmail.com', '1992-11-17', 1, 0, 0, '23150.00', '2017-04-19 13:48:12'),
(55, '', 35, 'aaaa', '000', 'mr.success789@gmail.com', '1992-11-17', 1, 0, 0, '23150.00', '2017-04-19 13:48:19'),
(56, '', 35, 'aaaa', '000', 'mr.success789@gmail.com', '1992-11-17', 1, 0, 0, '23150.00', '2017-04-19 13:48:45'),
(57, '', 35, 'aaaa', '000', 'mr.success789@gmail.com', '1992-11-17', 1, 0, 0, '23150.00', '2017-04-19 13:48:45'),
(58, '', 35, 'aaaa', '000', 'mr.success789@gmail.com', '1992-11-17', 1, 0, 0, '23150.00', '2017-04-19 13:48:45'),
(59, '', 35, 'aaaa', '000', 'mr.success789@gmail.com', '1992-11-17', 1, 0, 0, '23150.00', '2017-04-19 13:48:46'),
(60, '', 35, '00', '000', 'mr.success789@gmail.com', '1992-11-17', 1, 0, 0, '23150.00', '2017-04-19 13:49:04'),
(61, '', 35, 'aaa', '00', 'mr.success789@gmail.com', '1992-11-17', 1, 1, 0, '23150.00', '2017-04-19 13:50:39'),
(62, '', 35, 'aaa', '000', 'mr.success789@gmail.com', '1992-11-17', 3, 1, 0, '53030.00', '2017-04-19 14:26:19'),
(63, '', 35, '0000', '0000', 'mr.success789@gmail.com', '1992-11-17', 3, 0, 0, '52780.00', '2017-04-19 14:52:42'),
(64, '', 43, 'aaa', '0000', 'mr.success789@gmail.com', '1992-11-17', 1, 0, 0, '22500.00', '2017-04-19 15:21:12'),
(65, '', 31, 'aaa', '000', 'mr.success789@gmail.com', '1992-11-17', 1, 0, 0, '23500.00', '2017-04-19 16:23:44'),
(66, '', 43, 'aaa', '0000', 'mr.success789@gmail.com', '1992-11-17', 1, 0, 0, '22500.00', '2017-04-20 13:27:24'),
(67, '', 43, 'asasas', '000', 'aa@aa.com', '1992-11-17', 1, 0, 0, '22500.00', '2017-04-20 14:22:27'),
(68, '', 55, 'aaa', '000', 'mr.success789@gmail.com', '1992-11-17', 1, 0, 0, '15000.00', '2017-04-20 16:01:05'),
(69, '', 55, 'عمرو محمد اسماعيل', '000', 'mr.success789@gmail.com', '1992-11-17', 1, 0, 0, '15000.00', '2017-04-20 16:27:50'),
(70, '', 55, 'ssadasdasd', '0000', 'mr.success789@gmail.com', '1992-11-17', 1, 0, 0, '15000.00', '2017-04-20 16:31:57'),
(71, '', 55, 'aaa', '0000', 'mr.success789@gmail.com', '1992-11-17', 1, 0, 0, '15000.00', '2017-04-20 16:33:59'),
(72, '', 55, 'aaa', '0000', 'mr.success789@gmail.com', '1992-11-17', 1, 0, 0, '15000.00', '2017-04-20 17:17:26'),
(73, '', 55, 'aaa', '00', 'aa@aa.com', '1992-11-17', 1, 0, 0, '15000.00', '2017-04-20 17:18:18'),
(74, '', 55, 'aaa', '0000', 'mr.success789@gmail.com', '1992-11-17', 1, 0, 0, '15000.00', '2017-04-20 17:19:04'),
(75, '', 55, 'aaa', '0000', 'mr.success789@gmail.com', '1992-11-17', 1, 0, 0, '15000.00', '2017-04-20 17:29:34'),
(76, '', 55, 'aaa', '0000', 'mr.success789@gmail.com', '1992-11-17', 1, 0, 0, '15000.00', '2017-04-20 17:30:09'),
(77, '', 55, 'aaa', '000', 'mr.success789@gmail.com', '1992-11-17', 1, 0, 0, '15000.00', '2017-04-20 17:38:12'),
(78, '', 55, 'aaa', '55', 'mr.success789@gmail.com', '1992-11-17', 2, 0, 0, '23000.00', '2017-04-20 17:41:17'),
(79, '', 55, 'aaa', '000', 'mr.success789@gmail.com', '1992-11-17', 1, 0, 0, '15000.00', '2017-04-20 17:52:59'),
(80, '', 55, 'aaa', '000', 'mr.success789@gmail.com', '1992-11-17', 1, 0, 0, '15000.00', '2017-04-20 17:55:38'),
(81, '', 55, 'aaa', '000', 'mr.success789@gmail.com', '1992-11-17', 1, 0, 0, '15000.00', '2017-04-20 18:00:49'),
(82, '', 82, 'sd', '21231', 'amrandcompany@gmail.com', '1985-04-10', 1, 0, 0, '31000.00', '2017-04-23 10:53:48'),
(83, '', 82, 'walid Elkelany', '324234', 'amrandcompany@gmail.com', '1985-04-10', 1, 0, 0, '31000.00', '2017-04-23 10:56:02'),
(84, '', 82, 'sd', '23213', 'amrandcompany@gmail.com', '1985-04-10', 1, 0, 0, '31000.00', '2017-04-23 10:58:40');

-- --------------------------------------------------------

--
-- Table structure for table `programs_reservations_payment_data`
--

CREATE TABLE `programs_reservations_payment_data` (
  `id` int(11) NOT NULL,
  `programs_reservations_id` int(11) NOT NULL,
  `pay_ways_value` enum('company','home','work') NOT NULL,
  `home_phone` varchar(255) NOT NULL,
  `home_date_of_collection` date NOT NULL,
  `home_address` varchar(255) NOT NULL,
  `work_phone` varchar(255) NOT NULL,
  `work_date_of_collection` date NOT NULL,
  `work_address` varchar(255) NOT NULL
) ENGINE=InnoDB DEFAULT CHARSET=utf8;

--
-- Dumping data for table `programs_reservations_payment_data`
--

INSERT INTO `programs_reservations_payment_data` (`id`, `programs_reservations_id`, `pay_ways_value`, `home_phone`, `home_date_of_collection`, `home_address`, `work_phone`, `work_date_of_collection`, `work_address`) VALUES
(1, 63, 'company', '', '0000-00-00', '', '', '0000-00-00', ''),
(2, 81, 'company', '', '0000-00-00', '', '', '0000-00-00', '');

-- --------------------------------------------------------

--
-- Table structure for table `programs_reservations_rooms`
--

CREATE TABLE `programs_reservations_rooms` (
  `id` int(11) NOT NULL,
  `programs_reservations_id` int(11) NOT NULL,
  `hotel_room_types_id` int(11) NOT NULL,
  `no_of_adults_in_room` int(11) NOT NULL
) ENGINE=InnoDB DEFAULT CHARSET=utf8;

--
-- Dumping data for table `programs_reservations_rooms`
--

INSERT INTO `programs_reservations_rooms` (`id`, `programs_reservations_id`, `hotel_room_types_id`, `no_of_adults_in_room`) VALUES
(1, 8, 14, 2),
(2, 11, 20, 1),
(3, 12, 20, 1),
(4, 13, 20, 1),
(5, 13, 21, 1),
(6, 14, 20, 1),
(7, 15, 20, 1),
(8, 16, 20, 2),
(9, 17, 20, 1),
(10, 25, 38, 1),
(11, 26, 38, 1),
(12, 27, 38, 1),
(13, 28, 38, 1),
(14, 29, 38, 1),
(15, 30, 26, 1),
(16, 31, 26, 1),
(17, 32, 26, 1),
(18, 33, 26, 1),
(19, 34, 26, 1),
(20, 35, 26, 1),
(21, 36, 26, 1),
(22, 37, 26, 1),
(23, 38, 26, 1),
(24, 39, 26, 1),
(25, 40, 26, 1),
(26, 41, 26, 1),
(27, 42, 26, 1),
(28, 43, 26, 1),
(29, 44, 26, 1),
(30, 45, 26, 1),
(31, 46, 26, 1),
(32, 47, 26, 1),
(33, 48, 26, 1),
(34, 49, 26, 1),
(35, 50, 26, 1),
(36, 51, 26, 1),
(37, 52, 26, 1),
(38, 53, 26, 1),
(39, 54, 20, 1),
(40, 55, 20, 1),
(41, 56, 20, 1),
(42, 57, 20, 1),
(43, 58, 20, 1),
(44, 59, 20, 1),
(45, 60, 20, 1),
(46, 61, 20, 1),
(47, 62, 20, 1),
(48, 62, 21, 2),
(49, 63, 20, 1),
(50, 63, 21, 2),
(51, 64, 20, 1),
(52, 65, 20, 1),
(53, 66, 20, 1),
(54, 67, 20, 1),
(55, 68, 20, 1),
(56, 69, 20, 1),
(57, 70, 20, 1),
(58, 71, 20, 1),
(59, 72, 20, 1),
(60, 73, 20, 1),
(61, 74, 20, 1),
(62, 75, 20, 1),
(63, 76, 20, 1),
(64, 77, 20, 1),
(65, 78, 21, 2),
(66, 79, 20, 1),
(67, 80, 20, 1),
(68, 81, 20, 1),
(69, 82, 21, 1),
(70, 83, 21, 1),
(71, 84, 21, 1);

-- --------------------------------------------------------

--
-- Table structure for table `programs_reservations_services`
--

CREATE TABLE `programs_reservations_services` (
  `id` int(11) NOT NULL,
  `programs_reservations_id` int(11) NOT NULL,
  `program_extra_services_id` int(11) NOT NULL,
  `no_of_adults` int(11) NOT NULL
) ENGINE=InnoDB DEFAULT CHARSET=utf8;

--
-- Dumping data for table `programs_reservations_services`
--

INSERT INTO `programs_reservations_services` (`id`, `programs_reservations_id`, `program_extra_services_id`, `no_of_adults`) VALUES
(5, 3, 6, 0),
(6, 3, 12, 1),
(7, 4, 6, 0),
(8, 4, 12, 2),
(9, 5, 6, 0),
(10, 5, 12, 2),
(11, 6, 6, 0),
(12, 6, 12, 2),
(13, 7, 6, 0),
(14, 7, 8, 1),
(15, 8, 9, 2),
(16, 9, 15, 0),
(17, 9, 14, 1),
(18, 10, 14, 1),
(19, 11, 21, 0),
(20, 11, 20, 1),
(21, 12, 21, 0),
(22, 12, 20, 1),
(23, 13, 21, 0),
(24, 13, 20, 1),
(25, 13, 22, 1),
(26, 14, 21, 0),
(27, 15, 21, 0),
(28, 16, 21, 0),
(29, 16, 20, 2),
(30, 17, 21, 0),
(31, 17, 20, 1),
(32, 18, 21, 0),
(33, 18, 20, 1),
(34, 19, 21, 0),
(35, 19, 20, 1),
(36, 20, 21, 0),
(37, 20, 20, 1),
(38, 27, 2, 0),
(39, 28, 2, 0),
(40, 28, 2, 1),
(41, 28, 3, 1),
(42, 29, 2, 0),
(43, 29, 2, 1),
(44, 29, 3, 1),
(45, 30, 2, 0),
(46, 31, 2, 0),
(47, 32, 2, 0),
(48, 33, 2, 0),
(49, 34, 2, 0),
(50, 36, 2, 0),
(51, 36, 4, 1),
(52, 38, 2, 0),
(53, 39, 2, 0),
(54, 40, 2, 0),
(55, 41, 2, 0),
(56, 42, 2, 0),
(57, 43, 2, 0),
(58, 44, 2, 0),
(59, 45, 2, 0),
(60, 46, 2, 0),
(61, 48, 2, 0),
(62, 48, 4, 1),
(63, 49, 2, 0),
(64, 49, 4, 1),
(65, 51, 2, 0),
(66, 51, 4, 1),
(67, 52, 2, 0),
(68, 53, 2, 0),
(69, 53, 4, 1),
(70, 54, 2, 0),
(71, 54, 4, 1),
(72, 55, 2, 0),
(73, 55, 4, 1),
(74, 56, 2, 0),
(75, 56, 4, 1),
(76, 57, 2, 0),
(77, 57, 4, 1),
(78, 58, 2, 0),
(79, 58, 4, 1),
(80, 59, 2, 0),
(81, 59, 4, 1),
(82, 60, 2, 0),
(83, 60, 4, 1),
(84, 61, 2, 0),
(85, 61, 4, 1),
(86, 62, 21, 0),
(87, 62, 2, 1),
(88, 62, 25, 1),
(89, 63, 21, 0),
(90, 63, 2, 1);

-- --------------------------------------------------------

--
-- Table structure for table `programs_seasons`
--

CREATE TABLE `programs_seasons` (
  `id` int(11) NOT NULL,
  `title_ar` varchar(255) DEFAULT NULL,
  `active` int(11) NOT NULL,
  `created_by` int(11) NOT NULL,
  `is_deleted` int(11) NOT NULL,
  `deleted_by` int(11) NOT NULL
) ENGINE=InnoDB DEFAULT CHARSET=utf8;

--
-- Dumping data for table `programs_seasons`
--

INSERT INTO `programs_seasons` (`id`, `title_ar`, `active`, `created_by`, `is_deleted`, `deleted_by`) VALUES
(2, 'راس السنه', 1, 97, 0, 0),
(3, 'اجازة نصف السنة', 1, 104, 0, 0);

-- --------------------------------------------------------

--
-- Table structure for table `programs_slider`
--

CREATE TABLE `programs_slider` (
  `id` int(11) NOT NULL,
  `programs_id` int(11) NOT NULL,
  `image` varchar(255) NOT NULL
) ENGINE=InnoDB DEFAULT CHARSET=utf8;

--
-- Dumping data for table `programs_slider`
--

INSERT INTO `programs_slider` (`id`, `programs_id`, `image`) VALUES
(3, 4, 'f2.jpg'),
(4, 6, 'f11.jpg'),
(5, 6, 'f21.jpg'),
(6, 6, 'f31.jpg'),
(15, 7, '65478437.jpg'),
(16, 7, '65483858.jpg'),
(17, 8, '47074084.jpg'),
(18, 8, '56344945.jpg'),
(19, 9, '61553430.jpg'),
(20, 9, '8691074.jpg'),
(21, 10, '25853325.jpg'),
(22, 10, '25852897.jpg'),
(23, 10, '80301687.jpg'),
(24, 10, '25853034.jpg'),
(25, 11, '79325638.jpg'),
(26, 11, '63789781.jpg'),
(27, 11, '64025613.jpg'),
(28, 11, '79837986.jpg'),
(29, 11, '79835074.jpg'),
(30, 12, '59166379.jpg'),
(31, 12, '75654135.jpg'),
(32, 12, '62428.jpg'),
(33, 13, '31882048.jpg'),
(34, 13, '51459331.jpg'),
(35, 13, '33410979.jpg'),
(36, 13, '51459266.jpg'),
(37, 4, '8691286.jpg'),
(38, 4, '8690955.jpg'),
(39, 14, 'restuarants--v6048139.jpg'),
(40, 14, 'sports-facilities--v6048086.jpg'),
(41, 14, 'pool--v6048064.jpg'),
(42, 15, '109-1398943018original.jpg'),
(43, 15, '109-1398943124original.jpg'),
(44, 15, '109-1400748954original.jpg'),
(45, 15, '109-1429625139original.jpg'),
(46, 15, '109-1398943048original.jpg'),
(47, 16, '69-1460379392original.jpg'),
(48, 16, '69-1460379343original.jpg'),
(49, 16, '69-1460379375original.jpg'),
(50, 16, '69-1460379415original.jpg'),
(51, 17, '202-1460464298original.jpg'),
(52, 17, '202-1460464310original.jpg'),
(53, 17, '202-1460464368original.jpg'),
(54, 17, '202-1460464362original.jpg'),
(55, 18, '123-1460454513original.jpg'),
(56, 18, '123-1460454576original.jpg'),
(57, 18, '123-1460454539original.jpg'),
(60, 19, '47-1460532352original.jpg'),
(61, 19, '47-1460532398original.jpg'),
(62, 19, '47-1460532367original.jpg'),
(63, 19, '47-1460532408original.jpg'),
(64, 20, '132-1460470956original.jpg'),
(65, 20, '132-1460470878original.jpg'),
(66, 20, '132-1460470933original.jpg'),
(67, 20, '132-1460470915original.jpg'),
(173, 27, 's_869433_63.jpg'),
(174, 27, 's_17434_51.jpg'),
(187, 20, 's_927240_about_us3.jpg'),
(192, 22, 's_677425_about_us5.jpg'),
(202, 20, 's_14295_about_us8.jpg'),
(203, 20, 's_421699_about_us9.jpg'),
(204, 20, 's_556338_about_us10.jpg'),
(208, 1, 's_858769_PALC-PEP-11.jpg'),
(209, 1, 's_632101_437388861.jpg'),
(210, 1, 's_271482_HI350123209.jpg'),
(211, 1, 's_70937_about_us11.jpg'),
(212, 1, 's_380446_PALC-PEP-12.jpg'),
(215, 30, 's_51096_13-04-11_09-14-24am_483774633-14.jpg'),
(216, 30, 's_134313_alex6.jpg'),
(217, 30, 's_230379_slide-show-hotel-4.jpg'),
(218, 30, 's_773456_slide-show-hotel-5.jpg'),
(219, 31, 's_452665_16729670_1865534940356934_800621975_n.jpg'),
(222, 29, 's_734745_beach.jpg'),
(242, 28, 's_538446_bg-image9.jpg'),
(243, 28, 's_480384_bg-image10.jpg'),
(244, 28, 's_44465_bg-image11.jpg'),
(245, 32, 's_673018_Madina-Suite_property_banner.jpg'),
(246, 32, 's_263877_maxresdefault.jpg'),
(247, 32, 's_20911_Hyatt-Regency-Makkah-P019-King-Bedroom-with-View_gallery-2-3-item-panel.jpg'),
(248, 32, 's_864642_Hyatt-Regency-Makkah-P003-Exterior_gallery-2-3-item-panel.jpg'),
(249, 32, 's_684107_CtMCg3nXgAAcSGi.jpg'),
(250, 73, 's_456376_bg-image101.jpg'),
(251, 73, 's_522228_bg-image13.jpg'),
(252, 33, 's_307338_bg-image91.jpg'),
(253, 33, 's_373239_bg-image102.jpg');

-- --------------------------------------------------------

--
-- Table structure for table `program_advantages`
--

CREATE TABLE `program_advantages` (
  `id` int(11) NOT NULL,
  `title_ar` varchar(255) DEFAULT NULL,
  `title_en` varchar(255) NOT NULL,
  `image` varchar(255) NOT NULL,
  `active` int(11) NOT NULL
) ENGINE=InnoDB DEFAULT CHARSET=utf8;

--
-- Dumping data for table `program_advantages`
--

INSERT INTO `program_advantages` (`id`, `title_ar`, `title_en`, `image`, `active`) VALUES
(1, 'طيران', '', '20160111-003750-2025.png', 1),
(2, 'بري', '', '20160111-003706-555.png', 1),
(3, 'منتجع صحى', '', '20160111-003812-650.png', 1),
(4, 'واى فاى', '', '20160111-003950-1968.png', 1),
(5, 'قهوة', '', '20160111-003817-1406.png', 1),
(6, 'ملاعب', '', '20160111-003755-2205.png', 1),
(7, 'حمام سباحة و شاطىء', '', '20160111-003904-150.png', 1),
(8, '-جيم', '', '20160111-003743-1681.png', 1),
(12, 'جاكوزى وسونا', '', '20160111-003954-1681.png', 1),
(13, 'غرف للمدخنين', '', '20160111-003926-840.png', 1),
(14, 'صندوق امانات', '', '20160111-003725-756.png', 1),
(15, 'غرف لذوى اﻻحتياجات الخاصة', '', '20160111-003730-1190.png', 1),
(16, 'مركز صحى', '', '20160111-003821-624.png', 1),
(17, 'ماكينات صرف الى', '', '20160111-003704-666.png', 1),
(21, 'جراج سيارات', 'barking', '20160111-003713-625.png', 1),
(22, 'على ساحة الحرم', ' e', '20160111-004008-585.png', 1),
(23, 'مطاعم', 'ش', '20160111-003909-828.png', 1),
(24, 'مصلى', 'ي', '20160111-004000-640.png', 1),
(25, 'خدمة غرف', 'ر', '20160111-003953-2499.x-icon', 1),
(26, 'تكيف', 'تكيف', '20160111-003705-187.png', 1),
(27, 'فندق مميز', 'فندق مميز', '20160111-003936-1444.png', 1),
(28, 'بالانتقالات', 'بالانتقالات', '20160111-003740-1482.png', 1);

-- --------------------------------------------------------

--
-- Table structure for table `program_categories`
--

CREATE TABLE `program_categories` (
  `id` int(11) NOT NULL,
  `title_ar` varchar(150) NOT NULL,
  `title_en` varchar(150) NOT NULL,
  `parent_id` int(11) NOT NULL,
  `hotels_required` tinyint(1) NOT NULL DEFAULT '1',
  `active` tinyint(1) NOT NULL DEFAULT '1',
  `created_by` int(11) NOT NULL
) ENGINE=InnoDB DEFAULT CHARSET=utf8;

--
-- Dumping data for table `program_categories`
--

INSERT INTO `program_categories` (`id`, `title_ar`, `title_en`, `parent_id`, `hotels_required`, `active`, `created_by`) VALUES
(6, 'برامج العمرة', 'Umrah Programs', 0, 1, 1, 0),
(7, ' المولد النبوي', 'Birth of the Prophet', 6, 1, 1, 0),
(8, 'اجازة نصف العام', 'mid-year vacation', 6, 1, 1, 0),
(9, 'برامج الحج', 'Hajj Programs', 0, 1, 1, 141),
(10, 'رجب و شعبان', 'Rajab and Shaaban', 6, 1, 1, 141),
(11, 'الاسراء و المعراج', 'Israa and meraaj', 6, 1, 1, 141),
(12, 'اخر شعبان - اول رمضان', 'The last of Shaaban - the first Ramadan', 6, 1, 1, 141),
(13, 'اول رمضان', 'First Ramadan', 6, 1, 1, 141),
(14, 'نصف رمضان', 'Half Ramadan', 6, 1, 1, 141),
(15, 'ختام مكة', 'The conclusion of Mecca', 6, 1, 1, 141),
(16, 'ختام المدينة', 'The conclusion of madinh', 6, 1, 1, 141),
(17, 'عمرة رجال الاعمال', 'Businessmen Umrah', 6, 1, 1, 141),
(18, 'الحج المباشر 14 يوم', 'Direct Hajj 14 days', 9, 1, 1, 141),
(19, 'الحج المباشر 10 ايام', 'Direct Hajj 10 days', 9, 1, 1, 141),
(20, 'الحج المباشر 10 ايام-مجر الكبش', 'Direct Hajj 10 days - Magar El Kabsh', 9, 1, 1, 141),
(21, 'حج 5 نجوم أ', '5 star pilgrimage a', 9, 1, 1, 141),
(22, 'حج 5 نجوم ب', '5 star pilgrimage b', 9, 1, 1, 141),
(23, 'حج 4 نجوم', '4 star pilgrimage', 9, 1, 1, 141),
(24, 'حج اقتصادي- تحسين 5 نجوم', 'Cheap Hajj - 5 star improvement', 9, 1, 1, 141),
(25, 'حج بري - تحسين 5 نجوم', 'Pilgrimage - 5 star improvement', 9, 1, 1, 141),
(26, 'رمضان شهر كامل', 'full Ramadan', 6, 1, 1, 141);

-- --------------------------------------------------------

--
-- Table structure for table `program_cities`
--

CREATE TABLE `program_cities` (
  `id` int(11) NOT NULL,
  `programs_id` int(11) NOT NULL,
  `countries_id` int(11) NOT NULL,
  `cities_id` int(11) NOT NULL,
  `maka_madina_hotels_id` int(11) NOT NULL,
  `nights` int(11) NOT NULL
) ENGINE=InnoDB DEFAULT CHARSET=utf8;

--
-- Dumping data for table `program_cities`
--

INSERT INTO `program_cities` (`id`, `programs_id`, `countries_id`, `cities_id`, `maka_madina_hotels_id`, `nights`) VALUES
(3, 27, 72, 73, 28, 4),
(4, 23, 72, 73, 28, 1),
(5, 23, 72, 73, 28, 1),
(6, 23, 72, 73, 28, 1),
(7, 23, 72, 73, 28, 2),
(8, 23, 72, 73, 28, 2),
(9, 28, 72, 74, 53, 4),
(10, 32, 72, 75, 67, 5),
(11, 32, 72, 74, 55, 4),
(13, 33, 72, 75, 67, 5),
(15, 35, 72, 74, 54, 4),
(16, 35, 72, 75, 68, 5),
(17, 33, 72, 74, 55, 4),
(18, 40, 72, 74, 62, 4),
(19, 40, 72, 75, 68, 5),
(20, 41, 72, 74, 62, 4),
(21, 41, 72, 75, 79, 5),
(22, 42, 72, 74, 55, 4),
(23, 42, 72, 75, 68, 5),
(24, 43, 72, 74, 55, 4),
(25, 43, 72, 75, 70, 5),
(26, 44, 72, 74, 55, 4),
(27, 44, 72, 75, 79, 5),
(28, 45, 72, 74, 59, 4),
(29, 45, 72, 75, 68, 5),
(30, 46, 72, 74, 59, 4),
(31, 46, 72, 75, 70, 5),
(32, 47, 72, 74, 59, 4),
(33, 47, 72, 75, 69, 5),
(34, 48, 72, 74, 77, 4),
(35, 48, 72, 75, 79, 5),
(36, 49, 72, 74, 78, 4),
(37, 49, 72, 75, 79, 5),
(38, 50, 72, 74, 55, 4),
(39, 50, 72, 75, 68, 5),
(40, 51, 72, 74, 59, 4),
(41, 51, 72, 75, 68, 5),
(42, 52, 72, 74, 59, 4),
(43, 52, 72, 75, 79, 5),
(44, 53, 72, 74, 77, 4),
(45, 53, 72, 75, 79, 5),
(46, 54, 72, 74, 55, 4),
(47, 54, 72, 75, 68, 5),
(48, 55, 72, 74, 59, 4),
(49, 55, 72, 75, 68, 5),
(50, 56, 72, 74, 59, 4),
(51, 56, 72, 75, 70, 5),
(52, 57, 72, 74, 77, 4),
(53, 57, 72, 75, 70, 5),
(54, 58, 72, 74, 55, 4),
(55, 58, 72, 75, 68, 5),
(56, 59, 72, 74, 59, 4),
(57, 59, 72, 75, 68, 5),
(58, 60, 72, 74, 59, 4),
(59, 60, 72, 75, 70, 5),
(60, 61, 72, 74, 77, 4),
(61, 61, 72, 75, 70, 5),
(62, 62, 72, 74, 59, 4),
(63, 62, 72, 75, 68, 12),
(64, 63, 72, 74, 59, 4),
(65, 63, 72, 75, 70, 12),
(68, 64, 72, 74, 77, 4),
(69, 64, 72, 75, 70, 12),
(70, 65, 72, 74, 77, 4),
(71, 65, 72, 75, 68, 12),
(72, 66, 72, 74, 55, 10),
(73, 66, 72, 75, 68, 4),
(74, 67, 72, 74, 59, 10),
(75, 67, 72, 75, 68, 4),
(76, 68, 72, 74, 80, 10),
(77, 68, 72, 75, 70, 4),
(78, 69, 72, 74, 81, 10),
(79, 69, 72, 75, 70, 4),
(81, 70, 72, 75, 70, 4),
(82, 70, 72, 74, 82, 10),
(83, 71, 72, 74, 77, 10),
(84, 71, 72, 75, 70, 4),
(85, 72, 72, 74, 83, 10),
(86, 72, 72, 75, 70, 4),
(87, 73, 72, 74, 78, 10),
(88, 73, 72, 75, 70, 4);

-- --------------------------------------------------------

--
-- Table structure for table `program_extra_services`
--

CREATE TABLE `program_extra_services` (
  `id` int(11) NOT NULL,
  `title_ar` varchar(255) DEFAULT NULL,
  `title_en` varchar(255) NOT NULL,
  `person_or_card` tinyint(1) NOT NULL,
  `active` int(11) NOT NULL
) ENGINE=InnoDB DEFAULT CHARSET=utf8;

--
-- Dumping data for table `program_extra_services`
--

INSERT INTO `program_extra_services` (`id`, `title_ar`, `title_en`, `person_or_card`, `active`) VALUES
(2, 'غذاء', 'غذاء', 1, 1),
(21, 'فطار', 'breakfast', 0, 1),
(25, 'سفر من صالة كبار الزوار', 'سفر من صالة كبار الزوار', 1, 1),
(26, 'خدمة حمل الحقائب', 'خدمة حمل الحقائب', 1, 1),
(27, 'ليموزين خاص', 'ليموزين خاص', 1, 1),
(28, 'اطلالة حرم', 'اطلالة حرم', 1, 1),
(29, 'اطلالة الكعبة', 'اطلالة الكعبة', 1, 1),
(30, 'خدمة ذوي الاحتياجات الخاصة', 'خدمة ذوي الاحتياجات الخاصة', 1, 1),
(31, 'مشرف خاص مرافق', 'مشرف خاص مرافق', 1, 1),
(32, 'خدمات طبية', 'خدمات طبية', 1, 1),
(33, 'خدمة النقل لمطار القاهرة', 'خدمة النقل لمطار القاهرة', 1, 1),
(34, 'تذكرة رجال اعمال', 'تذكرة رجال اعمال', 1, 1),
(35, 'طيران داخلى', 'طيران داخلى', 1, 1),
(36, 'وجبات خاصة على الطائرة', 'وجبات خاصة على الطائرة', 1, 1),
(37, 'خطوط موبايل', 'خطوط موبايل', 1, 1);

-- --------------------------------------------------------

--
-- Table structure for table `program_rooms_prices`
--

CREATE TABLE `program_rooms_prices` (
  `id` int(11) NOT NULL,
  `programs_id` int(11) NOT NULL,
  `hotel_room_types_id` int(11) NOT NULL,
  `hotel_room_meals_id` int(11) NOT NULL,
  `available_of_room` int(11) NOT NULL,
  `no_of_room_reserved` int(11) NOT NULL,
  `adult_price` decimal(10,0) NOT NULL,
  `child_price` decimal(11,0) NOT NULL,
  `infant_price` decimal(11,0) NOT NULL
) ENGINE=InnoDB DEFAULT CHARSET=utf8;

--
-- Dumping data for table `program_rooms_prices`
--

INSERT INTO `program_rooms_prices` (`id`, `programs_id`, `hotel_room_types_id`, `hotel_room_meals_id`, `available_of_room`, `no_of_room_reserved`, `adult_price`, `child_price`, `infant_price`) VALUES
(1, 32, 16, 1, 222, 0, '217', '0', '0'),
(2, 35, 17, 2, 2, 0, '14800', '7500', '5500'),
(3, 35, 16, 2, 3, 0, '16000', '7500', '5500'),
(4, 35, 21, 2, 5, 0, '18400', '7500', '5500'),
(6, 35, 20, 2, 2, 0, '29500', '7500', '5500'),
(7, 40, 17, 2, 2, 0, '13400', '7500', '5500'),
(8, 40, 16, 2, 3, 0, '14700', '7500', '5500'),
(9, 40, 21, 2, 5, 0, '16900', '7500', '5500'),
(10, 40, 20, 2, 2, 0, '26000', '7500', '5500'),
(11, 42, 17, 2, 2, 0, '13400', '7500', '5500'),
(12, 42, 16, 2, 3, 0, '14500', '7500', '5500'),
(13, 42, 21, 2, 5, 0, '17000', '7500', '5500'),
(14, 42, 20, 2, 2, 0, '26000', '7500', '5500'),
(15, 33, 17, 2, 2, 0, '16000', '7500', '5500'),
(16, 33, 16, 2, 3, 0, '17250', '7500', '5500'),
(17, 33, 21, 2, 5, 0, '19600', '7500', '5500'),
(18, 33, 20, 2, 2, 0, '31900', '7500', '5500'),
(19, 43, 17, 2, 2, 0, '12750', '7500', '5500'),
(20, 43, 16, 2, 3, 0, '13750', '7500', '5500'),
(21, 43, 21, 2, 5, 0, '15750', '7500', '5500'),
(22, 43, 20, 2, 2, 0, '23500', '7500', '5500'),
(23, 44, 17, 2, 2, 0, '12400', '7500', '5500'),
(24, 44, 16, 2, 3, 0, '13400', '7500', '5500'),
(25, 44, 21, 2, 5, 0, '14990', '7500', '5500'),
(26, 44, 20, 2, 2, 0, '22500', '7500', '5500'),
(27, 45, 17, 1, 2, 0, '12200', '7500', '5500'),
(28, 45, 16, 1, 3, 0, '13600', '7500', '5500'),
(29, 45, 21, 1, 5, 0, '16500', '7500', '5500'),
(30, 45, 20, 1, 2, 0, '25000', '7500', '5500'),
(31, 46, 17, 1, 2, 0, '11500', '7500', '5500'),
(32, 46, 16, 1, 3, 0, '12750', '7500', '5500'),
(33, 46, 21, 1, 5, 0, '15250', '7500', '5500'),
(34, 46, 20, 1, 2, 0, '22500', '7500', '5500'),
(35, 47, 17, 1, 2, 0, '11100', '7500', '5500'),
(36, 47, 16, 1, 3, 0, '12300', '7500', '5500'),
(37, 47, 21, 1, 5, 0, '14500', '7500', '5500'),
(38, 47, 20, 1, 2, 0, '21500', '7500', '5500'),
(39, 48, 17, 1, 2, 0, '10300', '7500', '5500'),
(40, 48, 16, 1, 3, 0, '11200', '7500', '5500'),
(41, 48, 21, 1, 5, 0, '12750', '7500', '5500'),
(42, 48, 20, 1, 2, 0, '17900', '7500', '5500'),
(43, 49, 17, 1, 2, 0, '9650', '7500', '5500'),
(44, 49, 16, 1, 3, 0, '10300', '7500', '5500'),
(45, 49, 21, 1, 5, 0, '11500', '7500', '5500'),
(46, 49, 20, 1, 2, 0, '15000', '7500', '5500'),
(47, 50, 17, 2, 2, 0, '23000', '9000', '7500'),
(48, 50, 16, 2, 3, 0, '24900', '9000', '7500'),
(49, 50, 21, 2, 5, 0, '29000', '9000', '7500'),
(50, 50, 20, 2, 2, 0, '47500', '9000', '7500'),
(51, 51, 20, 1, 2, 0, '41250', '9000', '7500'),
(52, 51, 17, 1, 2, 0, '21450', '9000', '7500'),
(53, 51, 16, 1, 3, 0, '22950', '9000', '7500'),
(54, 51, 21, 1, 5, 0, '26200', '9000', '7500'),
(55, 52, 21, 1, 5, 0, '24250', '9000', '7500'),
(56, 52, 20, 1, 2, 0, '37500', '9000', '7500'),
(57, 52, 16, 1, 3, 0, '21700', '9000', '7500'),
(58, 52, 17, 1, 2, 0, '20500', '9000', '7500'),
(59, 53, 17, 1, 2, 0, '14100', '9000', '7500'),
(60, 53, 16, 1, 3, 0, '15200', '9000', '7500'),
(61, 53, 21, 1, 5, 0, '17500', '9000', '7500'),
(62, 53, 20, 1, 2, 0, '24000', '9000', '7500'),
(63, 54, 20, 2, 2, 0, '27600', '9000', '7500'),
(64, 54, 21, 2, 5, 0, '19400', '9000', '7500'),
(65, 54, 16, 2, 3, 0, '17400', '9000', '7500'),
(66, 54, 17, 2, 2, 0, '16400', '9000', '7500'),
(67, 55, 17, 1, 2, 0, '15000', '9000', '7500'),
(68, 55, 16, 1, 3, 0, '16400', '9000', '7500'),
(69, 55, 21, 1, 5, 0, '18900', '9000', '7500'),
(70, 55, 20, 1, 2, 0, '27000', '9000', '7500'),
(71, 56, 17, 1, 2, 0, '14700', '9000', '7500'),
(72, 56, 16, 1, 3, 0, '16000', '9000', '7500'),
(73, 56, 21, 1, 5, 0, '18600', '9000', '7500'),
(74, 56, 20, 1, 2, 0, '26500', '9000', '7500'),
(75, 57, 20, 1, 2, 0, '23250', '9000', '7500'),
(76, 57, 21, 1, 5, 0, '16950', '9000', '7500'),
(77, 57, 16, 1, 3, 0, '15000', '9000', '7500'),
(78, 57, 17, 1, 2, 0, '13850', '9000', '7500'),
(79, 58, 17, 2, 2, 0, '23950', '9000', '7500'),
(80, 58, 16, 2, 3, 0, '25950', '9000', '7500'),
(81, 58, 21, 2, 5, 0, '29950', '9000', '7500'),
(82, 58, 20, 2, 2, 0, '48500', '9000', '7500'),
(83, 59, 20, 1, 2, 0, '44500', '9000', '7500'),
(84, 59, 21, 1, 5, 0, '27900', '9000', '7500'),
(85, 59, 16, 1, 3, 0, '24500', '9000', '7500'),
(86, 59, 17, 1, 2, 0, '23000', '9000', '7500'),
(87, 60, 17, 1, 2, 0, '22500', '9000', '7500'),
(88, 60, 16, 1, 3, 0, '24200', '9000', '7500'),
(89, 60, 21, 1, 5, 0, '27400', '9000', '7500'),
(90, 60, 20, 1, 2, 0, '43500', '9000', '7500'),
(91, 61, 20, 1, 2, 0, '27900', '9000', '7500'),
(92, 61, 21, 1, 5, 0, '19600', '9000', '7500'),
(93, 61, 16, 1, 3, 0, '16990', '9000', '7500'),
(94, 61, 17, 1, 2, 0, '15600', '9000', '7500'),
(99, 63, 17, 4, 2, 0, '28000', '11000', '8000'),
(100, 63, 16, 4, 3, 0, '30500', '11000', '8000'),
(101, 63, 21, 4, 5, 0, '35000', '10000', '8000'),
(102, 63, 20, 4, 2, 0, '55000', '11000', '8000'),
(103, 62, 21, 3, 5, 0, '44500', '11000', '8000'),
(104, 62, 16, 3, 3, 0, '39000', '11000', '8000'),
(105, 62, 17, 3, 2, 0, '35800', '11000', '8000'),
(106, 62, 20, 3, 2, 0, '73000', '11000', '8000'),
(107, 64, 17, 1, 2, 0, '19750', '11000', '8000'),
(108, 64, 16, 1, 3, 0, '22250', '11000', '8000'),
(109, 64, 21, 1, 5, 0, '26750', '11000', '8000'),
(110, 64, 20, 1, 2, 0, '41000', '11000', '8000'),
(111, 65, 17, 5, 2, 0, '29750', '11000', '8000'),
(112, 65, 16, 5, 3, 0, '33000', '11000', '8000'),
(113, 65, 21, 5, 5, 0, '37750', '11000', '8000'),
(114, 65, 20, 5, 2, 0, '60000', '10998', '8000'),
(115, 66, 17, 6, 2, 0, '72000', '11000', '8000'),
(116, 66, 16, 6, 3, 0, '80000', '11000', '8000'),
(117, 66, 21, 6, 5, 0, '99900', '11000', '8000'),
(118, 67, 17, 7, 2, 0, '62600', '11000', '8000'),
(119, 67, 16, 7, 3, 0, '72000', '11000', '8000'),
(120, 67, 21, 7, 5, 0, '89900', '11000', '8000'),
(121, 68, 17, 8, 2, 0, '47750', '11000', '8000'),
(122, 68, 16, 8, 3, 0, '54000', '11000', '8000'),
(123, 68, 21, 8, 5, 0, '66950', '11000', '8000'),
(124, 69, 17, 9, 2, 0, '39900', '11000', '8000'),
(125, 69, 16, 9, 3, 0, '47000', '11000', '8000'),
(126, 69, 21, 9, 5, 0, '57500', '11000', '8000'),
(127, 70, 17, 9, 2, 0, '33000', '11000', '8000'),
(128, 70, 16, 9, 3, 0, '37750', '11000', '8000'),
(129, 70, 21, 9, 5, 0, '47500', '11000', '8000'),
(130, 71, 17, 9, 2, 0, '32500', '11000', '8000'),
(131, 71, 16, 9, 3, 0, '39500', '11000', '8000'),
(132, 71, 21, 9, 5, 0, '32500', '11000', '8000'),
(133, 72, 17, 1, 2, 0, '25000', '11000', '8000'),
(134, 72, 16, 1, 3, 0, '29000', '11000', '8000'),
(135, 72, 21, 1, 5, 0, '36900', '11000', '8000'),
(136, 73, 17, 1, 2, 0, '21500', '11000', '8000'),
(137, 73, 16, 1, 3, 0, '26000', '11000', '8000'),
(138, 73, 21, 1, 5, 0, '31000', '11000', '8000');

-- --------------------------------------------------------

--
-- Table structure for table `program_trip_rates`
--

CREATE TABLE `program_trip_rates` (
  `id` int(11) NOT NULL,
  `programs_id` int(11) NOT NULL,
  `trip_rates_id` int(11) NOT NULL,
  `hint_ar` varchar(255) NOT NULL,
  `hint_en` varchar(255) NOT NULL
) ENGINE=InnoDB DEFAULT CHARSET=utf8;

--
-- Dumping data for table `program_trip_rates`
--

INSERT INTO `program_trip_rates` (`id`, `programs_id`, `trip_rates_id`, `hint_ar`, `hint_en`) VALUES
(2, 28, 44, '', ''),
(3, 32, 45, '', ''),
(10, 35, 45, '', ''),
(11, 35, 46, '', ''),
(12, 35, 47, '', ''),
(13, 35, 48, '', ''),
(15, 40, 45, '', ''),
(16, 40, 46, '', ''),
(17, 40, 47, '', ''),
(18, 40, 48, '', ''),
(19, 41, 45, '', ''),
(20, 41, 46, '', ''),
(21, 41, 48, '', ''),
(22, 41, 47, '', ''),
(23, 42, 45, '', ''),
(24, 42, 46, '', ''),
(25, 42, 47, '', ''),
(26, 42, 48, 'test', ''),
(27, 33, 45, '', ''),
(28, 33, 46, '', ''),
(29, 33, 47, '', ''),
(30, 33, 48, '', ''),
(31, 43, 45, '', ''),
(32, 43, 46, '', ''),
(33, 43, 47, '', ''),
(34, 43, 48, '', ''),
(35, 44, 45, '', ''),
(36, 44, 46, '', ''),
(37, 44, 47, '', ''),
(38, 44, 48, '', ''),
(39, 45, 45, '', ''),
(40, 45, 46, '', ''),
(41, 45, 47, '', ''),
(42, 45, 48, '', ''),
(43, 46, 45, '', ''),
(44, 46, 46, '', ''),
(45, 46, 47, '', ''),
(46, 46, 48, '', ''),
(47, 47, 45, '', ''),
(48, 47, 46, '', ''),
(49, 47, 47, '', ''),
(50, 47, 48, '', ''),
(51, 48, 45, 'الاسراء و المعراج', ''),
(52, 48, 46, '', ''),
(53, 48, 47, '', ''),
(54, 48, 48, '', ''),
(55, 49, 45, 'الاسراء و المعراج', ''),
(56, 49, 46, '', ''),
(57, 49, 47, '', ''),
(58, 49, 48, '', ''),
(59, 50, 49, '', ''),
(60, 51, 49, '', ''),
(61, 52, 49, '', ''),
(62, 53, 49, '', ''),
(63, 54, 50, '', ''),
(64, 55, 50, '', ''),
(65, 56, 50, '', ''),
(66, 57, 50, '', ''),
(67, 58, 52, '', ''),
(68, 59, 52, '', ''),
(69, 60, 52, '', ''),
(70, 61, 52, '', ''),
(71, 62, 53, '', ''),
(72, 63, 53, '', ''),
(73, 64, 53, '', ''),
(74, 65, 53, '', ''),
(75, 66, 54, '', ''),
(76, 67, 54, '', ''),
(77, 68, 54, '', ''),
(78, 69, 54, '', ''),
(79, 70, 54, '', ''),
(80, 71, 54, '', ''),
(81, 72, 54, '', ''),
(82, 73, 54, '', '');

-- --------------------------------------------------------

--
-- Table structure for table `reservation_limit`
--

CREATE TABLE `reservation_limit` (
  `id` int(11) NOT NULL,
  `branches_id` int(11) NOT NULL,
  `number` int(11) NOT NULL,
  `date` date NOT NULL
) ENGINE=InnoDB DEFAULT CHARSET=utf8;

--
-- Dumping data for table `reservation_limit`
--

INSERT INTO `reservation_limit` (`id`, `branches_id`, `number`, `date`) VALUES
(1, 0, 21, '2017-02-27'),
(2, 25, 4, '2017-03-22');

-- --------------------------------------------------------

--
-- Table structure for table `search_query`
--

CREATE TABLE `search_query` (
  `id` int(11) NOT NULL,
  `query` varchar(255) NOT NULL
) ENGINE=InnoDB DEFAULT CHARSET=utf8;

--
-- Dumping data for table `search_query`
--

INSERT INTO `search_query` (`id`, `query`) VALUES
(1, 'main_categories_id=6&sub_categories_id=7&price=ASC&from_to=82&period=0'),
(2, 'main_categories_id=6&sub_categories_id=7&price=ASC&from_to=82&period=0'),
(3, 'main_categories_id=6&sub_categories_id=7&price=ASC&from_to=0&period=0'),
(4, 'main_categories_id=6&sub_categories_id=7&price=ASC&from_to=0&period=0'),
(5, 'main_categories_id=6&sub_categories_id=7&price=ASC&from_to=0&period=0'),
(6, 'main_categories_id=6&sub_categories_id=7&price=ASC&from_to=82&period=2-7'),
(7, 'main_categories_id=6&sub_categories_id=7&price=ASC&from_to=82&period=2-7'),
(8, 'main_categories_id=6&sub_categories_id=7&price=ASC'),
(9, 'main_categories_id=6&sub_categories_id=7&price=ASC&from_to=82&period=2-7'),
(10, 'main_categories_id=6&sub_categories_id=7&price=ASC&from_to=82'),
(11, 'main_categories_id=6&sub_categories_id=7&price=ASC'),
(12, 'main_categories_id=6&sub_categories_id=7&price=ASC&from_to=82&period=1'),
(13, 'main_categories_id=6&sub_categories_id=7&price=ASC&from_to=82&period=1'),
(14, 'main_categories_id=6&sub_categories_id=7&price=ASC'),
(15, 'main_categories_id=6&sub_categories_id=7&price=ASC&from_to=&period='),
(16, 'main_categories_id=6&sub_categories_id=7&price=ASC&from_to=&period='),
(17, 'main_categories_id=6&sub_categories_id=7&price=ASC&from_to=&period='),
(18, 'main_categories_id=6&sub_categories_id=7&price=ASC&from_to=&period='),
(19, 'main_categories_id=6&sub_categories_id=7&sort_type=price_start_from&sort_value=ASC&going_from_id=82&period=2'),
(20, 'main_categories_id=6&sub_categories_id=7&sort_type=price_start_from&sort_value=ASC&going_from_id=82&period=2'),
(21, 'main_categories_id=6&sub_categories_id=7&sort_type=price_start_from&sort_value=ASC&going_from_id=82&period=2'),
(22, 'main_categories_id=6&sub_categories_id=7&sort_type=price_start_from&sort_value=ASC&going_from_id=82&period=2'),
(23, 'main_categories_id=6&sub_categories_id=7&sort_type=price_start_from&sort_value=ASC&going_from_id=&period='),
(24, 'main_categories_id=6&sub_categories_id=7&sort_type=price_start_from&sort_value=ASC&going_from_id=&period='),
(25, 'main_categories_id=6&sub_categories_id=11&sort_type=price_start_from&sort_value=ASC&going_from_id=82&period=3'),
(26, 'main_categories_id=6&sub_categories_id=11&sort_type=price_start_from&sort_value=ASC&going_from_id=82&period=3'),
(27, 'main_categories_id=6&sub_categories_id=7&sort_type=price_start_from&sort_value=ASC&going_from_id=&period='),
(28, 'main_categories_id=6&sub_categories_id=7&sort_type=price_start_from&sort_value=ASC&going_from_id=&period='),
(29, 'main_categories_id=6&sub_categories_id=7&sort_type=price_start_from&sort_value=ASC&going_from_id=&period='),
(30, 'main_categories_id=6&sub_categories_id=7&sort_type=price_start_from&sort_value=ASC&going_from_id=&period='),
(31, 'main_categories_id=6&sub_categories_id=7&sort_type=price_start_from&sort_value=ASC&going_from_id=&period='),
(32, 'main_categories_id=6&sub_categories_id=7&sort_type=price_start_from&sort_value=ASC&going_from_id=&period='),
(33, 'main_categories_id=6&sub_categories_id=7&sort_type=price_start_from&sort_value=DESC&going_from_id=82&period=1'),
(34, 'main_categories_id=6&sub_categories_id=7&sort_type=price_start_from&sort_value=DESC&going_from_id=82&period=1'),
(35, 'main_categories_id=6&sub_categories_id=7&sort_value=ASC&going_from_id=82&period=1'),
(36, 'main_categories_id=6&sub_categories_id=7&sort_value=ASC&going_from_id=82&period=1'),
(37, 'main_categories_id=6&sub_categories_id=7&sort_value=ASC&going_from_id=&period='),
(38, 'main_categories_id=6&sub_categories_id=7&sort_value=ASC&going_from_id=&period='),
(39, 'main_categories_id=6&sub_categories_id=7&sort_value=ASC&going_from_id=&period='),
(40, 'main_categories_id=6&sub_categories_id=7&sort_value=ASC&going_from_id=&period='),
(41, 'main_categories_id=6&sub_categories_id=7&sort_value=ASC&going_from_id=&period='),
(42, 'main_categories_id=6&sub_categories_id=7&sort_value=ASC&going_from_id=&period='),
(43, 'main_categories_id=6&sub_categories_id=10&sort_value=ASC&going_from_id=&period='),
(44, 'main_categories_id=6&sub_categories_id=10&sort_value=ASC&going_from_id=&period='),
(45, 'main_categories_id=6&sub_categories_id=7&sort_value=ASC&going_from_id=&period='),
(46, 'main_categories_id=6&sub_categories_id=7&sort_value=ASC&going_from_id=&period='),
(47, 'main_categories_id=6&sub_categories_id=7&sort_value=DESC&going_from_id=82&period=1'),
(48, 'main_categories_id=6&sub_categories_id=7&sort_value=DESC&going_from_id=82&period=1'),
(49, 'main_categories_id=6&sub_categories_id=7&sort_value=DESC&going_from_id=82&period=1'),
(50, 'main_categories_id=6&sub_categories_id=7&sort_value=DESC&going_from_id=82&period=1'),
(51, 'main_categories_id=6&sub_categories_id=0&sort_value=DESC&going_from_id=82&period='),
(52, 'main_categories_id=6&sub_categories_id=0&sort_value=DESC&going_from_id=82&period='),
(53, 'main_categories_id=6&sub_categories_id=0&sort_value=DESC&going_from_id=&period='),
(54, 'main_categories_id=6&sub_categories_id=0&sort_value=DESC&going_from_id=&period='),
(55, 'main_categories_id=6&sub_categories_id=0&sort_value=DESC&going_from_id=&period='),
(56, 'main_categories_id=6&sub_categories_id=0&sort_value=DESC&going_from_id=&period='),
(57, 'main_categories_id=6&sub_categories_id=0&sort_value=DESC&going_from_id=&period='),
(58, 'main_categories_id=6&sub_categories_id=0&sort_value=DESC&going_from_id=&period='),
(59, 'main_categories_id=6&sub_categories_id=0&sort_value=DESC&going_from_id=&period='),
(60, 'main_categories_id=6&sub_categories_id=0&sort_value=DESC&going_from_id=&period='),
(61, 'main_categories_id=6&sub_categories_id=0&sort_value=ASC&going_from_id=&period='),
(62, 'main_categories_id=6&sub_categories_id=0&sort_value=ASC&going_from_id=&period='),
(63, 'main_categories_id=6&sub_categories_id=7&sort_value=ASC&going_from_id=0&period=0'),
(64, 'main_categories_id=6&sub_categories_id=7&sort_value=ASC&going_from_id=0&period=0'),
(65, 'main_categories_id=6&sub_categories_id=7&sort_value=ASC&going_from_id=0&period=0'),
(66, 'main_categories_id=6&sub_categories_id=7&sort_value=ASC&going_from_id=0&period=0'),
(67, 'main_categories_id=6&sub_categories_id=7&sort_value=ASC&going_from_id=0&period=0'),
(68, 'main_categories_id=6&sub_categories_id=7&sort_value=ASC&going_from_id=0&period=0'),
(69, 'main_categories_id=6&sub_categories_id=8&sort_value=DESC&going_from_id=82&period=1'),
(70, 'main_categories_id=6&sub_categories_id=8&sort_value=DESC&going_from_id=82&period=1'),
(71, 'main_categories_id=6&sub_categories_id=7&sort_value=DESC&going_from_id=82&period=0'),
(72, 'main_categories_id=6&sub_categories_id=7&sort_value=DESC&going_from_id=82&period=0'),
(73, 'main_categories_id=6&sub_categories_id=7&sort_value=ASC&going_from_id=0&period=0'),
(74, 'main_categories_id=6&sub_categories_id=7&sort_value=ASC&going_from_id=0&period=0'),
(75, 'main_categories_id=6&sub_categories_id=7&sort_value=ASC&going_from_id=0&period=0'),
(76, 'main_categories_id=6&sub_categories_id=7&sort_value=ASC&going_from_id=0&period=0'),
(77, 'main_categories_id=6&sub_categories_id=7&sort_value=ASC&going_from_id=0&period=0'),
(78, 'main_categories_id=6&sub_categories_id=7&sort_value=ASC&going_from_id=0&period=0'),
(79, 'main_categories_id=6&sub_categories_id=7&sort_value=ASC&going_from_id=0&period=0'),
(80, 'main_categories_id=6&sub_categories_id=7&sort_value=ASC&going_from_id=0&period=0'),
(81, 'main_categories_id=6&sub_categories_id=7&sort_value=ASC&going_from_id=0&period=0'),
(82, 'main_categories_id=6&sub_categories_id=7&sort_value=ASC&going_from_id=0&period=0'),
(83, 'main_categories_id=6&sub_categories_id=0&sort_value=ASC&going_from_id=0&period=0'),
(84, 'main_categories_id=6&sub_categories_id=0&sort_value=ASC&going_from_id=0&period=0'),
(85, 'main_categories_id=6&sub_categories_id=0&sort_value=ASC&going_from_id=0&period=0'),
(86, 'main_categories_id=6&sub_categories_id=0&sort_value=ASC&going_from_id=0&period=0'),
(87, 'main_categories_id=6&sort_value=ASC'),
(88, 'main_categories_id=6&sort_value=ASC'),
(89, 'main_categories_id=6&sort_value=ASC&going_from_id=82'),
(90, 'main_categories_id=6&sort_value=ASC&going_from_id=82'),
(91, 'main_categories_id=6&sort_value=ASC&going_from_id=82'),
(92, 'main_categories_id=6&sort_value=ASC&going_from_id=82'),
(93, 'main_categories_id=6&sort_value=ASC'),
(94, 'main_categories_id=6&sort_value=ASC'),
(95, 'main_categories_id=6&sort_value=ASC'),
(96, 'main_categories_id=6&sort_value=ASC'),
(97, 'main_categories_id=6&sort_value=ASC'),
(98, 'main_categories_id=6&sort_value=ASC'),
(99, 'main_categories_id=6&sort_value=ASC'),
(100, 'main_categories_id=6&sort_value=ASC'),
(101, 'main_categories_id=6&sort_value=ASC'),
(102, 'main_categories_id=6&sort_value=ASC'),
(103, 'main_categories_id=6&sort_value=ASC'),
(104, 'main_categories_id=6&sort_value=ASC'),
(105, 'main_categories_id=6&sort_value=ASC'),
(106, 'main_categories_id=6&sort_value=ASC'),
(107, 'main_categories_id=6&sort_value=ASC'),
(108, 'main_categories_id=6&sort_value=ASC'),
(109, 'main_categories_id=6&sort_value=DESC&period=1'),
(110, 'main_categories_id=6&sort_value=DESC&period=1'),
(111, 'main_categories_id=6&sub_categories_id=8&sort_type=price_start_from&sort_value=ASC'),
(112, 'main_categories_id=6&sub_categories_id=8&sort_type=price_start_from&sort_value=ASC'),
(113, 'main_categories_id=6&sort_type=price_start_from&sort_value=ASC'),
(114, 'main_categories_id=6&sort_type=price_start_from&sort_value=ASC'),
(115, 'main_categories_id=6&sort_type=price_start_from&sort_value=DESC'),
(116, 'main_categories_id=6&sort_type=price_start_from&sort_value=DESC'),
(117, 'main_categories_id=6&sort_type=price_start_from&sort_value=DESC'),
(118, 'main_categories_id=6&sort_type=price_start_from&sort_value=DESC'),
(119, 'main_categories_id=6&sort_type=price_start_from&sort_value=DESC&period=1'),
(120, 'main_categories_id=6&sort_type=price_start_from&sort_value=DESC&period=1'),
(121, 'main_categories_id=6&sort_type=price_start_from&sort_value=DESC&period=1'),
(122, 'main_categories_id=6&sort_type=price_start_from&sort_value=DESC&period=1'),
(123, 'main_categories_id=6&sort_type=price_start_from&sort_value=DESC&period=3'),
(124, 'main_categories_id=6&sort_type=price_start_from&sort_value=DESC&period=3'),
(125, 'main_categories_id=6&sort_type=period&sort_value=3'),
(126, 'main_categories_id=6&sort_type=period&sort_value=3'),
(127, 'main_categories_id=6&sort_type=period&sort_value=3'),
(128, 'main_categories_id=6&sort_type=period&sort_value=3'),
(129, 'main_categories_id=6&sort_type=period&sort_value=2'),
(130, 'main_categories_id=6&sort_type=period&sort_value=2'),
(131, 'main_categories_id=6&sort_type=period&sort_value=2'),
(132, 'main_categories_id=6&sort_type=period&sort_value=2'),
(133, 'main_categories_id=6&sort_type_price=price_start_from&sort_value_price=ASC&sort_type_period=period&sort_value_period=1'),
(134, 'main_categories_id=6&sort_type_price=price_start_from&sort_value_price=ASC&sort_type_period=period&sort_value_period=1'),
(135, 'main_categories_id=6&sort_type=price_start_from&sort_value=ASC&period=2'),
(136, 'main_categories_id=6&sort_type=price_start_from&sort_value=ASC&period=2'),
(137, 'main_categories_id=6&sort_type=price_start_from&sort_value=ASC&period=3'),
(138, 'main_categories_id=6&sort_type=price_start_from&sort_value=ASC&period=3'),
(139, 'main_categories_id=6&sort_type=price_start_from&sort_value=ASC&period=3'),
(140, 'main_categories_id=6&sort_type=price_start_from&sort_value=ASC&period=3'),
(141, 'main_categories_id=6&sort_type=price_start_from&sort_value=ASC&period=2'),
(142, 'main_categories_id=6&sort_type=price_start_from&sort_value=ASC&period=2'),
(143, 'main_categories_id=6&sort_type=price_start_from&sort_value=ASC&period=3'),
(144, 'main_categories_id=6&sort_type=price_start_from&sort_value=ASC&period=3'),
(145, 'main_categories_id=6&sort_type=price_start_from&sort_value=ASC&period=2'),
(146, 'main_categories_id=6&sort_type=price_start_from&sort_value=ASC&period=2'),
(147, 'main_categories_id=6&sort_type=price_start_from&sort_value=ASC&period=2'),
(148, 'main_categories_id=6&sort_type=price_start_from&sort_value=ASC&period=2'),
(149, 'main_categories_id=6&sort_type=price_start_from&sort_value=ASC&going_from_id=82'),
(150, 'main_categories_id=6&sort_type=price_start_from&sort_value=ASC&going_from_id=82'),
(151, 'main_categories_id=6&sub_categories_id=10&sort_type=price_start_from&sort_value=DESC&going_from_id=77&period=2'),
(152, 'main_categories_id=6&sub_categories_id=10&sort_type=price_start_from&sort_value=DESC&going_from_id=77&period=2'),
(153, 'main_categories_id=6&sort_type=price_start_from&sort_value=DESC&going_from_id=77&period=3'),
(154, 'main_categories_id=6&sort_type=price_start_from&sort_value=DESC&going_from_id=77&period=3'),
(155, 'main_categories_id=6&sub_categories_id=10&sort_type=price_start_from&sort_value=DESC&going_from_id=77'),
(156, 'main_categories_id=6&sub_categories_id=10&sort_type=price_start_from&sort_value=DESC&going_from_id=77'),
(157, 'main_categories_id=6&sub_categories_id=10&sort_type=price_start_from&sort_value=DESC&going_from=77'),
(158, 'main_categories_id=6&sub_categories_id=10&sort_type=price_start_from&sort_value=DESC&going_from=77'),
(159, 'main_categories_id=6&sub_categories_id=10&sort_type=price_start_from&sort_value=DESC'),
(160, 'main_categories_id=6&sub_categories_id=10&sort_type=price_start_from&sort_value=DESC'),
(161, 'main_categories_id=6&sub_categories_id=10&sort_type=price_start_from&sort_value=DESC&going_from_id=77'),
(162, 'main_categories_id=6&sub_categories_id=10&sort_type=price_start_from&sort_value=DESC&going_from_id=77');

-- --------------------------------------------------------

--
-- Table structure for table `settings`
--

CREATE TABLE `settings` (
  `id` int(11) NOT NULL,
  `site_title_ar` varchar(150) NOT NULL,
  `site_phone` varchar(150) NOT NULL,
  `site_email` varchar(150) NOT NULL,
  `site_language` varchar(120) NOT NULL DEFAULT 'arabic',
  `site_address_ar` varchar(255) NOT NULL,
  `about_us` text NOT NULL,
  `site_keywords_ar` varchar(255) NOT NULL,
  `site_desc_ar` text NOT NULL,
  `site_contacts` text NOT NULL,
  `site_title_en` varchar(255) NOT NULL,
  `site_address_en` varchar(255) NOT NULL,
  `site_desc_en` varchar(255) NOT NULL,
  `site_keywords_en` varchar(255) NOT NULL,
  `terms_ar` text NOT NULL,
  `terms_en` text NOT NULL,
  `egy_code` varchar(20) NOT NULL,
  `usa_code` varchar(20) NOT NULL,
  `visa_price_cost` decimal(10,0) NOT NULL,
  `visa_price_profit` decimal(10,0) NOT NULL,
  `visa_currency_id` int(11) NOT NULL
) ENGINE=InnoDB DEFAULT CHARSET=utf8;

--
-- Dumping data for table `settings`
--

INSERT INTO `settings` (`id`, `site_title_ar`, `site_phone`, `site_email`, `site_language`, `site_address_ar`, `about_us`, `site_keywords_ar`, `site_desc_ar`, `site_contacts`, `site_title_en`, `site_address_en`, `site_desc_en`, `site_keywords_en`, `terms_ar`, `terms_en`, `egy_code`, `usa_code`, `visa_price_cost`, `visa_price_profit`, `visa_currency_id`) VALUES
(1, 'ناشيونال إيجيبت للسياحة', '01110775588', 'a.mohsen@mv-is.com', 'arabic', ' 35 عمارات العبور - صلاح سالم - القاهرة', '', 'عمرة, حج,سياحة,مصر,مكة,المدينةالمسجد الحرام,المسجدالنبوي,مناسك العمرة,مناسك الحج,الحج السياحى,حج القرعة,الداخلية,التضامن,قرعة الحج,', 'ناشيونال إيجيبت للسياحة افضل شركة سياحة دينية فى مصر بخبرة اكثر من 20 عاما و خدمة اكثر من 100 الف عميل\r\n', '{"facebook":"https:\\/\\/www.facebook.com\\/%D9%84%D8%A8%D9%8A%D9%83-%D8%AD%D8%AC%D8%A7-%D9%88%D8%B9%D9%85%D8%B1%D9%87-142945722521799\\/","twitter":"aaa","instagram":"aaa","google":"aaa","linkedin":"aaa","youtube":"https:\\/\\/www.youtube.com\\/channel\\/UCBo50ssmErxweuPtZivzB5w"}', 'National Bureau Of Egypt', '35 El Obour Buildings,  Salah Saleem St. Cairo', 'National Bureau Of Egypt is the best religious tourism company in Egypt with more than 20 years experience and serving more than 100,000 customers\r\n', 'Umrah', '', '', 'EG', 'USA', '200', '200', 11);

-- --------------------------------------------------------

--
-- Table structure for table `sightseeing`
--

CREATE TABLE `sightseeing` (
  `id` int(11) NOT NULL,
  `this_order` int(11) NOT NULL,
  `countries_id` int(11) NOT NULL,
  `cities_id` int(11) NOT NULL,
  `title_ar` varchar(255) NOT NULL,
  `title_en` varchar(255) NOT NULL,
  `image` varchar(255) NOT NULL,
  `body_ar` text NOT NULL,
  `body_en` text NOT NULL,
  `desc_ar` text NOT NULL,
  `desc_en` text NOT NULL,
  `keywords_ar` text NOT NULL,
  `keywords_en` text NOT NULL,
  `created_at` timestamp NOT NULL DEFAULT CURRENT_TIMESTAMP,
  `created_by` int(11) NOT NULL,
  `active` tinyint(1) NOT NULL
) ENGINE=InnoDB DEFAULT CHARSET=utf8;

--
-- Dumping data for table `sightseeing`
--

INSERT INTO `sightseeing` (`id`, `this_order`, `countries_id`, `cities_id`, `title_ar`, `title_en`, `image`, `body_ar`, `body_en`, `desc_ar`, `desc_en`, `keywords_ar`, `keywords_en`, `created_at`, `created_by`, `active`) VALUES
(1, 1, 72, 74, 'مكة المكرمة', 'asdsad', 's_524767_hajj_wallpaper_72-other.jpg', 'أم القرى، بها ولد نبي الإسلام محمد صلى الله عليه وسلم، وفي أحد جبالها نزل عليه الوحي، وفي قلبها المسجد الحرام، أعظم مسجد في الإسلام، تتوسطه الكعبة المشرفة قبلة المسلمين.\r\nالموقع\r\nتقع مكة المكرمة غرب المملكة العربية السعودية، وتبعد عن المدينة المنورة حوالي 400 كيلومتر في الاتجاه الجنوبي الغربي، وعن مدينة الطائف حوالي 120 كيلومترا في الاتجاه الشرقي، وعن العاصمة الاقتصادية جدة 72 كيلومترا.\r\nوهي في منطقة جبلية جرداء، ليس فيها شجر ولا ثمر عند تقاطع درجتي العرض 25/21 شمالا، والطول 49/39 شرقا، ضمن إقليم تهامة غرب شبه الجزيرة العربية على بعد 80 كلم من البحر الأحمر ضمن تشكيلات الدرع العربي الذي تتكون جباله من صخور متحولة، وصخور جوفية اندساسية، وصخور غرانيتية.\r\nوبين جبالها أودية تغطيها ترسبات الحصى والرمل، ومعظم هذه الأودية التي تتشكل منها مكة تتبع في تكوينها حركات الصدوع والانكسارات التي مرت بالدرع العربي خلال الأزمنة الجيولوجية القديمة.\r\nتبلغ مساحة مدينة مكة حوالي 850 كيلومترا منها 88 مأهولة بالسكان، وتبلغ مساحة المنطقة المركزية المحيطة بالمسجد الحرام المتربع وسط المدينة حوالي ستة كيلومترات، ويبلغ ارتفاعها عن مستوى سطح البحر حوالي 277 مترًا.', 'أم القرى، بها ولد نبي الإسلام محمد صلى الله عليه وسلم، وفي أحد جبالها نزل عليه الوحي، وفي قلبها المسجد الحرام، أعظم مسجد في الإسلام، تتوسطه الكعبة المشرفة قبلة المسلمين.\r\nالموقع\r\nتقع مكة المكرمة غرب المملكة العربية السعودية، وتبعد عن المدينة المنورة حوالي 400 كيلومتر في الاتجاه الجنوبي الغربي، وعن مدينة الطائف حوالي 120 كيلومترا في الاتجاه الشرقي، وعن العاصمة الاقتصادية جدة 72 كيلومترا.\r\nوهي في منطقة جبلية جرداء، ليس فيها شجر ولا ثمر عند تقاطع درجتي العرض 25/21 شمالا، والطول 49/39 شرقا، ضمن إقليم تهامة غرب شبه الجزيرة العربية على بعد 80 كلم من البحر الأحمر ضمن تشكيلات الدرع العربي الذي تتكون جباله من صخور متحولة، وصخور جوفية اندساسية، وصخور غرانيتية.\r\nوبين جبالها أودية تغطيها ترسبات الحصى والرمل، ومعظم هذه الأودية التي تتشكل منها مكة تتبع في تكوينها حركات الصدوع والانكسارات التي مرت بالدرع العربي خلال الأزمنة الجيولوجية القديمة.\r\nتبلغ مساحة مدينة مكة حوالي 850 كيلومترا منها 88 مأهولة بالسكان، وتبلغ مساحة المنطقة المركزية المحيطة بالمسجد الحرام المتربع وسط المدينة حوالي ستة كيلومترات، ويبلغ ارتفاعها عن مستوى سطح البحر حوالي 277 مترًا.', 'أم القرى، بها ولد نبي الإسلام محمد صلى الله عليه وسلم، وفي أحد جبالها نزل عليه الوحي، وفي قلبها المسجد الحرام، أعظم مسجد في الإسلام، تتوسطه الكعبة المشرفة قبلة المسلمين.', 'dsadasd', '', '', '2017-04-09 15:50:35', 0, 1),
(2, 2, 72, 75, 'asdsa', 'dasdsad', 's_866712_blog2.jpg', 'asdsadasd', 'asdasdasdsad', 'sadasd', 'asdsad', '', '', '2017-04-09 15:51:01', 0, 1);

-- --------------------------------------------------------

--
-- Table structure for table `sightseeing_slider`
--

CREATE TABLE `sightseeing_slider` (
  `id` int(11) NOT NULL,
  `sightseeing_id` int(11) NOT NULL,
  `image` varchar(255) NOT NULL
) ENGINE=InnoDB DEFAULT CHARSET=utf8;

--
-- Dumping data for table `sightseeing_slider`
--

INSERT INTO `sightseeing_slider` (`id`, `sightseeing_id`, `image`) VALUES
(3, 31, 's_102806_about1.jpg'),
(4, 31, 's_92465_beach2.jpg'),
(9, 2, 's_794869_about.jpg'),
(10, 2, 's_746064_beach.jpg'),
(11, 1, 's_928378_01-masdijalharam.jpg'),
(12, 1, 's_208854_3e997f91b85518e62680959b0a48cbf0.jpg'),
(13, 1, 's_73596_3f8d526898775a57d3e2842a664f2a82.jpg'),
(14, 1, 's_124599_9ed10_ramadan2015_kaaba_omra-hajj-family-cheap-long-stay-rmadan-month-holy-10-3-2015-makkah-hajj-omraAXMTX0.jpg'),
(15, 1, 's_498445_1280x960.jpg');

-- --------------------------------------------------------

--
-- Table structure for table `subscribe`
--

CREATE TABLE `subscribe` (
  `id` int(11) NOT NULL,
  `email` varchar(255) NOT NULL
) ENGINE=InnoDB DEFAULT CHARSET=utf8;

--
-- Dumping data for table `subscribe`
--

INSERT INTO `subscribe` (`id`, `email`) VALUES
(25, 'aa@aa.com'),
(26, 'aa@sdfsasdasdasddf.com'),
(27, 'asdsad@asdsadsa.com'),
(28, 'asadasdasdsa@aaaaa.com'),
(29, 'mr.success70@yahoo.comba7bekantywbs'),
(30, 'aa@sdfsasdasdasddf.co');

-- --------------------------------------------------------

--
-- Table structure for table `transportation`
--

CREATE TABLE `transportation` (
  `id` int(11) NOT NULL,
  `title_ar` varchar(255) NOT NULL,
  `title_en` varchar(255) NOT NULL,
  `price_cost` decimal(10,2) NOT NULL,
  `price_profit` decimal(11,0) NOT NULL,
  `currency_id` int(11) NOT NULL,
  `active` tinyint(1) NOT NULL DEFAULT '1'
) ENGINE=InnoDB DEFAULT CHARSET=utf8;

-- --------------------------------------------------------

--
-- Table structure for table `transportation_rates_prices`
--

CREATE TABLE `transportation_rates_prices` (
  `id` int(11) NOT NULL,
  `transportation_id` int(11) NOT NULL,
  `from_date` date NOT NULL,
  `to_date` date NOT NULL,
  `price_cost` decimal(10,0) NOT NULL,
  `price_profit` decimal(10,0) NOT NULL,
  `currency_id` int(11) NOT NULL
) ENGINE=InnoDB DEFAULT CHARSET=utf8;

--
-- Dumping data for table `transportation_rates_prices`
--

INSERT INTO `transportation_rates_prices` (`id`, `transportation_id`, `from_date`, `to_date`, `price_cost`, `price_profit`, `currency_id`) VALUES
(1, 0, '2017-04-22', '2017-04-13', '0', '0', 2),
(2, 1, '2017-04-22', '2017-04-29', '200', '1000', 2);

-- --------------------------------------------------------

--
-- Table structure for table `travel_way`
--

CREATE TABLE `travel_way` (
  `id` int(11) NOT NULL,
  `title_ar` varchar(255) DEFAULT NULL,
  `title_en` varchar(255) NOT NULL,
  `active` int(11) NOT NULL,
  `branches_id` int(11) NOT NULL,
  `created_by` int(11) NOT NULL,
  `is_deleted` int(11) NOT NULL,
  `deleted_by` int(11) NOT NULL
) ENGINE=InnoDB DEFAULT CHARSET=utf8;

--
-- Dumping data for table `travel_way`
--

INSERT INTO `travel_way` (`id`, `title_ar`, `title_en`, `active`, `branches_id`, `created_by`, `is_deleted`, `deleted_by`) VALUES
(5, 'قطر', '', 1, 25, 97, 0, 0),
(6, 'طيران', '', 1, 25, 97, 0, 0),
(7, 'أتوبيس', '', 1, 25, 105, 0, 0),
(8, 'باص ', '', 1, 25, 104, 0, 0);

-- --------------------------------------------------------

--
-- Table structure for table `trip_rates`
--

CREATE TABLE `trip_rates` (
  `id` int(11) NOT NULL,
  `going_from` int(11) NOT NULL,
  `going_to` int(11) NOT NULL,
  `return_from` int(11) NOT NULL,
  `return_to` int(11) NOT NULL,
  `going_date` date NOT NULL,
  `return_date` date NOT NULL,
  `no_of_travellers` int(11) NOT NULL,
  `no_of_travellers_reserved` int(11) NOT NULL,
  `trip_type` tinyint(1) NOT NULL COMMENT '1:collective,2:individual',
  `active` int(11) NOT NULL
) ENGINE=InnoDB DEFAULT CHARSET=utf8;

--
-- Dumping data for table `trip_rates`
--

INSERT INTO `trip_rates` (`id`, `going_from`, `going_to`, `return_from`, `return_to`, `going_date`, `return_date`, `no_of_travellers`, `no_of_travellers_reserved`, `trip_type`, `active`) VALUES
(7, 16, 30, 30, 16, '2017-03-09', '2017-06-09', 100, 82, 1, 1),
(9, 16, 32, 32, 16, '2016-11-28', '2017-01-30', 20, 10, 1, 1),
(10, 16, 32, 32, 16, '2016-12-31', '2016-12-12', 40, 205, 1, 1),
(11, 16, 32, 32, 16, '2016-12-08', '2017-03-18', 50, 0, 1, 1),
(12, 16, 32, 32, 16, '2017-01-05', '2017-01-10', 20, 2, 1, 1),
(13, 16, 42, 42, 16, '2017-01-08', '2017-01-12', 18, 4, 1, 1),
(15, 16, 43, 43, 42, '2016-12-15', '2016-12-17', 35, 0, 1, 1),
(16, 16, 32, 32, 16, '2016-12-23', '2016-12-27', 20, 0, 1, 1),
(17, 16, 30, 30, 16, '2017-01-03', '2017-01-05', 30, 0, 1, 1),
(18, 16, 30, 30, 16, '2016-12-20', '2016-12-22', 25, 19, 1, 1),
(19, 16, 42, 42, 16, '2016-12-20', '2016-12-23', 20, 3, 1, 1),
(20, 16, 42, 42, 16, '2016-12-20', '2016-12-23', 80, 2, 1, 1),
(21, 16, 32, 32, 16, '2017-02-14', '2017-02-17', 90, 0, 1, 1),
(22, 16, 30, 30, 16, '2016-12-27', '2017-01-05', 85, 0, 1, 1),
(23, 16, 43, 43, 16, '2016-12-18', '2016-12-20', 70, 3, 1, 1),
(24, 16, 32, 32, 16, '2016-12-25', '2016-12-28', 55, 4, 1, 1),
(25, 16, 46, 46, 16, '2017-01-17', '2017-01-19', 40, 1, 1, 1),
(26, 16, 47, 47, 16, '2017-01-29', '2016-12-27', 70, 9, 1, 1),
(27, 16, 42, 42, 16, '2017-01-29', '2017-02-15', 20, 4, 1, 1),
(28, 16, 32, 32, 16, '2017-01-13', '2017-01-18', 20, 0, 1, 1),
(29, 16, 32, 32, 16, '2017-02-01', '2017-02-05', 10, 9, 1, 1),
(30, 16, 16, 16, 16, '2017-03-03', '2017-04-04', 222, 7, 1, 1),
(31, 0, 0, 0, 0, '0000-00-00', '2017-01-03', 0, 0, 1, 0),
(32, 16, 16, 16, 16, '2017-01-28', '2017-01-31', 36, 0, 1, 1),
(33, 16, 16, 16, 16, '2017-01-28', '2017-01-31', 66666, 0, 1, 1),
(34, 16, 16, 16, 16, '2017-01-28', '2017-01-20', 0, 0, 2, 1),
(35, 16, 16, 16, 16, '2017-01-21', '2017-01-28', 0, 0, 2, 1),
(36, 16, 16, 16, 16, '2017-01-14', '2017-01-06', 0, 0, 2, 0),
(37, 16, 16, 16, 16, '2017-01-14', '2017-01-06', 0, 0, 2, 0),
(38, 16, 16, 16, 16, '2017-01-14', '2017-01-06', 0, 0, 2, 0),
(39, 16, 16, 16, 16, '2017-01-14', '2017-01-06', 0, 0, 2, 1),
(40, 58, 58, 58, 58, '2017-03-03', '2017-04-04', 0, 0, 2, 1),
(41, 16, 16, 16, 16, '2017-05-12', '2017-06-09', 0, 0, 2, 1),
(45, 77, 75, 73, 77, '2017-04-22', '2017-05-01', 45, 18, 1, 1),
(46, 77, 75, 73, 77, '2017-04-29', '2017-05-08', 45, 0, 1, 1),
(47, 77, 75, 73, 77, '2017-05-06', '2017-05-15', 45, 2, 1, 1),
(48, 77, 75, 73, 77, '2017-05-13', '2017-05-22', 45, 0, 1, 1),
(49, 77, 75, 73, 77, '2017-05-22', '2017-05-31', 45, 0, 1, 1),
(50, 77, 73, 75, 77, '2017-05-23', '2017-06-01', 45, 0, 1, 1),
(52, 77, 75, 73, 77, '2017-05-27', '2017-06-05', 45, 0, 1, 1),
(53, 77, 75, 73, 77, '2017-06-11', '2017-06-26', 45, 0, 1, 1),
(54, 77, 75, 73, 77, '2017-06-11', '2017-06-25', 45, 3, 1, 1);

-- --------------------------------------------------------

--
-- Table structure for table `users`
--

CREATE TABLE `users` (
  `id` int(10) NOT NULL,
  `groups_id` int(10) NOT NULL,
  `username` varchar(255) NOT NULL,
  `password` varchar(255) NOT NULL,
  `address` varchar(150) NOT NULL,
  `email` varchar(50) NOT NULL,
  `phone` varchar(20) NOT NULL,
  `last_login_datetime` datetime NOT NULL,
  `created_at` timestamp NOT NULL DEFAULT CURRENT_TIMESTAMP,
  `created_by` int(11) NOT NULL,
  `companies_id` int(11) NOT NULL,
  `branches_id` int(11) NOT NULL,
  `active` tinyint(1) NOT NULL DEFAULT '1'
) ENGINE=InnoDB DEFAULT CHARSET=utf8;

--
-- Dumping data for table `users`
--

INSERT INTO `users` (`id`, `groups_id`, `username`, `password`, `address`, `email`, `phone`, `last_login_datetime`, `created_at`, `created_by`, `companies_id`, `branches_id`, `active`) VALUES
(141, 1, 'walid', '4297f44b13955235245b2497399d7a93', 'aaaaa', 'travlla@travlla.com', '000', '0000-00-00 00:00:00', '2017-03-21 12:09:57', 97, 58, 57, 1);

-- --------------------------------------------------------

--
-- Table structure for table `video_gallery`
--

CREATE TABLE `video_gallery` (
  `id` int(11) NOT NULL,
  `title_ar` varchar(255) NOT NULL,
  `title_en` varchar(255) NOT NULL,
  `image` varchar(255) NOT NULL,
  `url` varchar(255) NOT NULL,
  `active` tinyint(1) NOT NULL DEFAULT '1'
) ENGINE=InnoDB DEFAULT CHARSET=utf8;

--
-- Dumping data for table `video_gallery`
--

INSERT INTO `video_gallery` (`id`, `title_ar`, `title_en`, `image`, `url`, `active`) VALUES
(2, 'sadas', 'dasdasdsssss', 's_971983_bg-image12.jpg', 'xqReCiJ_UOM', 1),
(3, 'aaaa', 'aaaa', 's_100426_beach.jpg', 'xqReCiJ_UOM', 1);

--
-- Indexes for dumped tables
--

--
-- Indexes for table `about_us`
--
ALTER TABLE `about_us`
  ADD PRIMARY KEY (`id`);

--
-- Indexes for table `advantages_images`
--
ALTER TABLE `advantages_images`
  ADD PRIMARY KEY (`id`);

--
-- Indexes for table `airlines`
--
ALTER TABLE `airlines`
  ADD PRIMARY KEY (`id`);

--
-- Indexes for table `companies`
--
ALTER TABLE `companies`
  ADD PRIMARY KEY (`id`),
  ADD KEY `FK_branches_admins` (`created_by`);

--
-- Indexes for table `countries`
--
ALTER TABLE `countries`
  ADD PRIMARY KEY (`id`);

--
-- Indexes for table `currency`
--
ALTER TABLE `currency`
  ADD PRIMARY KEY (`id`);

--
-- Indexes for table `flight_bookings`
--
ALTER TABLE `flight_bookings`
  ADD PRIMARY KEY (`id`);

--
-- Indexes for table `flight_bookings_dates`
--
ALTER TABLE `flight_bookings_dates`
  ADD PRIMARY KEY (`id`);

--
-- Indexes for table `groups`
--
ALTER TABLE `groups`
  ADD PRIMARY KEY (`id`);

--
-- Indexes for table `guests`
--
ALTER TABLE `guests`
  ADD PRIMARY KEY (`id`);

--
-- Indexes for table `hotels_advantages`
--
ALTER TABLE `hotels_advantages`
  ADD PRIMARY KEY (`id`);

--
-- Indexes for table `hotels_chalets_others_prices`
--
ALTER TABLE `hotels_chalets_others_prices`
  ADD PRIMARY KEY (`id`);

--
-- Indexes for table `hotels_extra_services`
--
ALTER TABLE `hotels_extra_services`
  ADD PRIMARY KEY (`id`);

--
-- Indexes for table `hotels_reservation`
--
ALTER TABLE `hotels_reservation`
  ADD PRIMARY KEY (`id`);

--
-- Indexes for table `hotels_reservation_extra_services`
--
ALTER TABLE `hotels_reservation_extra_services`
  ADD PRIMARY KEY (`id`);

--
-- Indexes for table `hotels_reservation_persons`
--
ALTER TABLE `hotels_reservation_persons`
  ADD PRIMARY KEY (`id`);

--
-- Indexes for table `hotels_reservation_rooms_prices`
--
ALTER TABLE `hotels_reservation_rooms_prices`
  ADD PRIMARY KEY (`id`);

--
-- Indexes for table `hotels_reservation_rooms_prices_dates`
--
ALTER TABLE `hotels_reservation_rooms_prices_dates`
  ADD PRIMARY KEY (`id`);

--
-- Indexes for table `hotel_advantages`
--
ALTER TABLE `hotel_advantages`
  ADD PRIMARY KEY (`id`);

--
-- Indexes for table `hotel_contract`
--
ALTER TABLE `hotel_contract`
  ADD PRIMARY KEY (`id`),
  ADD KEY `hotel_id` (`hotel_id`);

--
-- Indexes for table `hotel_extra_services`
--
ALTER TABLE `hotel_extra_services`
  ADD PRIMARY KEY (`id`);

--
-- Indexes for table `hotel_room_meals`
--
ALTER TABLE `hotel_room_meals`
  ADD PRIMARY KEY (`id`);

--
-- Indexes for table `hotel_room_types`
--
ALTER TABLE `hotel_room_types`
  ADD PRIMARY KEY (`id`);

--
-- Indexes for table `hotel_room_views`
--
ALTER TABLE `hotel_room_views`
  ADD PRIMARY KEY (`id`);

--
-- Indexes for table `maka_madina_hotels`
--
ALTER TABLE `maka_madina_hotels`
  ADD PRIMARY KEY (`id`);

--
-- Indexes for table `maka_madina_hotels_advantages`
--
ALTER TABLE `maka_madina_hotels_advantages`
  ADD PRIMARY KEY (`id`);

--
-- Indexes for table `maka_madina_hotels_childs_politics`
--
ALTER TABLE `maka_madina_hotels_childs_politics`
  ADD PRIMARY KEY (`id`);

--
-- Indexes for table `maka_madina_hotels_rates`
--
ALTER TABLE `maka_madina_hotels_rates`
  ADD PRIMARY KEY (`id`);

--
-- Indexes for table `Maka_madina_hotels_rooms_childs_infants_max`
--
ALTER TABLE `Maka_madina_hotels_rooms_childs_infants_max`
  ADD PRIMARY KEY (`id`);

--
-- Indexes for table `maka_madina_hotels_rooms_prices`
--
ALTER TABLE `maka_madina_hotels_rooms_prices`
  ADD PRIMARY KEY (`id`),
  ADD KEY `room_type_id` (`hotel_room_types_id`),
  ADD KEY `hotel_rooms_id` (`hotel_room_types_id`);

--
-- Indexes for table `maka_madina_hotels_rooms_prices_dates`
--
ALTER TABLE `maka_madina_hotels_rooms_prices_dates`
  ADD PRIMARY KEY (`id`);

--
-- Indexes for table `maka_madina_hotels_slider`
--
ALTER TABLE `maka_madina_hotels_slider`
  ADD PRIMARY KEY (`id`);

--
-- Indexes for table `meals`
--
ALTER TABLE `meals`
  ADD PRIMARY KEY (`id`);

--
-- Indexes for table `pages`
--
ALTER TABLE `pages`
  ADD PRIMARY KEY (`id`);

--
-- Indexes for table `photo_gallery`
--
ALTER TABLE `photo_gallery`
  ADD PRIMARY KEY (`id`);

--
-- Indexes for table `plan_your_trip_flight_bookings`
--
ALTER TABLE `plan_your_trip_flight_bookings`
  ADD PRIMARY KEY (`id`);

--
-- Indexes for table `plan_your_trip_maka_madina_hotels`
--
ALTER TABLE `plan_your_trip_maka_madina_hotels`
  ADD PRIMARY KEY (`id`);

--
-- Indexes for table `plan_your_trip_maka_madina_hotels_rooms`
--
ALTER TABLE `plan_your_trip_maka_madina_hotels_rooms`
  ADD PRIMARY KEY (`id`);

--
-- Indexes for table `plan_your_trip_payment_data`
--
ALTER TABLE `plan_your_trip_payment_data`
  ADD PRIMARY KEY (`id`);

--
-- Indexes for table `plan_your_trip_reservation`
--
ALTER TABLE `plan_your_trip_reservation`
  ADD PRIMARY KEY (`id`);

--
-- Indexes for table `plan_your_trip_travellers`
--
ALTER TABLE `plan_your_trip_travellers`
  ADD PRIMARY KEY (`id`);

--
-- Indexes for table `programs`
--
ALTER TABLE `programs`
  ADD PRIMARY KEY (`id`);

--
-- Indexes for table `programs_advantages`
--
ALTER TABLE `programs_advantages`
  ADD PRIMARY KEY (`id`);

--
-- Indexes for table `programs_extra_services`
--
ALTER TABLE `programs_extra_services`
  ADD PRIMARY KEY (`id`);

--
-- Indexes for table `programs_flight`
--
ALTER TABLE `programs_flight`
  ADD PRIMARY KEY (`id`);

--
-- Indexes for table `programs_levels`
--
ALTER TABLE `programs_levels`
  ADD PRIMARY KEY (`id`);

--
-- Indexes for table `programs_reservations`
--
ALTER TABLE `programs_reservations`
  ADD PRIMARY KEY (`id`);

--
-- Indexes for table `programs_reservations_payment_data`
--
ALTER TABLE `programs_reservations_payment_data`
  ADD PRIMARY KEY (`id`);

--
-- Indexes for table `programs_reservations_rooms`
--
ALTER TABLE `programs_reservations_rooms`
  ADD PRIMARY KEY (`id`);

--
-- Indexes for table `programs_reservations_services`
--
ALTER TABLE `programs_reservations_services`
  ADD PRIMARY KEY (`id`);

--
-- Indexes for table `programs_seasons`
--
ALTER TABLE `programs_seasons`
  ADD PRIMARY KEY (`id`);

--
-- Indexes for table `programs_slider`
--
ALTER TABLE `programs_slider`
  ADD PRIMARY KEY (`id`);

--
-- Indexes for table `program_advantages`
--
ALTER TABLE `program_advantages`
  ADD PRIMARY KEY (`id`);

--
-- Indexes for table `program_categories`
--
ALTER TABLE `program_categories`
  ADD PRIMARY KEY (`id`);

--
-- Indexes for table `program_cities`
--
ALTER TABLE `program_cities`
  ADD PRIMARY KEY (`id`);

--
-- Indexes for table `program_extra_services`
--
ALTER TABLE `program_extra_services`
  ADD PRIMARY KEY (`id`);

--
-- Indexes for table `program_rooms_prices`
--
ALTER TABLE `program_rooms_prices`
  ADD PRIMARY KEY (`id`);

--
-- Indexes for table `program_trip_rates`
--
ALTER TABLE `program_trip_rates`
  ADD PRIMARY KEY (`id`);

--
-- Indexes for table `reservation_limit`
--
ALTER TABLE `reservation_limit`
  ADD PRIMARY KEY (`id`);

--
-- Indexes for table `search_query`
--
ALTER TABLE `search_query`
  ADD PRIMARY KEY (`id`);

--
-- Indexes for table `settings`
--
ALTER TABLE `settings`
  ADD PRIMARY KEY (`id`);

--
-- Indexes for table `sightseeing`
--
ALTER TABLE `sightseeing`
  ADD PRIMARY KEY (`id`);

--
-- Indexes for table `sightseeing_slider`
--
ALTER TABLE `sightseeing_slider`
  ADD PRIMARY KEY (`id`);

--
-- Indexes for table `subscribe`
--
ALTER TABLE `subscribe`
  ADD PRIMARY KEY (`id`);

--
-- Indexes for table `transportation`
--
ALTER TABLE `transportation`
  ADD PRIMARY KEY (`id`);

--
-- Indexes for table `transportation_rates_prices`
--
ALTER TABLE `transportation_rates_prices`
  ADD PRIMARY KEY (`id`);

--
-- Indexes for table `travel_way`
--
ALTER TABLE `travel_way`
  ADD PRIMARY KEY (`id`);

--
-- Indexes for table `trip_rates`
--
ALTER TABLE `trip_rates`
  ADD PRIMARY KEY (`id`);

--
-- Indexes for table `users`
--
ALTER TABLE `users`
  ADD PRIMARY KEY (`id`);

--
-- Indexes for table `video_gallery`
--
ALTER TABLE `video_gallery`
  ADD PRIMARY KEY (`id`);

--
-- AUTO_INCREMENT for dumped tables
--

--
-- AUTO_INCREMENT for table `about_us`
--
ALTER TABLE `about_us`
  MODIFY `id` int(11) NOT NULL AUTO_INCREMENT, AUTO_INCREMENT=2;
--
-- AUTO_INCREMENT for table `advantages_images`
--
ALTER TABLE `advantages_images`
  MODIFY `id` int(11) NOT NULL AUTO_INCREMENT, AUTO_INCREMENT=1124;
--
-- AUTO_INCREMENT for table `airlines`
--
ALTER TABLE `airlines`
  MODIFY `id` int(11) NOT NULL AUTO_INCREMENT, AUTO_INCREMENT=14;
--
-- AUTO_INCREMENT for table `companies`
--
ALTER TABLE `companies`
  MODIFY `id` int(11) NOT NULL AUTO_INCREMENT, AUTO_INCREMENT=61;
--
-- AUTO_INCREMENT for table `countries`
--
ALTER TABLE `countries`
  MODIFY `id` int(11) NOT NULL AUTO_INCREMENT, AUTO_INCREMENT=83;
--
-- AUTO_INCREMENT for table `currency`
--
ALTER TABLE `currency`
  MODIFY `id` int(11) NOT NULL AUTO_INCREMENT, AUTO_INCREMENT=12;
--
-- AUTO_INCREMENT for table `flight_bookings`
--
ALTER TABLE `flight_bookings`
  MODIFY `id` int(11) NOT NULL AUTO_INCREMENT, AUTO_INCREMENT=7;
--
-- AUTO_INCREMENT for table `flight_bookings_dates`
--
ALTER TABLE `flight_bookings_dates`
  MODIFY `id` int(11) NOT NULL AUTO_INCREMENT, AUTO_INCREMENT=440;
--
-- AUTO_INCREMENT for table `groups`
--
ALTER TABLE `groups`
  MODIFY `id` int(10) NOT NULL AUTO_INCREMENT, AUTO_INCREMENT=25;
--
-- AUTO_INCREMENT for table `guests`
--
ALTER TABLE `guests`
  MODIFY `id` int(11) NOT NULL AUTO_INCREMENT, AUTO_INCREMENT=16;
--
-- AUTO_INCREMENT for table `hotels_advantages`
--
ALTER TABLE `hotels_advantages`
  MODIFY `id` int(11) NOT NULL AUTO_INCREMENT, AUTO_INCREMENT=73;
--
-- AUTO_INCREMENT for table `hotels_chalets_others_prices`
--
ALTER TABLE `hotels_chalets_others_prices`
  MODIFY `id` int(11) NOT NULL AUTO_INCREMENT, AUTO_INCREMENT=9;
--
-- AUTO_INCREMENT for table `hotels_extra_services`
--
ALTER TABLE `hotels_extra_services`
  MODIFY `id` int(11) NOT NULL AUTO_INCREMENT, AUTO_INCREMENT=87;
--
-- AUTO_INCREMENT for table `hotels_reservation`
--
ALTER TABLE `hotels_reservation`
  MODIFY `id` int(11) NOT NULL AUTO_INCREMENT, AUTO_INCREMENT=156;
--
-- AUTO_INCREMENT for table `hotels_reservation_extra_services`
--
ALTER TABLE `hotels_reservation_extra_services`
  MODIFY `id` int(11) NOT NULL AUTO_INCREMENT, AUTO_INCREMENT=163;
--
-- AUTO_INCREMENT for table `hotels_reservation_persons`
--
ALTER TABLE `hotels_reservation_persons`
  MODIFY `id` int(11) NOT NULL AUTO_INCREMENT, AUTO_INCREMENT=205;
--
-- AUTO_INCREMENT for table `hotels_reservation_rooms_prices`
--
ALTER TABLE `hotels_reservation_rooms_prices`
  MODIFY `id` int(11) NOT NULL AUTO_INCREMENT, AUTO_INCREMENT=321;
--
-- AUTO_INCREMENT for table `hotels_reservation_rooms_prices_dates`
--
ALTER TABLE `hotels_reservation_rooms_prices_dates`
  MODIFY `id` int(11) NOT NULL AUTO_INCREMENT, AUTO_INCREMENT=341;
--
-- AUTO_INCREMENT for table `hotel_advantages`
--
ALTER TABLE `hotel_advantages`
  MODIFY `id` int(11) NOT NULL AUTO_INCREMENT, AUTO_INCREMENT=29;
--
-- AUTO_INCREMENT for table `hotel_contract`
--
ALTER TABLE `hotel_contract`
  MODIFY `id` int(11) NOT NULL AUTO_INCREMENT, AUTO_INCREMENT=37;
--
-- AUTO_INCREMENT for table `hotel_extra_services`
--
ALTER TABLE `hotel_extra_services`
  MODIFY `id` int(11) NOT NULL AUTO_INCREMENT, AUTO_INCREMENT=15;
--
-- AUTO_INCREMENT for table `hotel_room_meals`
--
ALTER TABLE `hotel_room_meals`
  MODIFY `id` int(11) NOT NULL AUTO_INCREMENT, AUTO_INCREMENT=10;
--
-- AUTO_INCREMENT for table `hotel_room_types`
--
ALTER TABLE `hotel_room_types`
  MODIFY `id` int(11) NOT NULL AUTO_INCREMENT, AUTO_INCREMENT=23;
--
-- AUTO_INCREMENT for table `hotel_room_views`
--
ALTER TABLE `hotel_room_views`
  MODIFY `id` int(11) NOT NULL AUTO_INCREMENT, AUTO_INCREMENT=14;
--
-- AUTO_INCREMENT for table `maka_madina_hotels`
--
ALTER TABLE `maka_madina_hotels`
  MODIFY `id` int(11) NOT NULL AUTO_INCREMENT, AUTO_INCREMENT=84;
--
-- AUTO_INCREMENT for table `maka_madina_hotels_advantages`
--
ALTER TABLE `maka_madina_hotels_advantages`
  MODIFY `id` int(11) NOT NULL AUTO_INCREMENT, AUTO_INCREMENT=560;
--
-- AUTO_INCREMENT for table `maka_madina_hotels_childs_politics`
--
ALTER TABLE `maka_madina_hotels_childs_politics`
  MODIFY `id` int(11) NOT NULL AUTO_INCREMENT, AUTO_INCREMENT=109;
--
-- AUTO_INCREMENT for table `maka_madina_hotels_rates`
--
ALTER TABLE `maka_madina_hotels_rates`
  MODIFY `id` int(11) NOT NULL AUTO_INCREMENT, AUTO_INCREMENT=39;
--
-- AUTO_INCREMENT for table `Maka_madina_hotels_rooms_childs_infants_max`
--
ALTER TABLE `Maka_madina_hotels_rooms_childs_infants_max`
  MODIFY `id` int(11) NOT NULL AUTO_INCREMENT;
--
-- AUTO_INCREMENT for table `maka_madina_hotels_rooms_prices`
--
ALTER TABLE `maka_madina_hotels_rooms_prices`
  MODIFY `id` int(11) NOT NULL AUTO_INCREMENT, AUTO_INCREMENT=126;
--
-- AUTO_INCREMENT for table `maka_madina_hotels_rooms_prices_dates`
--
ALTER TABLE `maka_madina_hotels_rooms_prices_dates`
  MODIFY `id` int(11) NOT NULL AUTO_INCREMENT, AUTO_INCREMENT=7348;
--
-- AUTO_INCREMENT for table `maka_madina_hotels_slider`
--
ALTER TABLE `maka_madina_hotels_slider`
  MODIFY `id` int(11) NOT NULL AUTO_INCREMENT, AUTO_INCREMENT=749;
--
-- AUTO_INCREMENT for table `meals`
--
ALTER TABLE `meals`
  MODIFY `id` int(11) NOT NULL AUTO_INCREMENT, AUTO_INCREMENT=6;
--
-- AUTO_INCREMENT for table `pages`
--
ALTER TABLE `pages`
  MODIFY `id` int(11) NOT NULL AUTO_INCREMENT, AUTO_INCREMENT=63;
--
-- AUTO_INCREMENT for table `photo_gallery`
--
ALTER TABLE `photo_gallery`
  MODIFY `id` int(11) NOT NULL AUTO_INCREMENT, AUTO_INCREMENT=6;
--
-- AUTO_INCREMENT for table `plan_your_trip_flight_bookings`
--
ALTER TABLE `plan_your_trip_flight_bookings`
  MODIFY `id` int(11) NOT NULL AUTO_INCREMENT, AUTO_INCREMENT=141;
--
-- AUTO_INCREMENT for table `plan_your_trip_maka_madina_hotels`
--
ALTER TABLE `plan_your_trip_maka_madina_hotels`
  MODIFY `id` int(11) NOT NULL AUTO_INCREMENT, AUTO_INCREMENT=163;
--
-- AUTO_INCREMENT for table `plan_your_trip_maka_madina_hotels_rooms`
--
ALTER TABLE `plan_your_trip_maka_madina_hotels_rooms`
  MODIFY `id` int(11) NOT NULL AUTO_INCREMENT, AUTO_INCREMENT=180;
--
-- AUTO_INCREMENT for table `plan_your_trip_payment_data`
--
ALTER TABLE `plan_your_trip_payment_data`
  MODIFY `id` int(11) NOT NULL AUTO_INCREMENT, AUTO_INCREMENT=21;
--
-- AUTO_INCREMENT for table `plan_your_trip_reservation`
--
ALTER TABLE `plan_your_trip_reservation`
  MODIFY `id` int(11) NOT NULL AUTO_INCREMENT, AUTO_INCREMENT=154;
--
-- AUTO_INCREMENT for table `plan_your_trip_travellers`
--
ALTER TABLE `plan_your_trip_travellers`
  MODIFY `id` int(11) NOT NULL AUTO_INCREMENT, AUTO_INCREMENT=440;
--
-- AUTO_INCREMENT for table `programs`
--
ALTER TABLE `programs`
  MODIFY `id` int(11) NOT NULL AUTO_INCREMENT, AUTO_INCREMENT=74;
--
-- AUTO_INCREMENT for table `programs_advantages`
--
ALTER TABLE `programs_advantages`
  MODIFY `id` int(11) NOT NULL AUTO_INCREMENT, AUTO_INCREMENT=1919;
--
-- AUTO_INCREMENT for table `programs_extra_services`
--
ALTER TABLE `programs_extra_services`
  MODIFY `id` int(11) NOT NULL AUTO_INCREMENT, AUTO_INCREMENT=75;
--
-- AUTO_INCREMENT for table `programs_flight`
--
ALTER TABLE `programs_flight`
  MODIFY `id` int(11) NOT NULL AUTO_INCREMENT, AUTO_INCREMENT=37;
--
-- AUTO_INCREMENT for table `programs_levels`
--
ALTER TABLE `programs_levels`
  MODIFY `id` int(11) NOT NULL AUTO_INCREMENT, AUTO_INCREMENT=8;
--
-- AUTO_INCREMENT for table `programs_reservations`
--
ALTER TABLE `programs_reservations`
  MODIFY `id` int(11) NOT NULL AUTO_INCREMENT, AUTO_INCREMENT=85;
--
-- AUTO_INCREMENT for table `programs_reservations_payment_data`
--
ALTER TABLE `programs_reservations_payment_data`
  MODIFY `id` int(11) NOT NULL AUTO_INCREMENT, AUTO_INCREMENT=3;
--
-- AUTO_INCREMENT for table `programs_reservations_rooms`
--
ALTER TABLE `programs_reservations_rooms`
  MODIFY `id` int(11) NOT NULL AUTO_INCREMENT, AUTO_INCREMENT=72;
--
-- AUTO_INCREMENT for table `programs_reservations_services`
--
ALTER TABLE `programs_reservations_services`
  MODIFY `id` int(11) NOT NULL AUTO_INCREMENT, AUTO_INCREMENT=91;
--
-- AUTO_INCREMENT for table `programs_seasons`
--
ALTER TABLE `programs_seasons`
  MODIFY `id` int(11) NOT NULL AUTO_INCREMENT, AUTO_INCREMENT=4;
--
-- AUTO_INCREMENT for table `programs_slider`
--
ALTER TABLE `programs_slider`
  MODIFY `id` int(11) NOT NULL AUTO_INCREMENT, AUTO_INCREMENT=254;
--
-- AUTO_INCREMENT for table `program_advantages`
--
ALTER TABLE `program_advantages`
  MODIFY `id` int(11) NOT NULL AUTO_INCREMENT, AUTO_INCREMENT=29;
--
-- AUTO_INCREMENT for table `program_categories`
--
ALTER TABLE `program_categories`
  MODIFY `id` int(11) NOT NULL AUTO_INCREMENT, AUTO_INCREMENT=27;
--
-- AUTO_INCREMENT for table `program_cities`
--
ALTER TABLE `program_cities`
  MODIFY `id` int(11) NOT NULL AUTO_INCREMENT, AUTO_INCREMENT=89;
--
-- AUTO_INCREMENT for table `program_extra_services`
--
ALTER TABLE `program_extra_services`
  MODIFY `id` int(11) NOT NULL AUTO_INCREMENT, AUTO_INCREMENT=38;
--
-- AUTO_INCREMENT for table `program_rooms_prices`
--
ALTER TABLE `program_rooms_prices`
  MODIFY `id` int(11) NOT NULL AUTO_INCREMENT, AUTO_INCREMENT=139;
--
-- AUTO_INCREMENT for table `program_trip_rates`
--
ALTER TABLE `program_trip_rates`
  MODIFY `id` int(11) NOT NULL AUTO_INCREMENT, AUTO_INCREMENT=83;
--
-- AUTO_INCREMENT for table `reservation_limit`
--
ALTER TABLE `reservation_limit`
  MODIFY `id` int(11) NOT NULL AUTO_INCREMENT, AUTO_INCREMENT=3;
--
-- AUTO_INCREMENT for table `search_query`
--
ALTER TABLE `search_query`
  MODIFY `id` int(11) NOT NULL AUTO_INCREMENT, AUTO_INCREMENT=163;
--
-- AUTO_INCREMENT for table `settings`
--
ALTER TABLE `settings`
  MODIFY `id` int(11) NOT NULL AUTO_INCREMENT, AUTO_INCREMENT=2;
--
-- AUTO_INCREMENT for table `sightseeing`
--
ALTER TABLE `sightseeing`
  MODIFY `id` int(11) NOT NULL AUTO_INCREMENT, AUTO_INCREMENT=3;
--
-- AUTO_INCREMENT for table `sightseeing_slider`
--
ALTER TABLE `sightseeing_slider`
  MODIFY `id` int(11) NOT NULL AUTO_INCREMENT, AUTO_INCREMENT=16;
--
-- AUTO_INCREMENT for table `subscribe`
--
ALTER TABLE `subscribe`
  MODIFY `id` int(11) NOT NULL AUTO_INCREMENT, AUTO_INCREMENT=31;
--
-- AUTO_INCREMENT for table `transportation`
--
ALTER TABLE `transportation`
  MODIFY `id` int(11) NOT NULL AUTO_INCREMENT;
--
-- AUTO_INCREMENT for table `transportation_rates_prices`
--
ALTER TABLE `transportation_rates_prices`
  MODIFY `id` int(11) NOT NULL AUTO_INCREMENT, AUTO_INCREMENT=3;
--
-- AUTO_INCREMENT for table `travel_way`
--
ALTER TABLE `travel_way`
  MODIFY `id` int(11) NOT NULL AUTO_INCREMENT, AUTO_INCREMENT=9;
--
-- AUTO_INCREMENT for table `trip_rates`
--
ALTER TABLE `trip_rates`
  MODIFY `id` int(11) NOT NULL AUTO_INCREMENT, AUTO_INCREMENT=55;
--
-- AUTO_INCREMENT for table `users`
--
ALTER TABLE `users`
  MODIFY `id` int(10) NOT NULL AUTO_INCREMENT, AUTO_INCREMENT=142;
--
-- AUTO_INCREMENT for table `video_gallery`
--
ALTER TABLE `video_gallery`
  MODIFY `id` int(11) NOT NULL AUTO_INCREMENT, AUTO_INCREMENT=4;
/*!40101 SET CHARACTER_SET_CLIENT=@OLD_CHARACTER_SET_CLIENT */;
/*!40101 SET CHARACTER_SET_RESULTS=@OLD_CHARACTER_SET_RESULTS */;
/*!40101 SET COLLATION_CONNECTION=@OLD_COLLATION_CONNECTION */;
